_id,input,predicted_answer,question,max_new_tokens,answer_prefix,dataset,task,length,language,answers,all_classes
fc6267db9ba02bbb251960231bc87251c581110e4e2b5f3f,Which case was brought to court first Miller v. California or Gates v. Collier ?, Miller v. California,"Question: Which case was brought to court first Miller v. California or Gates v. Collier ?
",32,Answer:,hotpotqa,hotpotqa,8616,en,['Miller v. California'],
d542fcd45bbf5112eee9127f04ae060a887c8ef2050aa160,"The actor that plays Phileas Fogg in ""Around the World in 80 Days"", co-starred with Gary Cooper in a 1939 Goldwyn Productions film based on a novel by what author?", Charles L. Clifford,"Question: The actor that plays Phileas Fogg in ""Around the World in 80 Days"", co-starred with Gary Cooper in a 1939 Goldwyn Productions film based on a novel by what author?
",32,Answer:,hotpotqa,hotpotqa,11525,en,['Charles L. Clifford'],
cb9214532284b8202912b1b75592832daef0b109593185a0,"Prior to playing for Michigan State, Keith Nichol played football for a school located in what city?", Lowell,"Question: Prior to playing for Michigan State, Keith Nichol played football for a school located in what city?
",32,Answer:,hotpotqa,hotpotqa,11935,en,['Norman'],
105e7f4d337799315ddf870acc4ff2a62a1e6cdf489086cd,Gary L. Bennett was a part of the space missions that have a primary destination of what celestial body?, Jupiter,"Question: Gary L. Bennett was a part of the space missions that have a primary destination of what celestial body?
",32,Answer:,hotpotqa,hotpotqa,11879,en,['Sun'],
5ff08452b84748458e71d82a6d387599969311fd61cd8fd1,Was Atom Egoyans biggest commercial success on stage or on film?, on film,"Question: Was Atom Egoyans biggest commercial success on stage or on film?
",32,Answer:,hotpotqa,hotpotqa,9865,en,['erotic thriller film'],
97b31d6d7a9137c220726ad51a6dca3e957e2c94ce5e65b8,Celebrity Fifteen to One has had more than one appearance by an English writer and former Conservative Member of what?, Parliament,"Question: Celebrity Fifteen to One has had more than one appearance by an English writer and former Conservative Member of what?
",32,Answer:,hotpotqa,hotpotqa,10034,en,['Parliament'],
11a7ad9d646184c16480376226d58f1b2754b095563c8344,Thirukkalacherry is a village in which Indian town?, Mayiladuthurai,"Question: Thirukkalacherry is a village in which Indian town?
",32,Answer:,hotpotqa,hotpotqa,9438,en,['Tharangambadi'],
3dd1ade26fd583844dd2af051d61eb20856ccc8e23abae59,"Which is a flowering plant, Pueraria or Pleiospilos?", Pleiospilos,"Question: Which is a flowering plant, Pueraria or Pleiospilos?
",32,Answer:,hotpotqa,hotpotqa,1267,en,['Pleiospilos'],
f039fe9cc81a0a312f9899beca2fe26b710bf8c3aa23a4d9,After Russell D. Moore served at the Southern Baptist Theological Seminary he became the President of The Ethics & Religious Liberty Commission (ERLC) in what year?, 2013,"Question: After Russell D. Moore served at the Southern Baptist Theological Seminary he became the President of The Ethics & Religious Liberty Commission (ERLC) in what year?
",32,Answer:,hotpotqa,hotpotqa,7877,en,['2013'],
a30caa5dafcc37835bfe4093f129017adf4c814e9016e10d,"For which band, was the female member of Fitz and The Tantrums, the front woman for ten years ?", The Rebirth,"Question: For which band, was the female member of Fitz and The Tantrums, the front woman for ten years ?
",32,Answer:,hotpotqa,hotpotqa,6021,en,['The Rebirth'],
72feb2a8e5b92548a357bfc11e94050464f93f1ce286418c,"When was the American singer, songwriter, record producer, dancer and actress born who's second studio album is Chapter II?"," October 13, 1980","Question: When was the American singer, songwriter, record producer, dancer and actress born who's second studio album is Chapter II?
",32,Answer:,hotpotqa,hotpotqa,12090,en,"['October 13, 1980']",
77439b0a62b6de3a022b1d7a5678c1c00fa8d9af42fea1bf,The Greatest Event in Television History aired on the channel that was founded by whom?, Cartoon Network,"Question: The Greatest Event in Television History aired on the channel that was founded by whom?
",32,Answer:,hotpotqa,hotpotqa,11381,en,['Betty Cohen'],
21bc398556b5612bf0437043cd2800e943bab5929c4bccc5,Who starred in her final film role in the 1964 film directed by the man who also did Vera Cruz and Kiss Me Deadly?, Mary Astor,"Question: Who starred in her final film role in the 1964 film directed by the man who also did Vera Cruz and Kiss Me Deadly?
",32,Answer:,hotpotqa,hotpotqa,11127,en,['Mary Astor'],
e0998dbc2db68c7b18adff7fcc67081acc865c974b721312,Finally includes the song that peaked at what on the US Hot 100, number five,"Question: Finally includes the song that peaked at what on the US Hot 100
",32,Answer:,hotpotqa,hotpotqa,6961,en,['number five'],
139d2fcf8763003414ebd0187eb30b94930de13c4ab754a0,What are some other areas that share a common deer species with the forests of Mara and Mondrem?, The other areas that share a common deer species with the forests of Mara and Mondrem are the Forests of Macclesfield and Wirral.,"Question: What are some other areas that share a common deer species with the forests of Mara and Mondrem?
",32,Answer:,hotpotqa,hotpotqa,11852,en,"['New Zealand, Canada, the United States, the Falkland Islands, and Peru.']",
c261ca6aeaf366815232e91db1ef4dc8408cec3750c38ee9,"Professional cyclist Sara Symington competed in which Olympic Games held in Sydeney, Australia?", 2000,"Question: Professional cyclist Sara Symington competed in which Olympic Games held in Sydeney, Australia?
",32,Answer:,hotpotqa,hotpotqa,8651,en,['2000 Summer Olympic Games'],
ab016faac478c4acc6e9ed3ed87f9e29dbed47fd946be244,Which retired Argentine footballer who played as a forward was a main player for Valencia CF?, Claudio López,"Question: Which retired Argentine footballer who played as a forward was a main player for Valencia CF?
",32,Answer:,hotpotqa,hotpotqa,4109,en,['Claudio Javier López'],
cae319fad2385d30d79efac0fb61e58518fbdc0703be3b0f,What actor was also a president that Richard Darman worked with when they were in office?, Ronald Reagan,"Question: What actor was also a president that Richard Darman worked with when they were in office?
",32,Answer:,hotpotqa,hotpotqa,12697,en,['George H. W. Bush'],
e4df9576e5cd102024e81baf94a43325335d0ba2d8892041,"The song that came out ahead of The Wanted's ""Lightning"" on the UK Singles Chart was featured on which album?", Talk That Talk,"Question: The song that came out ahead of The Wanted's ""Lightning"" on the UK Singles Chart was featured on which album?
",32,Answer:,hotpotqa,hotpotqa,10290,en,"['""Talk That Talk""']",
5e3362de0244d2b96c83958c4d3229151999292c369b0197,Name a member of a British-American supergroup who recored a version of Nobody's child in 1990, The Traveling Wilburys,"Question: Name a member of a British-American supergroup who recored a version of Nobody's child in 1990
",32,Answer:,hotpotqa,hotpotqa,11185,en,['Bob Dylan'],
fda38e0c47dcd2b4f1de4adefeb00ab431221c0ef9adeb31,"What Friday night programming block included what collective series that includes ""Whatever Happened to... Robot Jones?""?", Cartoon Cartoon Fridays,"Question: What Friday night programming block included what collective series that includes ""Whatever Happened to... Robot Jones?""?
",32,Answer:,hotpotqa,hotpotqa,8020,en,['Cartoon Cartoon Fridays'],
ef245cc27251f559f3cd900c11c7bf9f303eec3c4b346802,Where does the city situated where Kellyville Ridge is located?," Sydney, in the state of New South Wales, Australia.","Question: Where does the city situated where Kellyville Ridge is located?
",32,Answer:,hotpotqa,hotpotqa,9946,en,['on the Cumberland Plain'],
3a75aba6bc2496016339474aef28ffdc9dbebdc00ccc166b,"Oak Beach, New York and Great South Bay are both situated between what same island?", Jones Beach Island.,"Question: Oak Beach, New York and Great South Bay are both situated between what same island?
",32,Answer:,hotpotqa,hotpotqa,3766,en,['Long Island'],
3dc3db870ea907282d3160c597c4d618ae6ba2a6bdd712bb,Who is a guest in the final two episodes of season eighteen of South Park?, PewDiePie,"Question: Who is a guest in the final two episodes of season eighteen of South Park?
",32,Answer:,hotpotqa,hotpotqa,8462,en,['PewDiePie'],
26a5366c80c3a569c474a3990f3383beb125d34149e8ed3e,Robbie Tucker plays in what series that follows a group of friends who run an Irish bar?, It's Always Sunny in Philadelphia,"Question: Robbie Tucker plays in what series that follows a group of friends who run an Irish bar?
",32,Answer:,hotpotqa,hotpotqa,10483,en,"[""It's Always Sunny in Philadelphia""]",
6eafb48c7a974b5097cb4752eb3853dbac8f622173d24e44,"High School Confidential, an eight part documentary followed twelve high school teenagers from a high school in Overland Park, Kansas that ranked what in the 2009 Newsweek ranking of the top 1,500 high schools in the United States?"," 1,000","Question: High School Confidential, an eight part documentary followed twelve high school teenagers from a high school in Overland Park, Kansas that ranked what in the 2009 Newsweek ranking of the top 1,500 high schools in the United States?
",32,Answer:,hotpotqa,hotpotqa,6361,en,['#364'],
1ceb1c91662d241b3421853112a91b5868d1b81fe3b88ce4,The large subunit and small subunit that use two types of RNA are major components that make up what?, Ribosomes,"Question: The large subunit and small subunit that use two types of RNA are major components that make up what?
",32,Answer:,hotpotqa,hotpotqa,11209,en,['Ribosomes'],
7e525340152c2f4b26d7fba85c680dde7b75af77356a7c22,"Whiich genus has more species, Dracula or Pistacia?", Dracula,"Question: Whiich genus has more species, Dracula or Pistacia?
",32,Answer:,hotpotqa,hotpotqa,5903,en,['Dracula'],
b6352c61b4a748448ce38882861cd5ae5f7f2869a81e92a1,Band-e-Amir Dragons is named after the lakes in which Afghan national park?, Band-e Amir National Park.,"Question: Band-e-Amir Dragons is named after the lakes in which Afghan national park?
",32,Answer:,hotpotqa,hotpotqa,2045,en,['Band-e Amir National Park'],
4b83e873a551cd83a2e409d2b4467f74dd332326fcbca843,The 1958 Pro Bowl was played at the California stadium that is the home for which college?, USC,"Question: The 1958 Pro Bowl was played at the California stadium that is the home for which college?
",32,Answer:,hotpotqa,hotpotqa,11886,en,['University of Southern California'],
cb677158d6f710ab0cb440b2024cc61c942a1ea4a963087d,Yau Ma Tei North is a district of a city with how many citizens?," 12,817","Question: Yau Ma Tei North is a district of a city with how many citizens?
",32,Answer:,hotpotqa,hotpotqa,12070,en,['7.2 million'],
4b1df711ec0557b9df23de534c1ce99b7f37528f643b8c29,Spider9 was founded in 2011 by the head of which subsidiary of Wanxiang Group?, A123 Systems,"Question: Spider9 was founded in 2011 by the head of which subsidiary of Wanxiang Group?
",32,Answer:,hotpotqa,hotpotqa,10275,en,"['A123 Systems, LLC']",
02c6e6b95d2a200df20bea7495469c79b1d89ed560890ee3,What is the population of the city at which the transmitter of WLLZ-LP was placed? , Traverse City,"Question: What is the population of the city at which the transmitter of WLLZ-LP was placed? 
",32,Answer:,hotpotqa,hotpotqa,9811,en,"['143,372']",
3056e292ff1583fe84207873be57c6ec28c28b425087ca84,Charles Haughey held what position when he dissolved the list of members who were elected to the lower house of the Oireachtas of Ireland on 25 May 1989?, Taoiseach,"Question: Charles Haughey held what position when he dissolved the list of members who were elected to the lower house of the Oireachtas of Ireland on 25 May 1989?
",32,Answer:,hotpotqa,hotpotqa,11339,en,['Taoiseach of Ireland'],
9729ff4cf6a13382c88896cf5a5b176d082cc1137c66b38b,"What city, located in Lincoln County, Montana, United States, is Vegepet based in?"," None of the given passages mention Vegepet being based in a city in Lincoln County, Montana.","Question: What city, located in Lincoln County, Montana, United States, is Vegepet based in?
",32,Answer:,hotpotqa,hotpotqa,9385,en,"['Troy, Montana']",
220230ff5154e6f0ccad63965d06ce69a9226bd72cc32fa4,McLaren MP4/11 was driven by what Finnish former professional racing driver, Mika Häkkinen,"Question: McLaren MP4/11 was driven by what Finnish former professional racing driver
",32,Answer:,hotpotqa,hotpotqa,11830,en,['Mika Häkkinen'],
01aff89f9ce55470c12450b595c268a225a638582dac204f,Which of the movie which has Rich Lee 3-D previsualizations was directed by Francis Lawrence?, Minority Report,"Question: Which of the movie which has Rich Lee 3-D previsualizations was directed by Francis Lawrence?
",32,Answer:,hotpotqa,hotpotqa,11091,en,['Constantine'],
b785963089bd7f81ee294751c688af85bfe2863dba623373,Who choreographed one who is said to be the last muse for the choreographer and starred in the Nutcracker?, Darci Kistler,"Question: Who choreographed one who is said to be the last muse for the choreographer and starred in the Nutcracker?
",32,Answer:,hotpotqa,hotpotqa,9169,en,['George Balanchine'],
72a769d6d0fd1c5c90974e60ab97e88e6853b9115a7fb85e,Which utility holding company did Alfred A. Marcus work as a consultant?, Xcel Energy,"Question: Which utility holding company did Alfred A. Marcus work as a consultant?
",32,Answer:,hotpotqa,hotpotqa,11865,en,['Xcel Energy Inc.'],
207efa55e96afdf705e48bc57b58fc8232bb972a47073d50,"Which film was released first, Summer Magic or Around the World in 80 Days?", Around the World in 80 Days,"Question: Which film was released first, Summer Magic or Around the World in 80 Days?
",32,Answer:,hotpotqa,hotpotqa,11344,en,['Summer Magic'],
ec3b5bcfa070b047c769413b99a2f32e4f5d2f803cf81a43,The physicist who is responsible for identifying the Rabi cycle won what award?, Nobel Prize in Physics,"Question: The physicist who is responsible for identifying the Rabi cycle won what award?
",32,Answer:,hotpotqa,hotpotqa,8315,en,['Nobel Prize'],
ed6c85899d2a29f6dc8e02ba62bc8f1b1043a8c135fdd132,For what type of work is the production company for The Year Without a Santa Claus best known?," Seasonal television specials, usually done in stop motion animation.","Question: For what type of work is the production company for The Year Without a Santa Claus best known?
",32,Answer:,hotpotqa,hotpotqa,11635,en,"['seasonal television specials, particularly its work in stop motion animation']",
4c34b33d7a545c4eba3848d54fc4568fdf186e849897aa6e,"Which three-time Olivier Award winning English actress starred in the 1981 BBC television serial, Sons and Lovers?", Eileen Atkins,"Question: Which three-time Olivier Award winning English actress starred in the 1981 BBC television serial, Sons and Lovers?
",32,Answer:,hotpotqa,hotpotqa,8515,en,['Dame Eileen June Atkins'],
74ae5bfc8bdac7b560ec92b71604e86654f87b8f7fcbb30a,"The historical Nimavar school in the Nimavar Bazaar, or bazar, is located in which country?", Iran,"Question: The historical Nimavar school in the Nimavar Bazaar, or bazar, is located in which country?
",32,Answer:,hotpotqa,hotpotqa,11577,en,['Iran'],
75f3798af3596cffefe8b932a00b1976f3f25fa0f42089fc,Which name adopted by African-American activist Allen Donaldson co-found Black Power movement of the 1960s and 1970s, Hakim Jamal,"Question: Which name adopted by African-American activist Allen Donaldson co-found Black Power movement of the 1960s and 1970s
",32,Answer:,hotpotqa,hotpotqa,12247,en,['Hakim Abdullah Jamal'],
eac05e5d0936f802e28b0c5081a2c2a1a94fe4f2c20cb2df,"Which person is known for playing in punk bands, Keith Morris or Rome Ramirez?", Both,"Question: Which person is known for playing in punk bands, Keith Morris or Rome Ramirez?
",32,Answer:,hotpotqa,hotpotqa,9574,en,['Keith Morris'],
1a71b5a73ffb21cb52d41e09b1f861748b60f1e59273a080,Arnold Richards was the former chair of what organization that is a member of the Center for Jewish History?, YIVO,"Question: Arnold Richards was the former chair of what organization that is a member of the Center for Jewish History?
",32,Answer:,hotpotqa,hotpotqa,6346,en,['YIVO'],
963e90eba94bba5bf5cf56755032d7bd4a3e4e225d3b8d14,When was the plaintiff in the 1892 Barbed Wire Patent Case born?, 1813,"Question: When was the plaintiff in the 1892 Barbed Wire Patent Case born?
",32,Answer:,hotpotqa,hotpotqa,7662,en,"['January 18, 1813']",
99635fd2d7a227cb3360253cf0f5759ed87bbac33593d830,"Which mountain is higher, Tongshanjiabu or Himalchuli?", Tongshanjiabu is higher.,"Question: Which mountain is higher, Tongshanjiabu or Himalchuli?
",32,Answer:,hotpotqa,hotpotqa,6717,en,"['Himalchuli has three main peaks: East (7893 m), West (7540 m) and North (7371 m)']",
76096cce081ab5b9ef72be19076ee0a79d9e9239474e8b73,When did the place in Canada where François Beaucourt (1740-1794) was mainly active acquired its present name?, 1867,"Question: When did the place in Canada where François Beaucourt (1740-1794) was mainly active acquired its present name?
",32,Answer:,hotpotqa,hotpotqa,11051,en,['1763'],
670498f9d7fd2582c5791cad2fe212f580d316fa49a8a984,"Who gave the mother of Alberic II of Spoleto the title ""patricia"" of Rome?", Pope John X,"Question: Who gave the mother of Alberic II of Spoleto the title ""patricia"" of Rome?
",32,Answer:,hotpotqa,hotpotqa,3291,en,['Pope John X'],
2903a54db35e788f31a967bdfa021d64ac18ed7e1aed919a,What football club plays in the area between the old tool gates: Brook Bar and Trafford bar?, Manchester United F.C.,"Question: What football club plays in the area between the old tool gates: Brook Bar and Trafford bar?
",32,Answer:,hotpotqa,hotpotqa,11852,en,['Manchester United'],
a7c311f9f6423063e02c8236bdd83cc8059fcb9fe78b4fff,Are Stanley Elkin and Anne Tyler from the same country?, Yes,"Question: Are Stanley Elkin and Anne Tyler from the same country?
",32,Answer:,hotpotqa,hotpotqa,10635,en,['yes'],
afa4eccc7b711ace3270c9cbcd784c971a4f0f8d22629ebf,Sand Lake Baptist Church is located in a hamlet with a population of what at the 2010 census?, Averill Park,"Question: Sand Lake Baptist Church is located in a hamlet with a population of what at the 2010 census?
",32,Answer:,hotpotqa,hotpotqa,5187,en,"['1,693']",
fddb2049ab13cf002eb07f658ae13d9f99d83538ed881e9b,What championship did the person who substituted for Simon Pagenaud secure a contract to drive in 2017?, IndyCar,"Question: What championship did the person who substituted for Simon Pagenaud secure a contract to drive in 2017?
",32,Answer:,hotpotqa,hotpotqa,6222,en,['Australian Supercars Championship'],
87fd3f0590498461d595ff1823632c79b66cf313cf55fbb3,Are Yoo-hoo and Faygo both carbonated drinks?, Yes,"Question: Are Yoo-hoo and Faygo both carbonated drinks?
",32,Answer:,hotpotqa,hotpotqa,9537,en,['no'],
47b3fb2eb0b90839a7887fa2138662a58c0170c96479190a,"After coaching the red raiders to several winning seasons, where does Mike Leach currently coach at?", Mississippi State,"Question: After coaching the red raiders to several winning seasons, where does Mike Leach currently coach at?
",32,Answer:,hotpotqa,hotpotqa,10232,en,['Washington State'],
4b0f3138abafd9fe2f3a16c3b2ffd55199bc3771070b5cd9,The Huskies football team were invited to the Alamo Bowl where they were defeated by a team coached by Art Briles and who played their home games at what statium?, Floyd Casey Stadium,"Question: The Huskies football team were invited to the Alamo Bowl where they were defeated by a team coached by Art Briles and who played their home games at what statium?
",32,Answer:,hotpotqa,hotpotqa,11849,en,['Floyd Casey Stadium'],
ff048b34a9405c880ccf710acdf1a53244e6039cb76c793a,Luther: The Calling is based on the BBC crime drama comprising six episodes that were run in which year?, 2010,"Question: Luther: The Calling is based on the BBC crime drama comprising six episodes that were run in which year?
",32,Answer:,hotpotqa,hotpotqa,11456,en,['2010'],
d9f5437fa85841cb12798def39a30721d3d2d140b4982854,How are elephants connected to Gajabrishta?, Gajabrishta is named after the back or hip portion of a sitting elephant.,"Question: How are elephants connected to Gajabrishta?
",32,Answer:,hotpotqa,hotpotqa,8823,en,['Sanskrit'],
93d2774c99edbde88789a9f989642ff160871ca09e66e46a,What is the nationality of the author of Fifty Shades Freed?, British,"Question: What is the nationality of the author of Fifty Shades Freed?
",32,Answer:,hotpotqa,hotpotqa,12372,en,['English'],
de85aaa5c535ba20bdcad5fbabfe13a03687374265a57b44,Were the Tundra Mine and Negus Mine located in the same country?, Yes,"Question: Were the Tundra Mine and Negus Mine located in the same country?
",32,Answer:,hotpotqa,hotpotqa,3708,en,['yes'],
232c2ba7b8bb5f22b77e5c55961d0cd0fe673d26870e157b,"When did the animated series Kent Scott wrote end after beginning in September of 2002 on ""Nick on CBS""?"," November 23, 2002","Question: When did the animated series Kent Scott wrote end after beginning in September of 2002 on ""Nick on CBS""?
",32,Answer:,hotpotqa,hotpotqa,10261,en,['November'],
780b1664552881f2c14a0d943e746855f83709a5399bb4aa,What American actress stars in Tainted?, There is no information about an American actress starring in Tainted in the given passages.,"Question: What American actress stars in Tainted?
",32,Answer:,hotpotqa,hotpotqa,9594,en,['Shari Shattuck'],
0a44085d7963681015a69416470b86da02135ac722d6301b,Jolyon James performed the role of Moonshadow in a musical by a composer of what nationality?, British,"Question: Jolyon James performed the role of Moonshadow in a musical by a composer of what nationality?
",32,Answer:,hotpotqa,hotpotqa,12150,en,['British'],
f1c0b9a9ec47ccda8ba4b1be0ca7083b961ba0f06b2a4df7,What Nobel Laureate teaches at  Chapman University?, Vernon L. Smith,"Question: What Nobel Laureate teaches at  Chapman University?
",32,Answer:,hotpotqa,hotpotqa,10589,en,['Vernon Smith'],
75439ed8609c12817aaee0fa4f749aebb3e4a36dfa72390e,"Which California band, whose debut album Adrenaline appeared in 1995, has been referred to as ""the Radiohead of metal""?", Deftones,"Question: Which California band, whose debut album Adrenaline appeared in 1995, has been referred to as ""the Radiohead of metal""?
",32,Answer:,hotpotqa,hotpotqa,9116,en,['Deftones'],
8a5d7c131d291d2c7cf2c20ea36a629f969402e0c50a8a8a,What was the population in 2010 of the town where The Stelljes House is located ?, Not available,"Question: What was the population in 2010 of the town where The Stelljes House is located ?
",32,Answer:,hotpotqa,hotpotqa,8149,en,['810'],
cf16ba255ad4b7b0fdae56093ac7d5fb58487dc24f2659e2,Which country is home to Alsa Mall and Spencer Plaza?, India,"Question: Which country is home to Alsa Mall and Spencer Plaza?
",32,Answer:,hotpotqa,hotpotqa,9331,en,['India'],
9a19f9594aa73716dd38bcbd5ff1c04e57a6649800570f80,Are Mick Jagger and Brett Scallions both musicians?, Yes,"Question: Are Mick Jagger and Brett Scallions both musicians?
",32,Answer:,hotpotqa,hotpotqa,11899,en,['yes'],
0879d3f078165bdc1aabca26c8526e66d3959e8ab2c6d903,When was Erik Watts' father born?," May 5, 1939","Question: When was Erik Watts' father born?
",32,Answer:,hotpotqa,hotpotqa,9716,en,"['May 5, 1939']",
98bf7e9946e86278d6d2b938d751861981c5fe14c356ea68,Morgan Paull played Dave Holden in a 1982 film loosely adapted from a novel by what author?, Philip K. Dick,"Question: Morgan Paull played Dave Holden in a 1982 film loosely adapted from a novel by what author?
",32,Answer:,hotpotqa,hotpotqa,11550,en,['Philip K. Dick'],
6320310adc4a826b1bb240c63ac1735b7b29e93a59782364,What was the Roud Folk Song Index of the nursery rhyme inspiring What Are Little Girls Made Of?, 821,"Question: What was the Roud Folk Song Index of the nursery rhyme inspiring What Are Little Girls Made Of?
",32,Answer:,hotpotqa,hotpotqa,6601,en,['821'],
11b4c60bf00735e20ae817b940d86aa8922e2fcdaa3a0b47,"Which is in the pop genre, Capital Cities or Tweaker?", Capital Cities,"Question: Which is in the pop genre, Capital Cities or Tweaker?
",32,Answer:,hotpotqa,hotpotqa,8751,en,['Capital Cities'],
c47c8d3b1917f017cafaecbb4cddd6b92171854247957c08,"Who was born first,  Morgan Llywelyn or Robert Jordan?", Morgan Llywelyn,"Question: Who was born first,  Morgan Llywelyn or Robert Jordan?
",32,Answer:,hotpotqa,hotpotqa,8392,en,['Morgan Llywelyn'],
f536646dd72a8a4f5ebddec61a67b8319dc9187d47bb7fc6,The winner of the the London Riders' Championship in 1953 scored how many points in the 1952 Individual Speedway World Championship?, 12,"Question: The winner of the the London Riders' Championship in 1953 scored how many points in the 1952 Individual Speedway World Championship?
",32,Answer:,hotpotqa,hotpotqa,4029,en,['14'],
6e541b3b8fc7e59da0da6548a17932b403b2e865d4036982,"A wide receiver for the Toronto Argonauts played college football for a team that represents the University of Oklahoma, which belongs to what conference?", Big 12 Conference,"Question: A wide receiver for the Toronto Argonauts played college football for a team that represents the University of Oklahoma, which belongs to what conference?
",32,Answer:,hotpotqa,hotpotqa,10490,en,['Big 12 Conference'],
6eca7d7affce3375ec084f6356c6fc8ddf75eda0f6a4382f,In which six Western European territories have Celtic languages or cultural traits survived?," Brittany, Cornwall, Ireland, the Isle of Man, Scotland, and Wales.","Question: In which six Western European territories have Celtic languages or cultural traits survived?
",32,Answer:,hotpotqa,hotpotqa,10479,en,"['Brittany, Cornwall, Ireland, Isle of Man, Scotland and Wales.']",
5e7675388334946fc508c4c8ac4ab0c491910fcc0e048bfd,SR connector is based on the connector that is often used for what type of cable?, Coaxial cable.,"Question: SR connector is based on the connector that is often used for what type of cable?
",32,Answer:,hotpotqa,hotpotqa,3945,en,['coaxial'],
8bcda9c521bb7cb5dcd9a8d4987bd5bcf4ec455a84c62f81,"Which is farther north, Steel Venom or Wicked Twister?", Steel Venom,"Question: Which is farther north, Steel Venom or Wicked Twister?
",32,Answer:,hotpotqa,hotpotqa,6415,en,['Wicked Twister'],
1d81e1f410acc77f1d9a844f811045c2cecb0fdc9e717d41,"Which filmmaker was known for animation, Lev Yilmaz or Pamela B. Green?", Lev Yilmaz,"Question: Which filmmaker was known for animation, Lev Yilmaz or Pamela B. Green?
",32,Answer:,hotpotqa,hotpotqa,6674,en,['Levni Yilmaz'],
77a3188a3b97619e1661cc289bb1a951308223219592696b,Who was the gunman of the hostage crisis which Chris Reason was awarded the Graham Perkin Australian Journalist of the Year Award for his coverage of?, Man Haron Monis,"Question: Who was the gunman of the hostage crisis which Chris Reason was awarded the Graham Perkin Australian Journalist of the Year Award for his coverage of?
",32,Answer:,hotpotqa,hotpotqa,12479,en,['Man Haron'],
a16ac581bde4459861c8681858b07f82363f66142beed4c2,1920 Politics was a Republican political strategy to reassert the authority of the white race in which US state?, Hawaii,"Question: 1920 Politics was a Republican political strategy to reassert the authority of the white race in which US state?
",32,Answer:,hotpotqa,hotpotqa,11314,en,['Hawaii'],
81d43196cac0effe1645b207f826a30550efc3126c35371e,"In what event was Harold Davis a former record holder, but now is held by Usain Bolt?", 4×100m relay,"Question: In what event was Harold Davis a former record holder, but now is held by Usain Bolt?
",32,Answer:,hotpotqa,hotpotqa,6297,en,['100 metres'],
3e4cce5082e968aec7f0c008b1acbd111f505d0579d1c9ee,"Why did the CEO of the football team based in Denver, Colorado step down in 2014?", due to the onset and progression of Alzheimer's disease.,"Question: Why did the CEO of the football team based in Denver, Colorado step down in 2014?
",32,Answer:,hotpotqa,hotpotqa,11891,en,"[""due to the onset and progression of Alzheimer's disease""]",
9dc6d234e2406aef691ea02ddc2064f343fc30cbc534c937,Are Pothos and Tibouchina Aubl both flowering genus of plants?, Yes,"Question: Are Pothos and Tibouchina Aubl both flowering genus of plants?
",32,Answer:,hotpotqa,hotpotqa,3135,en,['yes'],
7bb5645d62fc946b46910757e007f59e87f52bbf8535da58,The Pluralist school is said to have included what creator of the theory of atomism? , Leucippus,"Question: The Pluralist school is said to have included what creator of the theory of atomism? 
",32,Answer:,hotpotqa,hotpotqa,11424,en,['Leucippus'],
21849142d27a4c8410bf8e8042f016054a0a0493e0e8b6e6,Which City in the Miami metropolitan area is home to the Primetime Race Group?, Hollywood,"Question: Which City in the Miami metropolitan area is home to the Primetime Race Group?
",32,Answer:,hotpotqa,hotpotqa,11061,en,"['Hollywood, Florida']",
73d978e7e37a9c7475daa9151f9ead2bd3042e72988cafdd,What type of structure does 277 Park Avenue and 126 Madison Avenue have in common?, Office buildings.,"Question: What type of structure does 277 Park Avenue and 126 Madison Avenue have in common?
",32,Answer:,hotpotqa,hotpotqa,10681,en,['building'],
f5ca9a0360773900f848072d3d7c63034922bdd0e6925e64,Operation light house was an experiment by Wernher von Braun and another man born in what year?, 1937,"Question: Operation light house was an experiment by Wernher von Braun and another man born in what year?
",32,Answer:,hotpotqa,hotpotqa,7370,en,['1895'],
e7875d33cdf7138818681e7bb2a13310bba28ea94550d64f,Which conference is the team for which Justin Bannan played college football currently a member of?," The team for which Justin Bannan played college football, Colorado, is currently a member of the Pac-12 Conference.","Question: Which conference is the team for which Justin Bannan played college football currently a member of?
",32,Answer:,hotpotqa,hotpotqa,7697,en,['Pac-12 Conference'],
561c378ca284bab34f735f05e21dae8653ca251f6480d6e4,"What time did the show, in which Gordon Burns was the host, usually air on Monday?", 7.00pm.,"Question: What time did the show, in which Gordon Burns was the host, usually air on Monday?
",32,Answer:,hotpotqa,hotpotqa,12308,en,['7pm'],
4aee23759e842807b156492356b920a11236c7ea3da20732,Are Werther and The Odyssey both operas?, No,"Question: Are Werther and The Odyssey both operas?
",32,Answer:,hotpotqa,hotpotqa,11675,en,['no'],
3df75e9b85781f83af8d3011cedb0c5fc6725f3489e48e54,What occupation is shared by both Marge Piercy and Richard Aldington?, Writer.,"Question: What occupation is shared by both Marge Piercy and Richard Aldington?
",32,Answer:,hotpotqa,hotpotqa,11567,en,['poet'],
6d8f9be94b67277442c42aa9b437edaf901efec0d0959bda,Are both Duke Energy and Affiliated Managers Group based in Massachusetts?, No,"Question: Are both Duke Energy and Affiliated Managers Group based in Massachusetts?
",32,Answer:,hotpotqa,hotpotqa,7865,en,['no'],
b7af427ee230063a2aabb35691c7a81670c0b7e85ac3b7b2,How many marchers were in the protest that Pelham D. Glassford ended? ," 43,000","Question: How many marchers were in the protest that Pelham D. Glassford ended? 
",32,Answer:,hotpotqa,hotpotqa,11812,en,"['43,000 marchers']",
666b2401378aceb59c9a4d6cc75b006f7c6af8a00c7d6f19,"Where is the airline company that operated United Express Flight 3411 on April 9, 2017 on behalf of United Express headquartered?"," Republic Airline is headquartered in Indianapolis, Indiana.","Question: Where is the airline company that operated United Express Flight 3411 on April 9, 2017 on behalf of United Express headquartered?
",32,Answer:,hotpotqa,hotpotqa,12038,en,"['Indianapolis, Indiana']",
a2bb6c8de2a57c51b35e9d5c005cf46e1c0457f4086ef77d,What was the first year a scientific journal published by an organization located in the Bronx was published?, 1909,"Question: What was the first year a scientific journal published by an organization located in the Bronx was published?
",32,Answer:,hotpotqa,hotpotqa,9588,en,['1909'],
9fe92e20febe504670266d638939a94fc57c3cf8fe9cf948,The owner of radio station KWPW has the same name as an American character actor. What is it?, Bill McCutcheon,"Question: The owner of radio station KWPW has the same name as an American character actor. What is it?
",32,Answer:,hotpotqa,hotpotqa,6509,en,['Bill McCutcheon'],
203709148e7052e14bf493f95037458b606b42f2fff54c79,"Brigadier Stanley James Ledger Hill was attached to the command post of which senior British Army officer born on July 10, 1886?", Field Marshal Lord Gort,"Question: Brigadier Stanley James Ledger Hill was attached to the command post of which senior British Army officer born on July 10, 1886?
",32,Answer:,hotpotqa,hotpotqa,12402,en,['Lord Gort'],
2bfda75e23447ca7e3213d01331c31816f30190a2ff6df71,Bill Bryson grew up in a city that is the seat of which county ?, Polk County,"Question: Bill Bryson grew up in a city that is the seat of which county ?
",32,Answer:,hotpotqa,hotpotqa,10843,en,['Polk County'],
f1ea70c4e2c13d2fda1feda75a72a345c0e91f083220e95a,"Who was the last monarch of England to be overthrown before The English General Election, 1690?", James II,"Question: Who was the last monarch of England to be overthrown before The English General Election, 1690?
",32,Answer:,hotpotqa,hotpotqa,10994,en,['King James II of England'],
60ec93a22fbcb65eeadd9f1d2b3c8e4ed44d3a2c4285b168,"What song from the fourth studio album made by The Who reached No.4 on the UK charts and No. 19 o nthe U.S. ""Billboard"" Hot 100?", Pinball Wizard,"Question: What song from the fourth studio album made by The Who reached No.4 on the UK charts and No. 19 o nthe U.S. ""Billboard"" Hot 100?
",32,Answer:,hotpotqa,hotpotqa,8209,en,['Tommy'],
bcd98af30c2eb7ce1233459715d27f428b111d12fea529b4,"Angelspit toured the United States with an American electronic music duo from Orlando, Florida, that formed in what year?", 2006,"Question: Angelspit toured the United States with an American electronic music duo from Orlando, Florida, that formed in what year?
",32,Answer:,hotpotqa,hotpotqa,6055,en,['2006'],
4636487a1855382398fe1e54284cb7dd3d7b8d178ac4a476,Migene González-Wippler is leading expert on a religion that developed among which ethnic group ?, Afro-Cuban communities following the Atlantic slave trade of the 16th to 19th centuries.,"Question: Migene González-Wippler is leading expert on a religion that developed among which ethnic group ?
",32,Answer:,hotpotqa,hotpotqa,11592,en,['West African descendants'],
a93aa642fb8802a99b36cd62febe1c4e995096a9320b00c5,Henry Roth and Lewis Mumford are both this nationality?, American,"Question: Henry Roth and Lewis Mumford are both this nationality?
",32,Answer:,hotpotqa,hotpotqa,11463,en,['American'],
9336554e511e88766228ffa1acd1c6f82c9a41046514c253,Who did Fredric Rieders tesify agains who had killed as many as 60 patients and recieved three consecutive life terms to be served in Florence Colorado?, Michael Swango,"Question: Who did Fredric Rieders tesify agains who had killed as many as 60 patients and recieved three consecutive life terms to be served in Florence Colorado?
",32,Answer:,hotpotqa,hotpotqa,12353,en,['Michael Swango'],
fbd2e6218ec7c8fc1a90b05bf6858a15d376704a278fa79f,"Who was born first, Juan Rulfo or John le Carré?", Juan Rulfo,"Question: Who was born first, Juan Rulfo or John le Carré?
",32,Answer:,hotpotqa,hotpotqa,10626,en,['Juan Rulfo'],
0aaabfd136117761896b5931d7b468ff8c61909e00140470,Where is the company that created Doravirine ( from?, Merck & Co.,"Question: Where is the company that created Doravirine ( from?
",32,Answer:,hotpotqa,hotpotqa,11201,en,['American'],
d18fde9d0b8da2a2febb67a679847ee4ee3259e85a9565f4,What year was the author of Cock and Bull born? , 1961,"Question: What year was the author of Cock and Bull born? 
",32,Answer:,hotpotqa,hotpotqa,8030,en,['1961'],
5affd6b287c8ce97502760e33a71598e8eee24b78c3dd95c,"On May 25, 2017 Greg Gianforte won the special election following the resignation of a politican that current holds what position?", U.S. Secretary of the Interior,"Question: On May 25, 2017 Greg Gianforte won the special election following the resignation of a politican that current holds what position?
",32,Answer:,hotpotqa,hotpotqa,11879,en,['United States Secretary of the Interior'],
56dbceaf2e826fbb177035f03d7a263d62365856f21f39da,The Red Queen's Race is a science fiction short story that uses the Red Queen's race from a novel by Lewis Carroll that is the sequel to what?, Alice's Adventures in Wonderland,"Question: The Red Queen's Race is a science fiction short story that uses the Red Queen's race from a novel by Lewis Carroll that is the sequel to what?
",32,Answer:,hotpotqa,hotpotqa,11993,en,"[""Alice's Adventures in Wonderland""]",
ee07a420f322205e992788e25c0b256cadcd99abd359ff0f,What was the home city of the author of the famous novel tracing the life of a male roe deer from his birth onward?, Vienna,"Question: What was the home city of the author of the famous novel tracing the life of a male roe deer from his birth onward?
",32,Answer:,hotpotqa,hotpotqa,10968,en,['Vienna'],
795ed5382ff9378f90123aedc2b638c049411295c5678466,Are Tantrix and Personal Preference both types of games?, Yes,"Question: Are Tantrix and Personal Preference both types of games?
",32,Answer:,hotpotqa,hotpotqa,10766,en,['yes'],
4d6aafffd109cb61fd543f44bda770fda0cf1e1c3798548b,1956 Night Series Cup games were played at what inner suburb of Melbourne that is 3km south of Melbourne's central business district?, Albert Park,"Question: 1956 Night Series Cup games were played at what inner suburb of Melbourne that is 3km south of Melbourne's central business district?
",32,Answer:,hotpotqa,hotpotqa,3326,en,['Albert Park'],
7528b0be35e8e6007f07c98b9f2d45ee1c854298134aba5c,Sarah Price and Rob Schneider are both what profession? , Filmmaker,"Question: Sarah Price and Rob Schneider are both what profession? 
",32,Answer:,hotpotqa,hotpotqa,8556,en,['director'],
38bd41e515abf2a44d29c593748db043ba2276d93938fdad,"What rule-class city of 26,595 contains the neighborhood Plainview?", Jeffersontown,"Question: What rule-class city of 26,595 contains the neighborhood Plainview?
",32,Answer:,hotpotqa,hotpotqa,8571,en,"['Jeffersontown, Kentucky']",
e54d1e07a1fc2ce2afdf7e75f79561d8fe0abd22f4d8bd53,Who directed the film where Susanne Pollatschek voiced Olivia Flaversham?," John Musker, Ron Clements, Dave Michener, and Burny Mattinson.","Question: Who directed the film where Susanne Pollatschek voiced Olivia Flaversham?
",32,Answer:,hotpotqa,hotpotqa,11970,en,"['Burny Mattinson, David Michener, and the team of John Musker and Ron Clements']",
034b6ac41cd902b7fbde6b304eb2930d8eea616924ba461f,What public radio network in New York has allowed Eric Plakun to dis his psychiatric work?, WAMC,"Question: What public radio network in New York has allowed Eric Plakun to dis his psychiatric work?
",32,Answer:,hotpotqa,hotpotqa,8524,en,['WAMC'],
b4dfcf1c4f152ba5684531d0eaa43f33ec5b185b92a36884,Don Holmes played for the football club that is based in what eastern suburb of Perth?, Bassendean,"Question: Don Holmes played for the football club that is based in what eastern suburb of Perth?
",32,Answer:,hotpotqa,hotpotqa,11587,en,['Bassendean'],
1fd7df3ba224e985f87e976c7a4a67ddc1012a249a542bea,Hardley Flood is an area of lagoons that support populations of the waterfowl that are a medium sized version of what animal?, duck,"Question: Hardley Flood is an area of lagoons that support populations of the waterfowl that are a medium sized version of what animal?
",32,Answer:,hotpotqa,hotpotqa,2491,en,['duck'],
3faa54c1f192293c709684aa60c6e2e8cfe34ff55c8b6248,"Which is a shrub, Mimosa or Cryptocoryne?", Mimosa.,"Question: Which is a shrub, Mimosa or Cryptocoryne?
",32,Answer:,hotpotqa,hotpotqa,4266,en,['Mimosa'],
9303f959145f198df63d2d7ec604a9d6efcb3e8daca89e91,What types of activities occur in both the Bennington and Bridgewater Triangles?," Paranormal phenomena, cult activity, animal mutilations, and sightings of supernatural creatures.","Question: What types of activities occur in both the Bennington and Bridgewater Triangles?
",32,Answer:,hotpotqa,hotpotqa,11168,en,['alleged paranormal phenomena'],
a18c0ece7c2ae88d2f9f3ffc5eaa13297a1b5d0125a172ad,Carlos Salazar Lomelín is the CEO of which Mexican multinational beverage retailer?, Coca-Cola FEMSA,"Question: Carlos Salazar Lomelín is the CEO of which Mexican multinational beverage retailer?
",32,Answer:,hotpotqa,hotpotqa,10145,en,['Fomento Económico Mexicano'],
22a4122731366b93dd7495f9cb64b9312537fbe85797efbc,Who stars in the title role of a Netflix show co-created by Robert Carlock?, Ellie Kemper,"Question: Who stars in the title role of a Netflix show co-created by Robert Carlock?
",32,Answer:,hotpotqa,hotpotqa,11526,en,['Ellie Kemper'],
c16a3dd0b5b97180359715cab5c41d528cf2a99e2744f037,Are Yut and Tsuro both board games?, Yes,"Question: Are Yut and Tsuro both board games?
",32,Answer:,hotpotqa,hotpotqa,8413,en,['yes'],
d7d92c85b8becc33e60fc03507933f8eaf53b5e1067286de,"What is the name of this suburb within the Central Coast Council local government area, where Tessa, of Microwave Jenny, grew up?", Umina Beach,"Question: What is the name of this suburb within the Central Coast Council local government area, where Tessa, of Microwave Jenny, grew up?
",32,Answer:,hotpotqa,hotpotqa,3539,en,"['Umina Beach, New South Wales']",
480b33cc38878ea4fe81b796d09ba2d10cca554611e323ec,What city in the Philippines is home to the Robinsons Galleria and the 4th largest shopping mall in the world?," Ortigas Center, Mandaluyong, Metro Manila","Question: What city in the Philippines is home to the Robinsons Galleria and the 4th largest shopping mall in the world?
",32,Answer:,hotpotqa,hotpotqa,5487,en,['Metro Manila'],
ad26b1fdaa97e8ef1c290a41a9151cc6b453756cb2715176,What organization does Sandra Pizzarello and Doctorate have in common?, Arizona State University,"Question: What organization does Sandra Pizzarello and Doctorate have in common?
",32,Answer:,hotpotqa,hotpotqa,11738,en,['University'],
78e73e15102e688a5b5f43155b11658907db8caa30fdb16e,"Did Qionghai or Suining  have a population of 658,798 in 2002? ", Suining,"Question: Did Qionghai or Suining  have a population of 658,798 in 2002? 
",32,Answer:,hotpotqa,hotpotqa,1078,en,"['In 2002, Suining had a population of 658,798.']",
e5e18488f0e900206332a857f70da66dc59829937c913ff0,What form of play does Yameen and Activision have in common?, None,"Question: What form of play does Yameen and Activision have in common?
",32,Answer:,hotpotqa,hotpotqa,9597,en,['video game'],
887be3f3f2080532b3c0f1dc4d26be4f8a06030bf2e68a1a,Are both Frank Lloyd and Olivier Assayas American film directors?, No,"Question: Are both Frank Lloyd and Olivier Assayas American film directors?
",32,Answer:,hotpotqa,hotpotqa,8291,en,['no'],
2bf8384417cec2f1a2d43a2602326d90a97622d87898b1cc,What was the nationality and profession of the person responsible for the concept of a dimensionless number in physics and engineering?," British, Physicist","Question: What was the nationality and profession of the person responsible for the concept of a dimensionless number in physics and engineering?
",32,Answer:,hotpotqa,hotpotqa,8995,en,['French mathematician and physicist'],
826474c90684b1813df9324f779959a5e060d1cfc893a85f,Santa Bring My Baby Back was released on which fourth Elvis studio album in 1957?, Elvis' Christmas Album,"Question: Santa Bring My Baby Back was released on which fourth Elvis studio album in 1957?
",32,Answer:,hotpotqa,hotpotqa,6337,en,"[""Elvis' Christmas Album""]",
54d1487358089d52613d8e6970c3efdd5c56d112159d2810,Camp Courtney was named after the Major killed in action at the battle codenamed what?, Operation Iceberg,"Question: Camp Courtney was named after the Major killed in action at the battle codenamed what?
",32,Answer:,hotpotqa,hotpotqa,11365,en,['Operation Iceberg'],
5748ce1eca37fc55596e58fcff71e45363396002d28e0af9,Baraki Barak District is situated in the western part of a province whose capital is what?, Logar,"Question: Baraki Barak District is situated in the western part of a province whose capital is what?
",32,Answer:,hotpotqa,hotpotqa,7563,en,['Puli Alam'],
302ee593ca790dfb2dcbfd4341817fc64f8d106f65f61867,Who is a winner of the 2013 6 Hours of Silverstone a co-commentator for?, Allan McNish,"Question: Who is a winner of the 2013 6 Hours of Silverstone a co-commentator for?
",32,Answer:,hotpotqa,hotpotqa,4556,en,['BBC Formula One'],
efc793ac73a0341a7cc35ea6872a89be3d4fed5f64c1e043,"The ""New York Times"" bestselling book ""The 50th Law"" contains lessons and anecdotes from this historical figure who was a classical Greek (Athenian) philosopher who is known mainly through the writings of which philosopher?", Plato,"Question: The ""New York Times"" bestselling book ""The 50th Law"" contains lessons and anecdotes from this historical figure who was a classical Greek (Athenian) philosopher who is known mainly through the writings of which philosopher?
",32,Answer:,hotpotqa,hotpotqa,12021,en,['Plato'],
b3647c02310a89ccb2822c163da3bead1ad3cd21948d4769,"Where is the host of the American survival skills reality show, The Island, originally from?", Northern Ireland,"Question: Where is the host of the American survival skills reality show, The Island, originally from?
",32,Answer:,hotpotqa,hotpotqa,12338,en,['Northern Ireland'],
dc14a859291c1d678432626f6f7974f8ecca536f4b7bdd6c,"Who was born later, Jerry Garcia or Joe Gooch?", Joe Gooch,"Question: Who was born later, Jerry Garcia or Joe Gooch?
",32,Answer:,hotpotqa,hotpotqa,11449,en,['Joe Gooch'],
75d66ce7bb5fbcea2d942895c0b10144ba9a94282e2e9f15,What do Lavinia Greenlaw and Nâzım Hikmet have in common?, They are both poets.,"Question: What do Lavinia Greenlaw and Nâzım Hikmet have in common?
",32,Answer:,hotpotqa,hotpotqa,7658,en,['poet and novelist'],
ea58013717bdbe9f0bad1991ed03d1afe3208bf514d9a2cd,Le Rêve was created by the director behind what Cirque du Soleil production from 1998 onward?, O,"Question: Le Rêve was created by the director behind what Cirque du Soleil production from 1998 onward?
",32,Answer:,hotpotqa,hotpotqa,10664,en,['O'],
228572a285ddcbb4947f362c07531238d1eec58e0fe0cfc6,Where is the University Joe Odom played football for located?, Purdue University,"Question: Where is the University Joe Odom played football for located?
",32,Answer:,hotpotqa,hotpotqa,11934,en,"['West Lafayette, Indiana']",
1650b91e6fb722111b6461fc9524295246c3bd3b1a342267,Roger Stuart Woolhouse is a biographer of a philosopher commonly known as what ?, John Locke,"Question: Roger Stuart Woolhouse is a biographer of a philosopher commonly known as what ?
",32,Answer:,hotpotqa,hotpotqa,11398,en,['Father of Liberalism'],
e9b828ee7169d1978f3bcb6de5bbb0f54f9ee3bfc0ffdb8b,National Firearms Agreement was in response to the Port Arthur massacre that killed how many people?, 35,"Question: National Firearms Agreement was in response to the Port Arthur massacre that killed how many people?
",32,Answer:,hotpotqa,hotpotqa,12544,en,['35 people'],
88b095fb93df1d962625daa1796a46ce4721c316b0ab819b,"The telenova ""El Ardiente Secreto"" was based ona novel published under what pen name?", Jane Eyre,"Question: The telenova ""El Ardiente Secreto"" was based ona novel published under what pen name?
",32,Answer:,hotpotqa,hotpotqa,12082,en,"['""Currer Bell""']",
690c31a6d6263dacd649fefc5b5cfa94210205fdcdb43905,Are both French Spaniel and Beagle universally recognized breeds?, No,"Question: Are both French Spaniel and Beagle universally recognized breeds?
",32,Answer:,hotpotqa,hotpotqa,12023,en,['no'],
e9348ea3d217789522ba17d5dd2c69c01bacc9d677c614a4,In what year did the Tornoto International Film Fesitval premiere a movie produced by BBC Films?, 2014,"Question: In what year did the Tornoto International Film Fesitval premiere a movie produced by BBC Films?
",32,Answer:,hotpotqa,hotpotqa,9364,en,['2011'],
781060824875cb0343a110f5e6f83d46e638cbb89e2ad7c6,The FIBT World Championships 1960 took place in a town located in which part of Italy ?, The Veneto region of Northern Italy.,"Question: The FIBT World Championships 1960 took place in a town located in which part of Italy ?
",32,Answer:,hotpotqa,hotpotqa,7336,en,['the Veneto region of Northern Italy'],
8e9e0bac1908657b2f48452fe70dd4f7ab765b9633b75627,"When was the club formed, for which Adam  Johnson played as well as Middlesbrough and Watford ?", 1904,"Question: When was the club formed, for which Adam  Johnson played as well as Middlesbrough and Watford ?
",32,Answer:,hotpotqa,hotpotqa,11723,en,['1919'],
e8ba4badc3c5d30cc0942ede8df86a72257c492c07025dab,"In modern history of Syria this kingdom lasted for only four months, this kingdom surrendered to who?", French forces,"Question: In modern history of Syria this kingdom lasted for only four months, this kingdom surrendered to who?
",32,Answer:,hotpotqa,hotpotqa,9898,en,['French'],
3f17f12cfde4c677f3af81362ce1df42f949bee1ceae40f4,An American who is a German literature translator and did a thesis on an Austrian prodigy born in 1874 taught at which university?, The University of Vienna,"Question: An American who is a German literature translator and did a thesis on an Austrian prodigy born in 1874 taught at which university?
",32,Answer:,hotpotqa,hotpotqa,10206,en,['University of Vienna'],
83df22880fee9f761464404ca2ff6ab21954e6b0827b4142,What past honoree from the New Dramatists Organization is a powerful baritone who won the Tony Award for Best Actor in 2000?, Brian Stokes Mitchell,"Question: What past honoree from the New Dramatists Organization is a powerful baritone who won the Tony Award for Best Actor in 2000?
",32,Answer:,hotpotqa,hotpotqa,11179,en,['Brian Stokes Mitchell'],
3518c800877d0b8cc48ca575de745502b472a139564ffa46,"3 Arts Entertainment had at least one coalition with what streaming service, with its 13-episode, 2015 season of a Tina Fey created sitcom?", Netflix,"Question: 3 Arts Entertainment had at least one coalition with what streaming service, with its 13-episode, 2015 season of a Tina Fey created sitcom?
",32,Answer:,hotpotqa,hotpotqa,8723,en,['Netflix'],
3acb0cc0a04a3f71078ee120e1b7ca4f089548b7cc8a8056,"Were the board games, Clans and Drunter und Drüber, both created by Leo Colovini?", Yes,"Question: Were the board games, Clans and Drunter und Drüber, both created by Leo Colovini?
",32,Answer:,hotpotqa,hotpotqa,4374,en,['Drunter und Drüber is a multiplayer board game invented by Klaus Teuber'],
90caafc7fe51eee4143874971f67bb3e0107d26179c437f7,Broadbent Arena and Freedom Hall are landmarks of which U.S. city?," Louisville, Kentucky","Question: Broadbent Arena and Freedom Hall are landmarks of which U.S. city?
",32,Answer:,hotpotqa,hotpotqa,4002,en,['Louisville'],
8fddd32ef1d88a5f8fde49152fc015eb80b3d60d1108d073,What side-scrolling platform game had Christian Whitehead as project lead?, Sonic Mania,"Question: What side-scrolling platform game had Christian Whitehead as project lead?
",32,Answer:,hotpotqa,hotpotqa,12183,en,['Sonic Mania'],
bb5fb55b76b2e47a59f48907aca9db96fafabd5b874e83cf,Which racecar driver who performed in the 1971 Canadian Grand Prix was born in 1937?, Mark Donohue,"Question: Which racecar driver who performed in the 1971 Canadian Grand Prix was born in 1937?
",32,Answer:,hotpotqa,hotpotqa,11862,en,['Mark Neary Donohue Jr.'],
e0a5da9581af9a4a573423cbdcf207c5436dc35ff8a9d380,What career led Brandon James Routh to move to the city where Brian Ralston lives?, Acting,"Question: What career led Brandon James Routh to move to the city where Brian Ralston lives?
",32,Answer:,hotpotqa,hotpotqa,7725,en,['an acting career'],
d136a5063f8e7f5594182b51b05d626ca0671aea2ba22226,What was the first film scored by the man who composed the soundtrack for Udhayam NH4?, Veyil (2006),"Question: What was the first film scored by the man who composed the soundtrack for Udhayam NH4?
",32,Answer:,hotpotqa,hotpotqa,6236,en,['Veyyil'],
07f505d321fd7a7c04e158059cb69ac3ac7ecdebfb03037d,What is the day of the horse race of which ESPN covers both the post position draw and the undercard races?, The Kentucky Derby,"Question: What is the day of the horse race of which ESPN covers both the post position draw and the undercard races?
",32,Answer:,hotpotqa,hotpotqa,7355,en,['Saturday'],
019dbd177ddcff6752aaabc8c0e459f3ae4003f718bd672b,Kevin Yorn an American entertainment attorney who represents an Australian actor who  played the role of Josh Taylor in what soap opera?, Neighbours,"Question: Kevin Yorn an American entertainment attorney who represents an Australian actor who  played the role of Josh Taylor in what soap opera?
",32,Answer:,hotpotqa,hotpotqa,8104,en,['Neighbours'],
a1cce86489841f2514678029dbe95b7289b9d47f52f44939,What stagecoach robber did Frederick John Fulton prosecute?, Bill Miner,"Question: What stagecoach robber did Frederick John Fulton prosecute?
",32,Answer:,hotpotqa,hotpotqa,7675,en,['Bill Miner'],
4b753aee2d76b79f12f1b8708dd61bde51405af6fe602520,H-63 is a highway that runs near the county seat of what Michigan county?, Chippewa County,"Question: H-63 is a highway that runs near the county seat of what Michigan county?
",32,Answer:,hotpotqa,hotpotqa,10454,en,['Chippewa County'],
0118217cf85bd94f6a5f65952212eb05e7176fd3b18c694a,The arena where the Lewiston Maineiacs played their home games can seat how many people?," 4,000","Question: The arena where the Lewiston Maineiacs played their home games can seat how many people?
",32,Answer:,hotpotqa,hotpotqa,10535,en,"['3,677 seated']",
c9f8b2166f7c44bf2e0843b2c77fb9fa5738af275555ca73,Which ocean would the ingredients likely come from for the She-crab soup?, Atlantic Ocean,"Question: Which ocean would the ingredients likely come from for the She-crab soup?
",32,Answer:,hotpotqa,hotpotqa,2496,en,['Atlantic Ocean'],
a3859ad1c8ffbce9bb2952f83cb463cc7051072c38eb8d70,What profession do Raj Kapoor and Mike Cahill share?, Filmmaker,"Question: What profession do Raj Kapoor and Mike Cahill share?
",32,Answer:,hotpotqa,hotpotqa,11183,en,['director'],
4567b6935bf5c64a1974b1089d67d176d9acac6b29836cb7,"The 2011 La Manga Cup was won by Viking, who beat which Norwegian football club from the town of Kristiansand, currently playing in Tippeligaen having been promoted from Adeccoligaen in 2012?", Start,"Question: The 2011 La Manga Cup was won by Viking, who beat which Norwegian football club from the town of Kristiansand, currently playing in Tippeligaen having been promoted from Adeccoligaen in 2012?
",32,Answer:,hotpotqa,hotpotqa,2808,en,['IK Start'],
f327fe18cfe320df9685d7195f33d41745a432e769476dd0,"What colors are worn by the Oregon Duck, mascot of the University of Oregon athletic teams?", Green and yellow.,"Question: What colors are worn by the Oregon Duck, mascot of the University of Oregon athletic teams?
",32,Answer:,hotpotqa,hotpotqa,11434,en,['green and yellow'],
4cdf613f05eaa834f5867ee486ec94d47587f09b5a7bb6db,What is the character of fictional character Claire Fraser in a British-American television drama series developed by Ronald D. Moore ?, A married World War II nurse who finds herself transported back in time to 1743 Scotland where she meets and falls in love with the dashing Highland warrior Jamie Fraser.,"Question: What is the character of fictional character Claire Fraser in a British-American television drama series developed by Ronald D. Moore ?
",32,Answer:,hotpotqa,hotpotqa,10461,en,['Claire is a married World War II nurse'],
1df269c3eca341348a837f39c628f59aa40d663c07875d24,For what ogranization does a commentator of Press TV serve as associate director?, The Royal Ballet,"Question: For what ogranization does a commentator of Press TV serve as associate director?
",32,Answer:,hotpotqa,hotpotqa,11212,en,['Henry Jackson Society'],
d6fe5bc54941b566b3c88598bbc459ee4d7098d6c6f22c4d,What else was Baghdad known as during the Abbasid Caliphate?, The City of Peace,"Question: What else was Baghdad known as during the Abbasid Caliphate?
",32,Answer:,hotpotqa,hotpotqa,10878,en,['the City of Peace'],
d3249d0550c7105bdd4ed60c9ca9d955db08d362574c2086,Leonard Logsdail had a cameo role in the biographical film directed by whom?, Martin Scorsese,"Question: Leonard Logsdail had a cameo role in the biographical film directed by whom?
",32,Answer:,hotpotqa,hotpotqa,10355,en,['Martin Scorsese'],
7d3bc2e36b406094cb586b4eeb07f13a7f1ac9dfbdce7d1f,"Which composer was wrote his music most recently, Michael Tippett or Luigi Cherubini?", Michael Tippett,"Question: Which composer was wrote his music most recently, Michael Tippett or Luigi Cherubini?
",32,Answer:,hotpotqa,hotpotqa,11419,en,['Michael Kemp Tippett'],
bf8ee342564ae21a17b169023f83a20220a63198827a0232,The Panel with striding lion  was one of many that lined the way north of the gate to the inner city of what location?, Babylon,"Question: The Panel with striding lion  was one of many that lined the way north of the gate to the inner city of what location?
",32,Answer:,hotpotqa,hotpotqa,10063,en,['Babylon'],
c274ce731f680eb107c70386e2e341615378165ecc22799e,What Lithuanian producer is best known for a song that was one of the most popular songs in Ibiza in 2014?, Ten Walls.,"Question: What Lithuanian producer is best known for a song that was one of the most popular songs in Ibiza in 2014?
",32,Answer:,hotpotqa,hotpotqa,4660,en,['Ten Walls'],
861e7d3ba836f6a816d0265dc1c9f5566ef4d22b8de223ca,John Paesano wrote which film for DreamWorks Dragons?, None of the passages mention John Paesano writing a film for DreamWorks Dragons.,"Question: John Paesano wrote which film for DreamWorks Dragons?
",32,Answer:,hotpotqa,hotpotqa,11780,en,['Dragons: Riders of Berk'],
6c64a81fa526cb96d0a191d9cbd85a7e917b5d4f03b316d7,The player who laid motionless for ten minutes in the Todd Bertuzzi–Steve Moore incident was born in which year ?, 1978,"Question: The player who laid motionless for ten minutes in the Todd Bertuzzi–Steve Moore incident was born in which year ?
",32,Answer:,hotpotqa,hotpotqa,10058,en,['1978'],
b84411acb9b2e39a68f92ed9e164eb053d3dd9ba4160f0af,Who had the lowest vocal range in Cosmos?, Not found in the given passages.,"Question: Who had the lowest vocal range in Cosmos?
",32,Answer:,hotpotqa,hotpotqa,5595,en,['Jānis Strazdiņš'],
de202b6e76dc82831c7f14a6d4346d84b0c0e5e3783356cf,Havelock Ellis and Arnold Bennett were both what?, Writers and social reformers.,"Question: Havelock Ellis and Arnold Bennett were both what?
",32,Answer:,hotpotqa,hotpotqa,11759,en,['writer'],
e0873e8c51c3e473d614f6ff9705557ec2f37972ec4be718,"In 135 BC, a second campaign was sent to intervene in a war between Minyue and another ancient kingdom established at the collapse of whom?", the Qin dynasty,"Question: In 135 BC, a second campaign was sent to intervene in a war between Minyue and another ancient kingdom established at the collapse of whom?
",32,Answer:,hotpotqa,hotpotqa,11577,en,['the Qin dynasty'],
c1cfe7334235bf4a9ef11293d8be2d4055a70ac89334be2c,What title did the author of Det norske Theater's first production hold ? , Holberg,"Question: What title did the author of Det norske Theater's first production hold ? 
",32,Answer:,hotpotqa,hotpotqa,4400,en,['Baron of Holberg'],
de89026c970fbb6dff04176107b9cf20407d155bc1ae2eec,Where did the punter for the Dallas Cowboys in the 1980s play college football?, University of Mississippi,"Question: Where did the punter for the Dallas Cowboys in the 1980s play college football?
",32,Answer:,hotpotqa,hotpotqa,8698,en,['Arizona State University'],
c6c1401ec6e635eac28b985621cf59bde9e416cac2b30080,Are Dutch Smoushond and Sussex Spaniel's both dog breeds?, Yes,"Question: Are Dutch Smoushond and Sussex Spaniel's both dog breeds?
",32,Answer:,hotpotqa,hotpotqa,9019,en,['yes'],
3ece2c87c1ddea4a504fd1c67fe75d34ca8f818bd9ea15d0,"Which band, Matthew Good Band or Switchfoot is still together?", Switchfoot,"Question: Which band, Matthew Good Band or Switchfoot is still together?
",32,Answer:,hotpotqa,hotpotqa,8396,en,['Switchfoot'],
ce14f5dd15a5819d08a11f04e015e35a6f3640119973f806,Are Portland International Airport and Gerald R. Ford International Airport both located in Oregon?, No,"Question: Are Portland International Airport and Gerald R. Ford International Airport both located in Oregon?
",32,Answer:,hotpotqa,hotpotqa,11276,en,['no'],
d3b2acfdec13f925424cd7d96b689557edfd08e6dd6177b7,"Who won more awards, Brothers Quay or Jake Kasdan?", Brothers Quay,"Question: Who won more awards, Brothers Quay or Jake Kasdan?
",32,Answer:,hotpotqa,hotpotqa,10564,en,['Brothers Quay'],
c5d6aa8cb0ad17a88eb66d578e86f783e3ac1f3684df9425,How long is the river The Atherton Bridge spans?, 72 feet,"Question: How long is the river The Atherton Bridge spans?
",32,Answer:,hotpotqa,hotpotqa,5636,en,['37.5'],
31386c51d334a83befff8c1264657e197fad8b2885906939,Why is Bangor Daily News talkin about Sawin Millett?, Bangor Daily News is not talking about Sawin Millett.,"Question: Why is Bangor Daily News talkin about Sawin Millett?
",32,Answer:,hotpotqa,hotpotqa,6763,en,['Commissioner by the Maine Senate'],
27190bb50ab7e97f74e2feec7dc3ef037f1a1c74d335ecb1,Who did the actor that plays Sean Tully defeat in a dancing contest?, He won Let's Dance for Comic Relief.,"Question: Who did the actor that plays Sean Tully defeat in a dancing contest?
",32,Answer:,hotpotqa,hotpotqa,11053,en,['Jodie Prenger'],
b524574cca42824f963480aae00867719108113389d087d3,What river does Waterloo Bridge and London Eye have in common?, The River Thames.,"Question: What river does Waterloo Bridge and London Eye have in common?
",32,Answer:,hotpotqa,hotpotqa,11460,en,['Thames'],
d3b197d5b4da1198fc9c232524faced0f528b89f919b8061,"Which is a beauty magazine, Allure or Claudia?", Both,"Question: Which is a beauty magazine, Allure or Claudia?
",32,Answer:,hotpotqa,hotpotqa,3506,en,['Allure'],
0d6a7aae6f7e00180107c47a73dedda18caf3949666c4d55,"Which American actor portray Steve Urkel in ""Family Matters""", Jaleel White,"Question: Which American actor portray Steve Urkel in ""Family Matters""
",32,Answer:,hotpotqa,hotpotqa,8113,en,['Jaleel Ahmad White'],
c5f1f53de09eb82eae93ae68a9581141a8cc8f3df6851926,What lake in Australia is named after a Scottish Knight?, Lake Wallace,"Question: What lake in Australia is named after a Scottish Knight?
",32,Answer:,hotpotqa,hotpotqa,5091,en,['Lake Wallace'],
5fc84dadeb648a27c3aaa64698a5bec5d2ef23eb32e22e44,"How many records did the singer who sang ""Four Seasons of Love"" sell worldwide?", Over 100 million records worldwide.,"Question: How many records did the singer who sang ""Four Seasons of Love"" sell worldwide?
",32,Answer:,hotpotqa,hotpotqa,11685,en,['140 million'],
40b5d54934bcf22bb9267e605c49d46509f3bd41b1a34c31,"what is the group called that Dianne Morgan and Joe Wilkinson a part of in the BBC comedy ""Two Episodes of Mash""", Two Episodes of Mash,"Question: what is the group called that Dianne Morgan and Joe Wilkinson a part of in the BBC comedy ""Two Episodes of Mash""
",32,Answer:,hotpotqa,hotpotqa,7720,en,['the deadpan sketch group'],
c9ee71b5dc7f5a4538d7727c95f80c174d3c9819dfbeac5a,The 53rd National Hockey League All-Star Game took place at the indoor arena that was completed in what year?, 1998,"Question: The 53rd National Hockey League All-Star Game took place at the indoor arena that was completed in what year?
",32,Answer:,hotpotqa,hotpotqa,10424,en,['1998'],
4670f2a542ac06d27e47a74a042cf57f743fba34722a7dc5,"What is the first name of the author who wrote the play in which Rønnaug Alten made her stage debut at Den Nationale Scene in 1930 as ""Viola""?", William,"Question: What is the first name of the author who wrote the play in which Rønnaug Alten made her stage debut at Den Nationale Scene in 1930 as ""Viola""?
",32,Answer:,hotpotqa,hotpotqa,2412,en,['William'],
f2da37b927d3f8ce752b69d7149a6eb31aa738d123f8fdb6,Which artist is known for his work on Marvel Team-Up and Batman: Son of the Demon?, Jerry Bingham,"Question: Which artist is known for his work on Marvel Team-Up and Batman: Son of the Demon?
",32,Answer:,hotpotqa,hotpotqa,11900,en,"['Gerald ""Jerry"" Joseph Bingham, Jr.']",
5da42038bb9d29bb30e4094504ad06dc2d43afa373568686,"Are both Kaiping and Pingxiang, Guangxi located in Guandong Province?", No,"Question: Are both Kaiping and Pingxiang, Guangxi located in Guandong Province?
",32,Answer:,hotpotqa,hotpotqa,3777,en,['no'],
