question,predicted_answer,input,all_classes,_id,language,task,max_new_tokens,length,dataset,answer_prefix,answers
"Question: Where was the wife of Francis I Rákóczi born?
"," Gyulafehérvár, Transylvania.",Where was the wife of Francis I Rákóczi born?,,41ac2a4beb0af8f58d01863a62b90692f7c7d74b5e3a58d9,en,2wikimqa,32,4696,2wikimqa,Answer:,['Ozalj']
"Question: Who is Sobe (Sister Of Saint Anne)'s grandchild?
", Elizabeth,Who is Sobe (Sister Of Saint Anne)'s grandchild?,,3924e4ac5039ce3fadda49604bfcb0f5238af81774616e53,en,2wikimqa,32,4776,2wikimqa,Answer:,['John the Baptist']
"Question: Where does the director of film Man At Bath work at?
", The film Man At Bath is directed by Christophe Honoré.,Where does the director of film Man At Bath work at?,,2c952e3e1ca394df975103b3135b3c38e0ee16e25d860258,en,2wikimqa,32,4274,2wikimqa,Answer:,['Cahiers du cinéma']
"Question: Do both Beauty And The Bad Man and Wild Child (Film) films have the directors from the same country?
", No,Do both Beauty And The Bad Man and Wild Child (Film) films have the directors from the same country?,,aec83da1f2faf6ec8badfd53d632f525c9ef2090d99d1c6c,en,2wikimqa,32,8125,2wikimqa,Answer:,['no']
"Question: What is the date of birth of William Paulet, 3Rd Marquess Of Winchester's father?
", c. 1532,"What is the date of birth of William Paulet, 3Rd Marquess Of Winchester's father?",,4b28d517ce1c1e3cfec9282ca7b212c1cb87c254781d7c86,en,2wikimqa,32,4621,2wikimqa,Answer:,['1510']
"Question: Who is Edward Watson, Viscount Sondes's paternal grandfather?
"," Edward Watson, Viscount Sondes's paternal grandfather is Edward Watson, 2nd Baron Rockingham.","Who is Edward Watson, Viscount Sondes's paternal grandfather?",,81cd47ec621f2228d8bb4ec351ffd6b23d23107e5b287ffb,en,2wikimqa,32,4625,2wikimqa,Answer:,['Edward Watson']
"Question: What is the date of death of Humphrey De Bohun, 7Th Earl Of Hereford's father?
", 1373,"What is the date of death of Humphrey De Bohun, 7Th Earl Of Hereford's father?",,048e82b64b5651b74d452db7151c2110a718128dfd12a774,en,2wikimqa,32,5001,2wikimqa,Answer:,['16 September 1360']
"Question: Who is Helmichis's father-in-law?
", Alboin,Who is Helmichis's father-in-law?,,c8fd8db4d295aef41a9434299a8eeffb9af5e2bbcde4f13a,en,2wikimqa,32,7639,2wikimqa,Answer:,['Cunimund']
"Question: Where did Helena Carroll's father study?
"," St Patrick's College, Dublin",Where did Helena Carroll's father study?,,4db5bcd1d49fce674507d9128850eb71b808b7dc4246e882,en,2wikimqa,32,3964,2wikimqa,Answer:,"[""St Patrick's College""]"
"Question: Where does the director of film Wine Of Morning work at?
", Bob Jones University.,Where does the director of film Wine Of Morning work at?,,be97290f663a83ba27007dd262ca2a6072c9156f775a24ad,en,2wikimqa,32,5162,2wikimqa,Answer:,['Bob Jones University']
"Question: Which film has the director who was born earlier, The Secret Invasion or The House Of The Seven Hawks?
", The House Of The Seven Hawks,"Which film has the director who was born earlier, The Secret Invasion or The House Of The Seven Hawks?",,538d0eac8ec082e93d6f273237fafd1f23fb405e35bad84e,en,2wikimqa,32,10338,2wikimqa,Answer:,['The House Of The Seven Hawks']
"Question: Who is the paternal grandmother of Marie Of Brabant, Queen Of France?
", Marie of Brabant,"Who is the paternal grandmother of Marie Of Brabant, Queen Of France?",,37022dee1597491021c2aa7522276a600eb0dd316f12cbb6,en,2wikimqa,32,3596,2wikimqa,Answer:,['Marie of Hohenstaufen']
"Question: Who is Renaud Ii, Count Of Soissons's uncle?
"," Renaud I, Count of Soissons","Who is Renaud Ii, Count Of Soissons's uncle?",,90f7f51f0c27f041e730cf8893f79f3f40fcb0aab1820a4d,en,2wikimqa,32,1280,2wikimqa,Answer:,"['Guy II, Count of Soissons']"
"Question: When did William Le Poer Trench's father die?
", 26 April 1872,When did William Le Poer Trench's father die?,,ee29eb2556135405fa19a48b0abdff0aceddef7594169c33,en,2wikimqa,32,3432,2wikimqa,Answer:,['26 April 1872']
"Question: Which country the director of film Renegade Force is from?
", United States,Which country the director of film Renegade Force is from?,,2a398d925d3607c94ffb2d0cf9fe2fe6da6e9970ce95578a,en,2wikimqa,32,4442,2wikimqa,Answer:,['America']
"Question: Who is the spouse of the director of film Emergency Wedding?
", Barbara Hale,Who is the spouse of the director of film Emergency Wedding?,,8d3cf7916a2f8a2762de13a9520b6350e46464fbf7f63dd5,en,2wikimqa,32,10444,2wikimqa,Answer:,['Ona Munson']
"Question: Which film came out earlier, Indradhanura Chhai or The Death Of Black King?
", Indradhanura Chhai,"Which film came out earlier, Indradhanura Chhai or The Death Of Black King?",,5844352bd3fe5898756970abec3099ec694be6ad15c498db,en,2wikimqa,32,1696,2wikimqa,Answer:,['The Death Of Black King']
"Question: Do both films The Reincarnation Of Golden Lotus and I'Ll Get By (Film) have the directors from the same country?
", No,Do both films The Reincarnation Of Golden Lotus and I'Ll Get By (Film) have the directors from the same country?,,4413705182b57f12dc553e0919b50fd3c3b111cb4d82d12f,en,2wikimqa,32,5932,2wikimqa,Answer:,['no']
"Question: Are both villages, Rhosgoch and Qaleh-Ye Sahar, located in the same country?
", No,"Are both villages, Rhosgoch and Qaleh-Ye Sahar, located in the same country?",,cc32d31bbeb3e0d8787e963cf0843ae6b22f33817eb5a587,en,2wikimqa,32,535,2wikimqa,Answer:,['no']
"Question: Where was the director of film Kanneshwara Rama born?
", Mysore.,Where was the director of film Kanneshwara Rama born?,,b3845fcad97309850a76e3720cd829a45d2bb12ee29a9cfb,en,2wikimqa,32,3532,2wikimqa,Answer:,['Mysore']
"Question: Where was the place of death of Randi Monsen's father?
", Hamar,Where was the place of death of Randi Monsen's father?,,236eb4a8c2ba63d96ed3b6aec9ff7b00fa5e4df1173dd01c,en,2wikimqa,32,2782,2wikimqa,Answer:,['Kristiania']
"Question: Where did the performer of song I'Ll Say It graduate from?
", The Lee Strasberg Theatre and Film Institute,Where did the performer of song I'Ll Say It graduate from?,,e026b7c57d2d759c12652fae6421931fe4f8cf8745ff9bdb,en,2wikimqa,32,7578,2wikimqa,Answer:,['Lee Strasberg Theatre and Film Institute']
"Question: Which film has the director who was born first, Hell Up In Harlem or The Soviet Story?
", Hell Up In Harlem,"Which film has the director who was born first, Hell Up In Harlem or The Soviet Story?",,8dedfb4f00b873379cb4457d81113516b8db6c4017a1c912,en,2wikimqa,32,9013,2wikimqa,Answer:,['Hell Up In Harlem']
"Question: Who was born first, Cipriano Castro or Damir Nikšić?
", Cipriano Castro,"Who was born first, Cipriano Castro or Damir Nikšić?",,7c0b13a81d9d58791b71c2d8e46d2d063de3b9e89c75335f,en,2wikimqa,32,6026,2wikimqa,Answer:,['Cipriano Castro']
"Question: Which film has the director who died first, The Year Of The Rabbit or Monster On The Campus?
", Monster On The Campus,"Which film has the director who died first, The Year Of The Rabbit or Monster On The Campus?",,655c0c4e465b47d7fd829d3a487705991f4c059cee3c9aed,en,2wikimqa,32,6192,2wikimqa,Answer:,['Monster On The Campus']
"Question: Who is younger, Guy Arvely Dolsin or Altuğ Çelikbilek?
", Altuğ Çelikbilek,"Who is younger, Guy Arvely Dolsin or Altuğ Çelikbilek?",,8720ebfc91b6860392a2b7b0ba954b0cd16ffd8c360a1f2b,en,2wikimqa,32,889,2wikimqa,Answer:,['Altuğ Çelikbilek']
"Question: Which song came out first, Joel The Lump Of Coal or Jugband Blues?
", Jugband Blues,"Which song came out first, Joel The Lump Of Coal or Jugband Blues?",,919cc6b1e482c475dc93740aae3549bc6012d644fb29562c,en,2wikimqa,32,3517,2wikimqa,Answer:,['Jugband Blues']
"Question: Are both Open Mobile and Primestar located in the same country?
", Yes,Are both Open Mobile and Primestar located in the same country?,,0d02726cbaab0fbd2e84b7537550154e8aa96f81abb2864b,en,2wikimqa,32,4141,2wikimqa,Answer:,['yes']
"Question: Who is the paternal grandfather of Baldwin I Rátót?
", Rathold Rátót,Who is the paternal grandfather of Baldwin I Rátót?,,33e3bc2dc011e79c047553153b1ab176c6a08f923af245ec,en,2wikimqa,32,3948,2wikimqa,Answer:,['Leustach Rátót']
"Question: What is the place of birth of Ratna Malla's father?
", Bhaktapur,What is the place of birth of Ratna Malla's father?,,6275ba9fee197d2fab82671a4497b4764a461c2c7c33ac0b,en,2wikimqa,32,4625,2wikimqa,Answer:,['Nepal']
"Question: Who is Archibald Acheson, 4Th Earl Of Gosford's paternal grandfather?
"," Arthur Acheson, 1st Earl of Gosford","Who is Archibald Acheson, 4Th Earl Of Gosford's paternal grandfather?",,40de6f6c353c080845a8ea644039e9ba83cd481d3745395b,en,2wikimqa,32,4383,2wikimqa,Answer:,"['Archibald Acheson, 2nd Earl of Gosford']"
"Question: Who is the paternal grandfather of Mark Getty?
", John Paul Getty,Who is the paternal grandfather of Mark Getty?,,35ffcf04ff64965decfcd3d34ff37b35da2a92f0b64346cd,en,2wikimqa,32,5464,2wikimqa,Answer:,['Jean Paul Getty']
"Question: Where did the performer of song Fantasy (George Michael Song) die?
", London,Where did the performer of song Fantasy (George Michael Song) die?,,47ed89f40cae521df8767b1b7077fe9c547c10fd8bf1c6b2,en,2wikimqa,32,11686,2wikimqa,Answer:,"['Goring-on-Thames, Oxfordshire']"
"Question: Do director of film Betrayal (1932 Film) and director of film The Godsend (Film) share the same nationality?
", No,Do director of film Betrayal (1932 Film) and director of film The Godsend (Film) share the same nationality?,,ead67129fee9b0024c9c3f53041469d74cf8a0281e39febb,en,2wikimqa,32,3122,2wikimqa,Answer:,['yes']
"Question: Which film whose director was born first, The Abduction Club or Wooden Crosses?
", Wooden Crosses,"Which film whose director was born first, The Abduction Club or Wooden Crosses?",,0ef1c3ac6b07212a6d5a91bfab2c12f2823412f10f667616,en,2wikimqa,32,4154,2wikimqa,Answer:,['Wooden Crosses']
"Question: Which film came out earlier, Above Rubies or The Magic Aster?
", Above Rubies,"Which film came out earlier, Above Rubies or The Magic Aster?",,8daefc2a4f66b3614a6934857c8c8f9cfdeb3ca23d16e172,en,2wikimqa,32,3299,2wikimqa,Answer:,['Above Rubies']
"Question: Which film has the director who is older than the other, Blue Blood And Red or The Longshot? 
", Blue Blood And Red,"Which film has the director who is older than the other, Blue Blood And Red or The Longshot? ",,bc40752faddd32264f8402321411881736ab5a4733eee758,en,2wikimqa,32,4436,2wikimqa,Answer:,['Blue Blood And Red']
"Question: What is the place of birth of the director of film Clowning Around?
"," Perth, Western Australia",What is the place of birth of the director of film Clowning Around?,,6e7d2d0700c8ec6fc15dc188c42d8104b89935219254fdaf,en,2wikimqa,32,2896,2wikimqa,Answer:,"['Castlemaine, Victoria, Australia']"
"Question: Who was born later, Paul De Scherff or Lyudmyla Olyanovska?
", Paul De Scherff,"Who was born later, Paul De Scherff or Lyudmyla Olyanovska?",,9a0ab728b48d43221f196b43d2816a4dff4142fd0054a4eb,en,2wikimqa,32,6416,2wikimqa,Answer:,['Lyudmyla Olyanovska']
"Question: Where was the place of death of Kamures Kadın's husband?
", Yıldız Palace.,Where was the place of death of Kamures Kadın's husband?,,6e7c0185fda0b6211274db748205994ee1468cfb30e2023d,en,2wikimqa,32,4769,2wikimqa,Answer:,['Constantinople']
"Question: What is the place of birth of Bernard (Son Of Charles The Fat)'s father?
", Melun,What is the place of birth of Bernard (Son Of Charles The Fat)'s father?,,55acb15a501d22031778ff4ccb655e787668b617d911daa9,en,2wikimqa,32,4957,2wikimqa,Answer:,['East Francia']
"Question: Which film has the director who died first, Tex And The Lord Of The Deep or Henry Goes Arizona?
", Henry Goes Arizona,"Which film has the director who died first, Tex And The Lord Of The Deep or Henry Goes Arizona?",,57543e0892f90733bf97dc270cdb36eb9bf8e2230940bcb9,en,2wikimqa,32,2540,2wikimqa,Answer:,['Henry Goes Arizona']
"Question: Which country the performer of song I Believe In Your Sweet Love is from?
", Wales,Which country the performer of song I Believe In Your Sweet Love is from?,,2d1951b62f317038d28f6ac6a2b21e9d2e7f921ea528948b,en,2wikimqa,32,8759,2wikimqa,Answer:,['United Kingdom']
"Question: Which film whose producer was born first, All-American Co-Ed or Lagu Kenangan?
", All-American Co-Ed,"Which film whose producer was born first, All-American Co-Ed or Lagu Kenangan?",,b126cad8f81aed3c5cc29c20c25b1adc7d1f33e1c4e264c3,en,2wikimqa,32,5527,2wikimqa,Answer:,['All-American Co-Ed']
"Question: What is the place of birth of the director of film A Chrysanthemum Bursts In Cincoesquinas?
", Buenos Aires,What is the place of birth of the director of film A Chrysanthemum Bursts In Cincoesquinas?,,188123e1b35a7de33fc44a40b55ab9ff0b59d29dc30f9148,en,2wikimqa,32,3859,2wikimqa,Answer:,['Buenos Aires']
"Question: Who is the mother-in-law of Louise Of Mecklenburg-Güstrow?
", Charlotte Amalie of Hesse-Kassel,Who is the mother-in-law of Louise Of Mecklenburg-Güstrow?,,5ff6349ea0b2ecb882f535ff3cec2f9c012d3468fb7b912e,en,2wikimqa,32,5695,2wikimqa,Answer:,['Charlotte Amalie of Hesse-Kassel']
"Question: Where was the place of death of Agnes Of Hohenstaufen's husband?
", Tilleda.,Where was the place of death of Agnes Of Hohenstaufen's husband?,,314e76591d11d30d2bd59b2f12b671e873b786656f19956d,en,2wikimqa,32,3954,2wikimqa,Answer:,['Brunswick']
"Question: Who is Marcus Annius Libo's aunt?
", Rupilia Faustina,Who is Marcus Annius Libo's aunt?,,7140432f1c424674d04ea819fa63f85aa4f154d72ab66285,en,2wikimqa,32,3690,2wikimqa,Answer:,['Vibia Sabina']
"Question: Which film was released more recently, Bajo Otro Sol or Riding The California Trail?
", Bajo Otro Sol,"Which film was released more recently, Bajo Otro Sol or Riding The California Trail?",,3292d2bcbbf8fc4816d168bcb7f81c13341198da1e88b903,en,2wikimqa,32,1120,2wikimqa,Answer:,['Bajo Otro Sol']
"Question: Who is the mother of the director of film Dalida (2017 Film)?
", Marie Laforêt,Who is the mother of the director of film Dalida (2017 Film)?,,5421c1e591296d64636a7e99fbfe98dddfed0f83d2053380,en,2wikimqa,32,3219,2wikimqa,Answer:,['Marie Laforêt']
"Question: Who is the spouse of the director of film Streets Of Blood?
", Sandra Nelson,Who is the spouse of the director of film Streets Of Blood?,,f67db35cb225c73bb753006bd14fab03942bbe0157a74979,en,2wikimqa,32,10498,2wikimqa,Answer:,['Sandra Nelson']
"Question: When is Henrietta Maria Of Brandenburg-Schwedt's father's birthday?
", 1669,When is Henrietta Maria Of Brandenburg-Schwedt's father's birthday?,,96500ef697df70106798988a9065594622cdeff67156cd20,en,2wikimqa,32,4570,2wikimqa,Answer:,"['May 19, 1669']"
"Question: Where was the place of death of Sancha Of Castile, Queen Of Navarre's mother?
", Pamplona.,"Where was the place of death of Sancha Of Castile, Queen Of Navarre's mother?",,5a867841d94c9f88f3bc0c333e93484486b09341db474bd6,en,2wikimqa,32,3496,2wikimqa,Answer:,['Palencia']
"Question: Which film was released more recently, Dance With A Stranger or Miley Naa Miley Hum?
", Miley Naa Miley Hum,"Which film was released more recently, Dance With A Stranger or Miley Naa Miley Hum?",,059802de84ebd63ee99284c9cb2b7db2d45ca66c55e68ee1,en,2wikimqa,32,3934,2wikimqa,Answer:,['Miley Naa Miley Hum']
"Question: Which film has the director who is older, Space Probe Taurus or Tom Mix In Arabia?
", Tom Mix In Arabia,"Which film has the director who is older, Space Probe Taurus or Tom Mix In Arabia?",,fcc4a49fbe72f1b8ffef144e2e9d85bfc8897ba2864fd521,en,2wikimqa,32,3324,2wikimqa,Answer:,['Tom Mix In Arabia']
"Question: Which film has the director died later, Seven In The Sun or Daughter Of The Jungle?
", Daughter Of The Jungle,"Which film has the director died later, Seven In The Sun or Daughter Of The Jungle?",,633204c891118a6f3d1ae62d7b444c2ee02ad0cbae4876cc,en,2wikimqa,32,2708,2wikimqa,Answer:,['Seven In The Sun']
"Question: Which film was released first, Vacations In Majorca or Dr. Socrates?
", Dr. Socrates,"Which film was released first, Vacations In Majorca or Dr. Socrates?",,977f59ef09f7cc4ad6c71fc18d8b60e818e07a43cd7bee92,en,2wikimqa,32,4218,2wikimqa,Answer:,['Dr. Socrates']
"Question: Which film has the director born later, Woman In The Moon or Changeland?
", Changeland,"Which film has the director born later, Woman In The Moon or Changeland?",,5c3829f10f9daf565e9b5b52ca19f5c044550e916479da74,en,2wikimqa,32,6736,2wikimqa,Answer:,['Changeland']
"Question: Who is younger, Peter Rosegger or Ruel Redinger?
", Peter Rosegger,"Who is younger, Peter Rosegger or Ruel Redinger?",,0a64d8873482d91efc595a508218c6ce881c13c95028039e,en,2wikimqa,32,2046,2wikimqa,Answer:,['Ruel Redinger']
"Question: Who is Pyotr Karatygin's sibling-in-law?
", Vasily Karatygin,Who is Pyotr Karatygin's sibling-in-law?,,44b7f326c7b3c430968c237ee4017425d03eef586d5d6cb7,en,2wikimqa,32,2898,2wikimqa,Answer:,['Alexandra Kolosova']
"Question: Who is the spouse of the performer of song This Time (Waylon Jennings Song)?
", There is no information about the spouse of the performer of the song This Time in the given passages.,Who is the spouse of the performer of song This Time (Waylon Jennings Song)?,,85d2e8c38cc3b6f464eae6d84ef2df5f41807c9f8bf3aac8,en,2wikimqa,32,7833,2wikimqa,Answer:,['Jessi Colter']
"Question: Are Twin Cairns Island and Nova Zembla Island located in the same country?
", Yes,Are Twin Cairns Island and Nova Zembla Island located in the same country?,,1038dcf795ffefdb5d947e54a7e2d3b04d73895e482fd324,en,2wikimqa,32,2351,2wikimqa,Answer:,['yes']
"Question: Who died first, Erich Haenisch or William Pooley?
", Erich Haenisch died first.,"Who died first, Erich Haenisch or William Pooley?",,62616c28af945825f87a95c47c1783dc284b06ec2d447402,en,2wikimqa,32,2189,2wikimqa,Answer:,['William Pooley']
"Question: What nationality is the performer of song You Can?
", American,What nationality is the performer of song You Can?,,a3c88e70534d79b432d32c0b53d0d181c957b353f658dc95,en,2wikimqa,32,4845,2wikimqa,Answer:,['Sweden']
"Question: Do Nick Varner and Carl Duser share the same nationality?
", Yes,Do Nick Varner and Carl Duser share the same nationality?,,63df7238a0005c6bffc122ca97570a95eb1d3711abaee205,en,2wikimqa,32,1412,2wikimqa,Answer:,['yes']
"Question: Which film has the director who died earlier, Melody Of The World or Ladies Love Danger?
", Melody Of The World,"Which film has the director who died earlier, Melody Of The World or Ladies Love Danger?",,c94e0220a7c5dadee3094df576df766b6d1a15b6c6e21011,en,2wikimqa,32,4784,2wikimqa,Answer:,['Melody Of The World']
"Question: Where was the place of death of the composer of film Miracle Of Marcelino?
", Spain,Where was the place of death of the composer of film Miracle Of Marcelino?,,cab5465c3f7663e5d72c15a32bc04c8a917dac3c03828814,en,2wikimqa,32,2868,2wikimqa,Answer:,['Madrid']
"Question: Who is the mother of the director of film Atomised (Film)?
", Not mentioned in the given passages.,Who is the mother of the director of film Atomised (Film)?,,be0651d84c04af5de43e28cf89e78d7e87490e637167632e,en,2wikimqa,32,3211,2wikimqa,Answer:,['Gisela Elsner']
"Question: Which film has the director who died later, The Great Man'S Lady or La Belle Américaine?
", The Great Man's Lady,"Which film has the director who died later, The Great Man'S Lady or La Belle Américaine?",,ef73e58876b94a997d928ee13b7ac7cdb8b8aa0bac856a92,en,2wikimqa,32,4142,2wikimqa,Answer:,['La Belle Américaine']
"Question: What is the place of birth of the director of film Sweepstakes (Film)?
"," Oklahoma City, Oklahoma.",What is the place of birth of the director of film Sweepstakes (Film)?,,7940c60a5ff2d81b62d118253577d1d891057ca45695e91a,en,2wikimqa,32,3277,2wikimqa,Answer:,"['Oklahoma City, Oklahoma']"
"Question: Where was the place of death of Shahnawaz Bhutto's mother?
", Dubai,Where was the place of death of Shahnawaz Bhutto's mother?,,a88430cef36a0222c3c30780328ff266b16325a7ec723a97,en,2wikimqa,32,4240,2wikimqa,Answer:,['Dubai']
"Question: Where was the performer of song Égérie (Song) born?
"," La Trinité, a commune within the Nice metropolitan area.",Where was the performer of song Égérie (Song) born?,,0bcff697444354703dd1e8987a709b8ed2f44bf9d6b2d320,en,2wikimqa,32,4966,2wikimqa,Answer:,['La Trinité']
"Question: Who is the father-in-law of Duke William Of Mecklenburg-Schwerin?
", Prince Albert of Prussia,Who is the father-in-law of Duke William Of Mecklenburg-Schwerin?,,24e27e943be014d4549674d581cdc20fdae92fa3d9cd256c,en,2wikimqa,32,4350,2wikimqa,Answer:,['Prince Albert of Prussia']
"Question: Are Gut (Crișul Alb) and Gepiș both located in the same country?
", Yes,Are Gut (Crișul Alb) and Gepiș both located in the same country?,,0c43156b7d6bc17425a89dc6c6d48fc8c2c72ac9eba55a87,en,2wikimqa,32,562,2wikimqa,Answer:,['yes']
"Question: Where was the place of death of Anne Devereux's husband?
", Northampton.,Where was the place of death of Anne Devereux's husband?,,64d6357ab735a8542112f87893a6e7c89b1b307bdb0e24c7,en,2wikimqa,32,3847,2wikimqa,Answer:,['Banbury']
"Question: Who is Sir William Gore, 3Rd Baronet's paternal grandfather?
"," Sir Paul Gore, 1st Baronet","Who is Sir William Gore, 3Rd Baronet's paternal grandfather?",,9ef1c9e836fb3844fe16369a346088af89b8da29e24aab1f,en,2wikimqa,32,2779,2wikimqa,Answer:,"['Sir Paul Gore, 1st Baronet']"
"Question: Which country Nizar Al-Mustafa's father is from?
", Egypt,Which country Nizar Al-Mustafa's father is from?,,f11ac580e22d7d0e3da7cf1c725c8def8aef4aa891baa07a,en,2wikimqa,32,8314,2wikimqa,Answer:,['Fatimid caliphate']
"Question: Where was the wife of Lou Breslow born?
"," Dayton, Ohio.",Where was the wife of Lou Breslow born?,,884614fa7d0fe723587d2f2677d3f2143cd13ab74391bea6,en,2wikimqa,32,3761,2wikimqa,Answer:,"['Dayton, Ohio']"
"Question: Who is the spouse of the director of film Ann Carver'S Profession?
", Edward Buzzell,Who is the spouse of the director of film Ann Carver'S Profession?,,ec4ba162decfc8dd03ccbca7832f3cecf985a5542e70dec1,en,2wikimqa,32,11373,2wikimqa,Answer:,['Ona Munson']
"Question: Which film came out earlier, The Drover'S Sweetheart or Pigsty (Film)?
", The Drover'S Sweetheart,"Which film came out earlier, The Drover'S Sweetheart or Pigsty (Film)?",,9c5350cca5afdd1a7254dbc26b3642401551473f4b071ce6,en,2wikimqa,32,3866,2wikimqa,Answer:,"[""The Drover'S Sweetheart""]"
"Question: What is the place of birth of the director of film Bhagirathi (Film)?
", North Karnataka,What is the place of birth of the director of film Bhagirathi (Film)?,,9ce10c5072e04cbd0d81d7e721fba8cf8062cc665fd32314,en,2wikimqa,32,3459,2wikimqa,Answer:,['Tumkur']
"Question: Which film came out earlier, Closely Watched Trains or Det Sande Ansigt?
", Det Sande Ansigt,"Which film came out earlier, Closely Watched Trains or Det Sande Ansigt?",,58301315eaee3256c8f5ddefb03de59d55a75d3a37aab88a,en,2wikimqa,32,4713,2wikimqa,Answer:,['Det Sande Ansigt']
"Question: Which film has the director who died earlier, Il Gaucho or Bomgay?
", Il Gaucho,"Which film has the director who died earlier, Il Gaucho or Bomgay?",,62453a76a4867b6d09ac435581e1a327ec5b55cf231c79f9,en,2wikimqa,32,4261,2wikimqa,Answer:,['Bomgay']
"Question: Where was the place of death of Maria (Wife Of Boris I Of Bulgaria)'s husband?
", The place of death of Andries van Hoorn is not mentioned in the given passages.,Where was the place of death of Maria (Wife Of Boris I Of Bulgaria)'s husband?,,e5eb5e5215ff4d3f7a036fa1a20699d85cdfb68a7908f086,en,2wikimqa,32,5869,2wikimqa,Answer:,['Preslav']
"Question: Which film came out first, The Pyrammmid or Revolt Of The Praetorians?
", Revolt Of The Praetorians.,"Which film came out first, The Pyrammmid or Revolt Of The Praetorians?",,1d38c4b905f131417ce218eb86f68305a10160f9757cbeca,en,2wikimqa,32,3504,2wikimqa,Answer:,['Revolt Of The Praetorians']
"Question: Are both directors of films La Morte Vivante and Stranger On Horseback from the same country?
", No,Are both directors of films La Morte Vivante and Stranger On Horseback from the same country?,,c1b46a5458b15fdbfcd264b7e26e42d2cbaafb0e6dc5f48d,en,2wikimqa,32,10582,2wikimqa,Answer:,['yes']
"Question: What is the cause of death of Constantia Eriksdotter's father?
", Arsenic poisoning.,What is the cause of death of Constantia Eriksdotter's father?,,98ead8987446388d37301c03d7d9f24e2f511a9e0c10bcdf,en,2wikimqa,32,5584,2wikimqa,Answer:,['poisoning']
"Question: What nationality is the director of film Postmortem (1998 Film)?
", American,What nationality is the director of film Postmortem (1998 Film)?,,d267c5682ee42c1a570524a4b129fa908997a0ecfe07f8f6,en,2wikimqa,32,5631,2wikimqa,Answer:,['America']
"Question: Which country Keōpūolani's husband is from?
"," Hoapili, Keōpūolani's husband, is from the island of Maui.",Which country Keōpūolani's husband is from?,,fac1e789f954097c329b2709c591f0b35841438b14d08784,en,2wikimqa,32,8829,2wikimqa,Answer:,['Kingdom of Hawaii']
"Question: Which film came out earlier, X-Paroni or Mi Novia Está De Madre?
", X-Paroni.,"Which film came out earlier, X-Paroni or Mi Novia Está De Madre?",,c9e8d02824dfbdf95fe9f90c45dc13bc12f45b6969b1467b,en,2wikimqa,32,2674,2wikimqa,Answer:,['X-Paroni']
"Question: Which film was released earlier, August Underground'S Penance or Vasantha Raagam?
", Vasantha Raagam,"Which film was released earlier, August Underground'S Penance or Vasantha Raagam?",,f77d9c5f3892f245b951dfd32e935473f63a4c6b565e31a9,en,2wikimqa,32,6052,2wikimqa,Answer:,['Vasantha Raagam']
"Question: Who is the father-in-law of Hong Ra-Hee?
", Lee Kun-hee,Who is the father-in-law of Hong Ra-Hee?,,eb1478ef3d4926564e153e99fd139c87e59cfaee49caac88,en,2wikimqa,32,6337,2wikimqa,Answer:,['Lee Byung-chul']
"Question: Who is Isabella Of Bourbon's paternal grandfather?
", Charles of Valois,Who is Isabella Of Bourbon's paternal grandfather?,,259e029da053a54f862f2455f3b92fb5f1b810647f1c1825,en,2wikimqa,32,4501,2wikimqa,Answer:,"['John I, Duke of Bourbon']"
"Question: What is the date of death of Duleep Singh's father?
", 22 October 1893,What is the date of death of Duleep Singh's father?,,70923ff731dcad518ecdcdc8b53e165e8515a96ecf8f23c7,en,2wikimqa,32,10742,2wikimqa,Answer:,['27 June 1839']
"Question: What is the place of birth of the director of film Gunsmoke (Film)?
"," Marshall, Indiana",What is the place of birth of the director of film Gunsmoke (Film)?,,a14e739445167b1be10d3a125f958a244c4b378261598a57,en,2wikimqa,32,3888,2wikimqa,Answer:,['Gura Humorului']
"Question: Who is the spouse of the performer of song Et Moi, Et Moi, Et Moi?
", Jacques Dutronc,"Who is the spouse of the performer of song Et Moi, Et Moi, Et Moi?",,32092cc7b80094b9c8914c1f70000295aefc4a985747b0ed,en,2wikimqa,32,5091,2wikimqa,Answer:,['Françoise Hardy']
"Question: Who lived longer, Charles Wheatstone or Jean-Claude Lauzon?
", Charles Wheatstone,"Who lived longer, Charles Wheatstone or Jean-Claude Lauzon?",,0c4dd15b43d1061d372c11946aa71630926e2570f333f538,en,2wikimqa,32,8386,2wikimqa,Answer:,['Charles Wheatstone']
"Question: Where was the place of death of Thomas E. Noell's father?
"," Washington, D.C.",Where was the place of death of Thomas E. Noell's father?,,ececb22cb4bba60194702771c0d4de89658a4798d7efa1a1,en,2wikimqa,32,1917,2wikimqa,Answer:,['Washington']
"Question: Which film has the director died first, Our Agent Tiger or London Melody?
", Our Agent Tiger,"Which film has the director died first, Our Agent Tiger or London Melody?",,da746ca10a31021be62e267f4e1407178b3f4a2d340672d3,en,2wikimqa,32,9611,2wikimqa,Answer:,['London Melody']
"Question: Who is the paternal grandfather of Diego Fernández De Oviedo?
", Fernando Flaínez,Who is the paternal grandfather of Diego Fernández De Oviedo?,,b8ffb375e75ee2976b8825d05d48c34638c7ffeb6d67baff,en,2wikimqa,32,3208,2wikimqa,Answer:,['Flaín Muñoz']
"Question: Who is the child of the director of film The Trouble With Cali?
", Michael Sorvino,Who is the child of the director of film The Trouble With Cali?,,259c17d6e4a5e4c74669836fec3c6de0730bf65e67e6d988,en,2wikimqa,32,4398,2wikimqa,Answer:,['Mira Sorvino']
"Question: Are Ding Yaping and Johann Christian Gustav Lucae of the same nationality?
", No,Are Ding Yaping and Johann Christian Gustav Lucae of the same nationality?,,8af3f07b73fabc0cc4ef4e6928818d1ff08ead9f41a5085a,en,2wikimqa,32,1863,2wikimqa,Answer:,['yes']
"Question: Which country Dorothea Of Denmark, Duchess Of Mecklenburg's father is from?
", Denmark,"Which country Dorothea Of Denmark, Duchess Of Mecklenburg's father is from?",,3816f7d8e90a5497a1c0e415bf25218037c690e8e4d0d016,en,2wikimqa,32,3211,2wikimqa,Answer:,['Norway']
"Question: What is the cause of death of Heonjong Of Goryeo's father?
", He fell ill.,What is the cause of death of Heonjong Of Goryeo's father?,,025911ff0afd34976b0a800c198c4117f95edfcd7b64bb24,en,2wikimqa,32,4438,2wikimqa,Answer:,['illness']
"Question: Where did Mary Of Woodstock's mother die?
", Harby near Lincoln.,Where did Mary Of Woodstock's mother die?,,cdf0b77af7d55cc9a3424613604e8dbabe7a01e4869ad502,en,2wikimqa,32,10562,2wikimqa,Answer:,['Harby']
"Question: Which award the director of film Tiramisu (2002 Film) earned?
", None mentioned in the passage.,Which award the director of film Tiramisu (2002 Film) earned?,,1ff4dc6c1f7c02445945ced1b35a08544d7ba76089675883,en,2wikimqa,32,3401,2wikimqa,Answer:,['Hong Kong Film Award for Best Director']
"Question: What is the date of death of the director of film Nallavan Vazhvan?
", 3 September 1992,What is the date of death of the director of film Nallavan Vazhvan?,,c7347f362602f3a0be4b051c0b68219e0648afa64772bd30,en,2wikimqa,32,1680,2wikimqa,Answer:,['3 September 1992']
"Question: Who died first, Frederick Cleveland Morgan or Nathaniel Mclenaghan?
", Nathaniel McLenaghan,"Who died first, Frederick Cleveland Morgan or Nathaniel Mclenaghan?",,0cf27c68148c99571860af561ce5f64c4524fde278defc63,en,2wikimqa,32,3026,2wikimqa,Answer:,['Nathaniel Mclenaghan']
"Question: Where did the director of film Balls Out (2014 Film) graduate from?
", The Tisch School of the Arts.,Where did the director of film Balls Out (2014 Film) graduate from?,,93ff7c9369b6ff2f37896b54f6e4d8ff91c125f78ae8bf9a,en,2wikimqa,32,3749,2wikimqa,Answer:,['Tisch']
"Question: Which film whose director is younger, Cuchillos De Fuego or A Woman Has Killed?
", Cuchillos De Fuego,"Which film whose director is younger, Cuchillos De Fuego or A Woman Has Killed?",,550f734c7ef908fcfe6b1b7e761826340f00abaa5eb305a0,en,2wikimqa,32,2697,2wikimqa,Answer:,['Cuchillos De Fuego']
"Question: Which film was released earlier, Moment Of Danger or The Ballad Of Josie?
", Moment Of Danger,"Which film was released earlier, Moment Of Danger or The Ballad Of Josie?",,860a0ad0039969cc7f01d512df2b0ea283d8f7d0c08886e5,en,2wikimqa,32,4003,2wikimqa,Answer:,['Moment Of Danger']
"Question: Which magazine was established first, Rock Street Journal or De As?
", De AS,"Which magazine was established first, Rock Street Journal or De As?",,3723ec96e3b1af88c73edaa0a5e87f20194d9d212a67b615,en,2wikimqa,32,2425,2wikimqa,Answer:,['De As']
"Question: Which film has the director who died first, The Piper'S Price or The Blonde From Singapore?
", The Piper's Price,"Which film has the director who died first, The Piper'S Price or The Blonde From Singapore?",,60735709da9cbdd65bab0a11d1a0991ec842fe74d1ab583b,en,2wikimqa,32,4134,2wikimqa,Answer:,"[""The Piper'S Price""]"
"Question: Are H. H. Hunnewell and Bob Flanigan (Singer) of the same nationality?
", Yes,Are H. H. Hunnewell and Bob Flanigan (Singer) of the same nationality?,,76a7a3db55c966560ad3e8d34037602d4d12714980898b78,en,2wikimqa,32,5918,2wikimqa,Answer:,['yes']
"Question: When was Antoine Philippe, Duke Of Montpensier's mother born?
", 1747,"When was Antoine Philippe, Duke Of Montpensier's mother born?",,efea9c05de081efb7ef76741d3f24da2e993d54d99677b72,en,2wikimqa,32,4323,2wikimqa,Answer:,['13 March 1753']
"Question: Which film has the director who died later, True To The Navy or No Trees In The Street?
", No Trees In The Street,"Which film has the director who died later, True To The Navy or No Trees In The Street?",,435fae9b23d8b22e85a57cfd8ceb8541dea5b0c551acc3a9,en,2wikimqa,32,7162,2wikimqa,Answer:,['No Trees In The Street']
"Question: What is the place of birth of the director of film Ninamaninja Kalpadukal?
"," Methala, near Perumbavoor in Kerala.",What is the place of birth of the director of film Ninamaninja Kalpadukal?,,3ee59c959e64a29c8a30263816ad47b76ffab36e5b8859ee,en,2wikimqa,32,3129,2wikimqa,Answer:,['Methala']
"Question: Which film came out earlier, Alkohol or Night Of Dark Shadows?
", Alkohol,"Which film came out earlier, Alkohol or Night Of Dark Shadows?",,43cf26663f3b4cec7a8ea68d56909201a2d1b1ad82512190,en,2wikimqa,32,5610,2wikimqa,Answer:,['Alkohol']
"Question: Which film whose director is younger, Many Tanks Mr. Atkins or Do Musafir?
", Do Musafir,"Which film whose director is younger, Many Tanks Mr. Atkins or Do Musafir?",,77a79ad1902a4732e8030d79380395b7e614d65de3cdd038,en,2wikimqa,32,1138,2wikimqa,Answer:,['Do Musafir']
"Question: Are Revolt In The Big House and The Fugitive (1914 Film) from the same country?
", No,Are Revolt In The Big House and The Fugitive (1914 Film) from the same country?,,f0523a41000b43996413780968b611c3f4d28b87f4acc859,en,2wikimqa,32,1241,2wikimqa,Answer:,['no']
"Question: Where was the composer of film Consenting Adults (1992 Film) born?
", Not specified in the passage.,Where was the composer of film Consenting Adults (1992 Film) born?,,6a60fa19187345478a447b63d8f52a1cb5341e964cda29db,en,2wikimqa,32,2516,2wikimqa,Answer:,['New York']
"Question: Which film has the director who died earlier, Tiger In The Smoke or Contragolpe?
", Contragolpe,"Which film has the director who died earlier, Tiger In The Smoke or Contragolpe?",,78227cb74e7b2401070e50abff8069510f5e5ccec0a2479f,en,2wikimqa,32,3675,2wikimqa,Answer:,['Contragolpe']
"Question: Where was the place of death of the director of film Jail Yatra?
", Mumbai,Where was the place of death of the director of film Jail Yatra?,,f7abcc33c22de53769935182a278a199e9f263a12e56673e,en,2wikimqa,32,3052,2wikimqa,Answer:,['Mumbai']
"Question: Which film came out first, F The Prom or The Comedians Of Comedy?
", The Comedians Of Comedy,"Which film came out first, F The Prom or The Comedians Of Comedy?",,24a43c1b071d8bb99f51fec368dbc438cf7aea1f549ea195,en,2wikimqa,32,4756,2wikimqa,Answer:,['The Comedians Of Comedy']
"Question: Which film has the director who was born first, Tombstone Rashomon or Waiting For The Clouds?
", Waiting For The Clouds,"Which film has the director who was born first, Tombstone Rashomon or Waiting For The Clouds?",,89530e21fb2f36eb499cea025efa9c80b10049f72945bfb6,en,2wikimqa,32,5772,2wikimqa,Answer:,['Tombstone Rashomon']
"Question: Which film has the director who was born earlier, Dhuen Ki Lakeer or Bomma Borusa?
", Dhuen Ki Lakeer,"Which film has the director who was born earlier, Dhuen Ki Lakeer or Bomma Borusa?",,e8c2e5c8d393b186e21c75788f7e93efeaef12a9c44880d9,en,2wikimqa,32,4828,2wikimqa,Answer:,['Dhuen Ki Lakeer']
"Question: Which film has the director who was born first, Perdón, Viejita or Smokey And The Bandit?
"," Perdón, Viejita","Which film has the director who was born first, Perdón, Viejita or Smokey And The Bandit?",,d7f6203bfe33e28a517ed4214f515fb80671c48edd4720a6,en,2wikimqa,32,10456,2wikimqa,Answer:,"['Perdón, Viejita']"
"Question: Where did the director of film American Gothic (2007 Film) graduate from?
", University of Wisconsin-Madison.,Where did the director of film American Gothic (2007 Film) graduate from?,,517da14d56782303ccf8ec057b86bf43169b6f2edcd6d0f1,en,2wikimqa,32,2748,2wikimqa,Answer:,['University of Wisconsin']
"Question: Was Dudley Russell or Juan René Serrano born first?
", Juan René Serrano,Was Dudley Russell or Juan René Serrano born first?,,300ccba91f776e583d418d6d9ecc5e1bdca7bd80580cd36e,en,2wikimqa,32,4526,2wikimqa,Answer:,['Dudley Russell']
"Question: Who was born first, Vytautas Straižys or Mirjam Polkunen?
", Vytautas Straižys,"Who was born first, Vytautas Straižys or Mirjam Polkunen?",,81c8cd41355e5f0489dad4010b5fd414b817f7a9134affc2,en,2wikimqa,32,3620,2wikimqa,Answer:,['Mirjam Polkunen']
"Question: Where did Grand Duchess Elena Vladimirovna Of Russia's father die?
",  Ludwigslust,Where did Grand Duchess Elena Vladimirovna Of Russia's father die?,,0c8d9e57340d06b13e75f1dd42ddb5f08c1203fb62632353,en,2wikimqa,32,9479,2wikimqa,Answer:,['Saint Petersburg']
"Question: Where was the director of film The Dinner (2013 Film) born?
", Eindhoven,Where was the director of film The Dinner (2013 Film) born?,,544828db02efd1313bfc0a1bdeb8c3df5985c299254b0222,en,2wikimqa,32,3592,2wikimqa,Answer:,['Eindhoven']
"Question: Which magazine was established first, Women'S Suffrage Journal or Mostar (Magazine)?
", Women's Suffrage Journal,"Which magazine was established first, Women'S Suffrage Journal or Mostar (Magazine)?",,f5cf6d94b9e4e7adfc30d262396bc29e201d9e07ead1d088,en,2wikimqa,32,3828,2wikimqa,Answer:,"[""Women'S Suffrage Journal""]"
"Question: What is the place of birth of Carrie Watson Fleming's husband?
"," Fairmont, West Virginia",What is the place of birth of Carrie Watson Fleming's husband?,,018c9c2d781ea2c9d57a31bd2e0ff30b55e77017a319484a,en,2wikimqa,32,3228,2wikimqa,Answer:,"['Fairmont, West Virginia']"
"Question: Which film has the director who died earlier, Mayor Muthanna or The Market Of Souls?
", Mayor Muthanna,"Which film has the director who died earlier, Mayor Muthanna or The Market Of Souls?",,93ef40c0bfa088c2a2dd3302976a950cba3e8d97767f65ce,en,2wikimqa,32,2305,2wikimqa,Answer:,['The Market Of Souls']
"Question: Do both films, The Glass Castle (1950 Film) and The Ferret (Film), have the directors who are from the same country?
", Yes,"Do both films, The Glass Castle (1950 Film) and The Ferret (Film), have the directors who are from the same country?",,e15605da0c5b6f02c85aff9f1f683d3f85d211c083792ecb,en,2wikimqa,32,4201,2wikimqa,Answer:,['yes']
"Question: Where was the father of Muhammad Al-Nasir born?
", c. 1160,Where was the father of Muhammad Al-Nasir born?,,bf2899717e8d7d3d83d865ca5ff59e26d7f647e6025e2d52,en,2wikimqa,32,4417,2wikimqa,Answer:,['Morocco']
"Question: Where was the place of death of Enheduanna's father?
", Not specified in the passages.,Where was the place of death of Enheduanna's father?,,57db7adad0b62b8a396fd45937030d876ecd02153b8a931e,en,2wikimqa,32,8701,2wikimqa,Answer:,['Akkadian empire']
"Question: Which film whose director was born first, Solemn Promise or Tarzan The Magnificent?
", Solemn Promise,"Which film whose director was born first, Solemn Promise or Tarzan The Magnificent?",,ce6a3aae400b3f5f028504fec37d7be8b447bd0cb1a0cff5,en,2wikimqa,32,4580,2wikimqa,Answer:,['Tarzan The Magnificent']
"Question: Which film has the director who was born later, The Man Is Armed or Wolf Warrior?
", Wolf Warrior,"Which film has the director who was born later, The Man Is Armed or Wolf Warrior?",,c997d53083dff6918a3f066cc76c824e43eb4ea21de33c51,en,2wikimqa,32,3774,2wikimqa,Answer:,['Wolf Warrior']
"Question: Who is the paternal grandfather of Trịnh Doanh?
", Trịnh Cương,Who is the paternal grandfather of Trịnh Doanh?,,184929a3ff00c41a966da9d53444da794af70ce90d624205,en,2wikimqa,32,3718,2wikimqa,Answer:,['Trịnh Bính']
"Question: Where was the director of film Hellcats Of The Navy born?
"," Gura Humorului, Austro-Hungarian Empire (now Romania)",Where was the director of film Hellcats Of The Navy born?,,56db201f810a3d01b7d14e8e9e6dd94820ecaf2f4a86b2b9,en,2wikimqa,32,4854,2wikimqa,Answer:,['Gura Humorului']
"Question: Where was the performer of song Feelin' Myself (Nipsey Hussle Song) born?
"," August 15, 1985, in South Central Los Angeles by his mother Angelique Smith (née Boutte), an African-American woman, and Dawit Asghedom, an Eritrean war refugee.",Where was the performer of song Feelin' Myself (Nipsey Hussle Song) born?,,fefa6cc344f63fdceda9662af921fdcdf645abb8fe87ea73,en,2wikimqa,32,7562,2wikimqa,Answer:,['Crenshaw']
"Question: Which film whose director is younger, Winter Sleepers or Poveri Milionari?
", Winter Sleepers,"Which film whose director is younger, Winter Sleepers or Poveri Milionari?",,9b0dc01a1388db020e5c5c428a002d099f8a35544e9b6261,en,2wikimqa,32,3065,2wikimqa,Answer:,['Winter Sleepers']
"Question: Who is the paternal grandfather of Bruno Ii Von Berg?
", Adolf III of Berg,Who is the paternal grandfather of Bruno Ii Von Berg?,,34896de8d6a2c70e09b6dc3d113475a58899961d2aa356b3,en,2wikimqa,32,4040,2wikimqa,Answer:,['Adolf II of Berg']
"Question: Are The Other Half (2016 Film) and Spy Kids 2: The Island Of Lost Dreams from the same country?
", No,Are The Other Half (2016 Film) and Spy Kids 2: The Island Of Lost Dreams from the same country?,,0f629fbc7a6c3689ee9771af3aa81400674e673f11d47f2d,en,2wikimqa,32,6771,2wikimqa,Answer:,['no']
"Question: Where was the director of film 00 Schneider – Jagd Auf Nihil Baxter born?
", Mülheim an der Ruhr,Where was the director of film 00 Schneider – Jagd Auf Nihil Baxter born?,,13dde588b81d1de4a9984418bf3d6791de7d1b1edf21d61b,en,2wikimqa,32,3140,2wikimqa,Answer:,['Mülheim an der Ruhr']
"Question: Which film came out first, Una Prostituta Al Servizio Del Pubblico E In Regola Con Le Leggi Dello Stato or The Bag Man?
", Una Prostituta Al Servizio Del Pubblico E In Regola Con Le Leggi Dello Stato,"Which film came out first, Una Prostituta Al Servizio Del Pubblico E In Regola Con Le Leggi Dello Stato or The Bag Man?",,cf56ec8180c3c7622a439e68704fc1ff73770f2e8ee2926e,en,2wikimqa,32,2809,2wikimqa,Answer:,['Una Prostituta Al Servizio Del Pubblico E In Regola Con Le Leggi Dello Stato']
"Question: Are the movies The Hatton Garden Job and Carry On Cleo, from the same country?
", Yes,"Are the movies The Hatton Garden Job and Carry On Cleo, from the same country?",,78d3bf98f7b05622b428940d273b8c493f24a4468d1998dd,en,2wikimqa,32,10991,2wikimqa,Answer:,['yes']
"Question: Who is the paternal grandfather of Dibyasambandh?
", Prince Bhanurangsi Savangwongse,Who is the paternal grandfather of Dibyasambandh?,,9b0b29e391c61c570b20fae813486bc757c1fb7d25d83049,en,2wikimqa,32,3759,2wikimqa,Answer:,['Mongkut']
"Question: Who is Charles Willoughby, 10Th Baron Willoughby Of Parham's paternal grandmother?
", Katherine Skipwith,"Who is Charles Willoughby, 10Th Baron Willoughby Of Parham's paternal grandmother?",,bdb42f1c30e16bbcdf6f0ab7c1f76765ddaa5817ee5e674b,en,2wikimqa,32,3293,2wikimqa,Answer:,['Lady Frances Manners']
"Question: Where does the director of film L'Arbre, Le Maire Et La Médiathèque work at?
", The Cinémathèque Française,"Where does the director of film L'Arbre, Le Maire Et La Médiathèque work at?",,a7b5c5d84d974a849b0d042c435bbb3fe90ff50fd5d73f79,en,2wikimqa,32,9453,2wikimqa,Answer:,['Cahiers du cinéma']
"Question: Where was the director of film Eisenstein In Guanajuato born?
", Wales,Where was the director of film Eisenstein In Guanajuato born?,,d0b11838d26195f89d1568431f88a02b4f4d8c9cdf99e04a,en,2wikimqa,32,3945,2wikimqa,Answer:,"['Newport, Wales']"
"Question: What is the place of birth of Sextus Barbour's father?
"," Orange County, Virginia.",What is the place of birth of Sextus Barbour's father?,,ca72ce55dc8f774617c794681dd7062eadfd14e679418cfa,en,2wikimqa,32,9096,2wikimqa,Answer:,"['Gordonsville, Virginia']"
"Question: What is the place of birth of the performer of song Ruleta (Inna Song)?
", Romania,What is the place of birth of the performer of song Ruleta (Inna Song)?,,10dc2bd4f7fb1b834c7f563ae3d7af5d269d84b3dfc0b056,en,2wikimqa,32,8046,2wikimqa,Answer:,['Mangalia']
"Question: Who is the father of the director of film A No-Hit No-Run Summer?
", Félix Leclerc,Who is the father of the director of film A No-Hit No-Run Summer?,,bbaa4eb6b32bad24fc2b8639d03be8c16d1140ec8454b16a,en,2wikimqa,32,4871,2wikimqa,Answer:,['Félix Leclerc']
"Question: Who is Henri Ii, Duke Of Nemours's paternal grandfather?
", Jacques of Savoy,"Who is Henri Ii, Duke Of Nemours's paternal grandfather?",,bc596d2ebcd25e79ca9cd689e50746e42e9a6fc579afc683,en,2wikimqa,32,5577,2wikimqa,Answer:,['Jacques']
"Question: Who is Gisela Of Hungary's father-in-law?
", Stephen I of Hungary,Who is Gisela Of Hungary's father-in-law?,,f73db1873c311b2a38f27a52c5e05b021da0c2fe9590dac3,en,2wikimqa,32,11622,2wikimqa,Answer:,['Géza']
"Question: Who is the paternal grandmother of King Kang Of Zhou?
", Queen Yi Jiang,Who is the paternal grandmother of King Kang Of Zhou?,,53f6acc70a61443a93c25c91ca7dc7f8780046d02e28c94a,en,2wikimqa,32,4142,2wikimqa,Answer:,['Yi Jiang']
"Question: What is the date of death of Maria Isabel De Alcântara, Countess Of Iguaçu's mother?
", 1896,"What is the date of death of Maria Isabel De Alcântara, Countess Of Iguaçu's mother?",,88e4806d6c6553000e3c1ff8be5c90f5309342954ce4acae,en,2wikimqa,32,6374,2wikimqa,Answer:,"['November 3, 1867']"
"Question: Who is the spouse of the director of film Rodney Steps In?
", Elizabeth Allan,Who is the spouse of the director of film Rodney Steps In?,,25b5c6893c13f6e52ddd541c03f5bd6bb7b17cfeb15d9f16,en,2wikimqa,32,10243,2wikimqa,Answer:,['Ivy Duke']
"Question: When did Frances Vane, Marchioness Of Londonderry's father die?
", 1813,"When did Frances Vane, Marchioness Of Londonderry's father die?",,3cff7074281c58717aa65021d875cc1e6a6321f71cd77742,en,2wikimqa,32,2765,2wikimqa,Answer:,['1 August 1813']
"Question: Which film has the director who is older than the other, Season Of Strangers or The Yellow Teddy Bears? 
", The Yellow Teddy Bears,"Which film has the director who is older than the other, Season Of Strangers or The Yellow Teddy Bears? ",,13c4f5388b670f6c20b168e782f7478616fa3ba2edca3081,en,2wikimqa,32,6966,2wikimqa,Answer:,['Season Of Strangers']
"Question: Were Jake Eisenhart and Michael T. Ullman of the same nationality?
", Yes,Were Jake Eisenhart and Michael T. Ullman of the same nationality?,,0c35123885c26fc474a7cd8e7c03fe75bfff4fc15845d3b9,en,2wikimqa,32,4450,2wikimqa,Answer:,['yes']
"Question: Who was born first, Antoine Casavant or Abdul Ali Lalu?
", Antoine Casavant,"Who was born first, Antoine Casavant or Abdul Ali Lalu?",,2a0554b724822b6c611539e39b44381f752acdecce4868ad,en,2wikimqa,32,3131,2wikimqa,Answer:,['Antoine Casavant']
"Question: Where did Rameshwari Nehru's husband graduate from?
", Oxford University,Where did Rameshwari Nehru's husband graduate from?,,acb93469117282f2d0131e19f6210e007d681bc7a78e7b64,en,2wikimqa,32,4103,2wikimqa,Answer:,['Oxford']
"Question: Who is the paternal grandfather of Sir John Hamilton-Dalrymple, 5Th Baronet?
"," Sir Hew Dalrymple, 3rd Baronet","Who is the paternal grandfather of Sir John Hamilton-Dalrymple, 5Th Baronet?",,a7d0cfa55dce1e96490d1e6c0188398864724e96a44e4b79,en,2wikimqa,32,2932,2wikimqa,Answer:,"['Sir Hew Dalrymple, 2nd Baronet']"
"Question: Which film has the director who was born earlier, Khud-Daar or Murderer In The Fog?
", Khud-Daar,"Which film has the director who was born earlier, Khud-Daar or Murderer In The Fog?",,7a35ba110f4c26f7eb9d4dcc2e8c1baac383c777f0904976,en,2wikimqa,32,2692,2wikimqa,Answer:,['Murderer In The Fog']
"Question: Who is the spouse of the director of film Soldier (1998 American Film)?
", Milla Jovovich,Who is the spouse of the director of film Soldier (1998 American Film)?,,b9a9b860c0f0430853d1db2756095da274d522beed2acbeb,en,2wikimqa,32,7443,2wikimqa,Answer:,['Milla']
"Question: Where did Catherine Of Taranto, Countess Of Copertino's mother die?
", Not specified in the given passages.,"Where did Catherine Of Taranto, Countess Of Copertino's mother die?",,a49e29926d7019e6cbaf6b0610453eda22fa1ce9043f5829,en,2wikimqa,32,3523,2wikimqa,Answer:,['Lecce']
"Question: Which award the director of film Lady Magdalene'S got?
"," ""Best Cutting Edge Film"" at the 2008 San Diego Film Festival, ""Audience Choice -- Feature-Length Narrative Film"" at the 2008 Cinema City International Film Festival, and ""Special Jury Prize for Libertarian Ideals"" at the 2011 Anthem Film Festival/FreedomFest.",Which award the director of film Lady Magdalene'S got?,,29ec971fbdf0df2d0c41c497de945024db6159c0c30be307,en,2wikimqa,32,3529,2wikimqa,Answer:,['Prometheus Award']
"Question: What nationality is Princess Charlotte Of Saxe-Meiningen's husband?
", German,What nationality is Princess Charlotte Of Saxe-Meiningen's husband?,,de14d0bf7b2c73f7a21875677eed84a1ef270d2f29dc5b99,en,2wikimqa,32,4847,2wikimqa,Answer:,['Duchy of Saxe-Gotha-Altenburg']
"Question: Which film has the director who was born first, The Longshots or Station For Two?
", Station For Two,"Which film has the director who was born first, The Longshots or Station For Two?",,49035ecce6e78a355307dd6a1ddb11a87cab76090d655d2f,en,2wikimqa,32,9998,2wikimqa,Answer:,['Station For Two']
"Question: What is the place of birth of Aleksey Greig's father?
", Edinburgh,What is the place of birth of Aleksey Greig's father?,,d04cc75917c9ef6b7a78b82491229023013ef3cea72bfba4,en,2wikimqa,32,4097,2wikimqa,Answer:,['Inverkeithing']
"Question: When did Thomas Of Galloway (Bastard)'s father die?
"," After the death of his father, who left no legitimate sons, King Alexander II of Scotland planned to divide the lordship between the husbands of Alan's three daughters.",When did Thomas Of Galloway (Bastard)'s father die?,,8848d4bd1425f8bef31b6c279ec378bcbca14f10b702c4ea,en,2wikimqa,32,9182,2wikimqa,Answer:,['1234']
"Question: When did Robert Bertie, 3Rd Earl Of Lindsey's father die?
", 24 October 1642,"When did Robert Bertie, 3Rd Earl Of Lindsey's father die?",,72132e87102859b583fb69a8a2a6a8b026be4fec5a1437e0,en,2wikimqa,32,6136,2wikimqa,Answer:,['25 July 1666']
"Question: Which film has the director born later, The Wind'S Fierce or Special Delivery (1927 Film)?
", The Wind's Fierce,"Which film has the director born later, The Wind'S Fierce or Special Delivery (1927 Film)?",,0c15fb826ac59bbde9df698db9c277def2bc72fa5b7b497d,en,2wikimqa,32,9043,2wikimqa,Answer:,"[""The Wind'S Fierce""]"
"Question: Why did the director of film Port Of Seven Seas die?
", He died by suicide by drowning himself in his swimming pool.,Why did the director of film Port Of Seven Seas die?,,cf5321576ab8cc1b8453991abac66aa5d46155d8ffa7ee17,en,2wikimqa,32,8169,2wikimqa,Answer:,['drowning']
"Question: What is the place of birth of Abdulaziz Nasser Al Shamsi's wife?
", Abu Dhabi,What is the place of birth of Abdulaziz Nasser Al Shamsi's wife?,,6110cb2d4156df8d180fdd01e5f340c4731f7d1f4583fc5a,en,2wikimqa,32,3593,2wikimqa,Answer:,['Abu Dhabi']
"Question: What is the place of birth of Frank Wartenberg's wife?
", Prenzlau,What is the place of birth of Frank Wartenberg's wife?,,b1034d8bbeeba5f9001f48311c182d2a20782462f0c2ed65,en,2wikimqa,32,3584,2wikimqa,Answer:,['Prenzlau']
"Question: Where was the director of film Edges Of The Lord born?
", Poznań.,Where was the director of film Edges Of The Lord born?,,7218faa7d718853f8df4329a7242806cf70e63ece56f8cdb,en,2wikimqa,32,3814,2wikimqa,Answer:,['Poznań']
"Question: Where was the father of Teobaldo Ii Ordelaffi born?
", Forlì,Where was the father of Teobaldo Ii Ordelaffi born?,,78436f55ae9c254da5a54558ddd196c94850ba7a2b6fa637,en,2wikimqa,32,4597,2wikimqa,Answer:,['Italy']
"Question: Where was the husband of Maude Smith born?
"," Toronto, Ontario.",Where was the husband of Maude Smith born?,,ddd046530f4979511397f82fe5391d0a646c0aa18225a98e,en,2wikimqa,32,3366,2wikimqa,Answer:,"['Toronto, Ontario']"
"Question: Which film was released earlier, Forbidden Daughters or The Third Kiss?
", Forbidden Daughters,"Which film was released earlier, Forbidden Daughters or The Third Kiss?",,2ce836524b90befee94e944e77ce3420878e75b5a1e14c26,en,2wikimqa,32,4389,2wikimqa,Answer:,['Forbidden Daughters']
"Question: Does Leslie Pietrzyk have the same nationality as Marianne Wiggins?
", No,Does Leslie Pietrzyk have the same nationality as Marianne Wiggins?,,bcd3d700ef14d9a1f6b766c5d185b43ac8f3b7feffd4732f,en,2wikimqa,32,4958,2wikimqa,Answer:,['yes']
"Question: Who was born first, Bogdan Țăruș or Robert Wulnikowski?
", Bogdan Țăruș,"Who was born first, Bogdan Țăruș or Robert Wulnikowski?",,24591a37ff748fb849a62e6a4f4095f7089d7ced43595d01,en,2wikimqa,32,3425,2wikimqa,Answer:,['Bogdan Țăruș']
"Question: Which film has the director who died first, Folgore Division or Sandflow?
", Sandflow,"Which film has the director who died first, Folgore Division or Sandflow?",,2e86241a9d27925aa52e039067fa83e27e305301188daef7,en,2wikimqa,32,1945,2wikimqa,Answer:,['Sandflow']
"Question: Which film has the director born later, From Corleone To Brooklyn or Durango Valley Raiders?
", Durango Valley Raiders,"Which film has the director born later, From Corleone To Brooklyn or Durango Valley Raiders?",,c1d354f1d1855b21eb3c3cd204d5030080ef9e3c7e4b0195,en,2wikimqa,32,3894,2wikimqa,Answer:,['From Corleone To Brooklyn']
"Question: Are both Howard Lake (British Columbia) and North Buck Lake (Alberta) located in the same country?
", Yes,Are both Howard Lake (British Columbia) and North Buck Lake (Alberta) located in the same country?,,2c605656720054b6c9e6e0f15f99c1b4675db67e6e098cee,en,2wikimqa,32,667,2wikimqa,Answer:,['yes']
"Question: Where was the place of death of the composer of song Gretchen Am Spinnrade?
", Not specified in the passage.,Where was the place of death of the composer of song Gretchen Am Spinnrade?,,1edc61803f35344a5a4b6d273e6eb0f643fefcec0fa0a22a,en,2wikimqa,32,10974,2wikimqa,Answer:,['Vienna']
"Question: Who was born later, Hugh Evelyn Wortham or Johnny Ekström?
"," Hugh Evelyn Wortham was born on 7 May 1884, and Johnny Ekström was born on 5 March 1965.","Who was born later, Hugh Evelyn Wortham or Johnny Ekström?",,d65eba4a41497416d108c17f366636efb4cbda4c215c8818,en,2wikimqa,32,6044,2wikimqa,Answer:,['Johnny Ekström']
"Question: Are both mountains, Yana Urqu (Q'Umirqucha) and Puka Rumi, located in the same country?
", Yes,"Are both mountains, Yana Urqu (Q'Umirqucha) and Puka Rumi, located in the same country?",,2df722c08f52cbf987c84019f7f2e5455cd29992738441cc,en,2wikimqa,32,592,2wikimqa,Answer:,['yes']
"Question: What nationality is Elizabeth Of Rhuddlan's father?
", English,What nationality is Elizabeth Of Rhuddlan's father?,,814dddaa4a997380fc80cc1c72d48cb20545411924a0603f,en,2wikimqa,32,11950,2wikimqa,Answer:,['England']
"Question: What is the cause of death of director of film I Will, I Will... For Now?
", Parkinson's disease.,"What is the cause of death of director of film I Will, I Will... For Now?",,1d554e7ae21ed7b5d142b57bcdab110cf6cea6f5256a58ee,en,2wikimqa,32,4337,2wikimqa,Answer:,['Parkinson']
"Question: Who is Maurice De Berkeley, 4Th Baron Berkeley's maternal grandfather?
"," Thomas de Berkeley, 5th Baron Berkeley","Who is Maurice De Berkeley, 4Th Baron Berkeley's maternal grandfather?",,d0ebddd00bfc9c5747021ae27c0ea5cdf21355bc86b83753,en,2wikimqa,32,3947,2wikimqa,Answer:,"['Roger Mortimer, 1st Earl of March']"
"Question: Who died first, Albertus Seba or Ali Dinar?
", Ali Dinar,"Who died first, Albertus Seba or Ali Dinar?",,8f6c8de1c1518b5bdcbc4ff1cdfe035b9207971a6362574f,en,2wikimqa,32,4441,2wikimqa,Answer:,['Albertus Seba']
"Question: Who is the maternal grandfather of Marie Louise, Duchess Of Parma?
"," Francis I d'Este, Duke of Modena","Who is the maternal grandfather of Marie Louise, Duchess Of Parma?",,59e42b2cab6da2436fae05e25c49f6f4b4893b07bb48e3c1,en,2wikimqa,32,8935,2wikimqa,Answer:,['Ferdinand I of the Two Sicilies']
"Question: Which film was released earlier, Prince Of Arcadia or Italia-Germania 4-3?
", Italia-Germania 4-3,"Which film was released earlier, Prince Of Arcadia or Italia-Germania 4-3?",,35cbcb102aa5b4f9188011190e0f30456df5673fcddacf49,en,2wikimqa,32,3155,2wikimqa,Answer:,['Prince Of Arcadia']
"Question: Where was the director of film Love At First Sight (1985 Film) born?
", Milan,Where was the director of film Love At First Sight (1985 Film) born?,,44864cf7bbca78294d1b24c5acfa035f30849d802356aad4,en,2wikimqa,32,3195,2wikimqa,Answer:,['Milan']
"Question: Where did the director of film Nanon (1938 Film) die?
", Köln,Where did the director of film Nanon (1938 Film) die?,,67705e148a6e0540819f466bb4fdc73ed2e5cbcd64d80930,en,2wikimqa,32,3719,2wikimqa,Answer:,['Köln']
