language,answers,all_classes,task,input,length,max_new_tokens,dataset,question,predicted_answer,_id,answer_prefix
en,['South West Ultras fan club.'],,multifieldqa_en,What is the name of the most active fan club?,819,64,multifieldqa_en,"Question: What is the name of the most active fan club?
",South West Ultras,c29e95ab6195406aceecf3874186150cb1b8b26db5bcd0e4,Answer:
en,"['No, it is not necessary.']",,multifieldqa_en,Is the ISR necessary for transgene reactivation?,6900,64,multifieldqa_en,"Question: Is the ISR necessary for transgene reactivation?
","No, the ISR is neither sufficient nor necessary to induce transgene reactivation.",1d46294ee8fcc0a64828778b04198fcbe4f75841775e1205,Answer:
en,['Low temperature scanning tunneling microscopy and spectroscopy (STM/STS).'],,multifieldqa_en,What experimental techniques were used to study the quantum dot structures in this research?,4297,64,multifieldqa_en,"Question: What experimental techniques were used to study the quantum dot structures in this research?
",Low temperature scanning tunneling microscopy and spectroscopy (STM/STS),5b978c8d5792b07ad99da0fc2639c6046051e9c29825ad25,Answer:
en,['Implantable Cardioverter Defibrillator (ICD) is a surgically implanted electronic device to treat life-threatening heartbeat irregularities.'],,multifieldqa_en,What is the purpose of an ICD?,8925,64,multifieldqa_en,"Question: What is the purpose of an ICD?
",An Implantable Cardioverter Defibrillator (ICD) is a surgically implanted electronic device that helps regulate the heartbeat and treats life-threatening heartbeat irregularities.,2f73cf12085e3fb879c775fc4851b72092a060cad5a927c6,Answer:
en,['The sides of the fuselage are sloped to create a conical section when the fuselage is formed.'],,multifieldqa_en,Why is it important for the sides of the fuselage to be sloped (tumbled home)?,6250,64,multifieldqa_en,"Question: Why is it important for the sides of the fuselage to be sloped (tumbled home)?
","The sides of the fuselage are sloped (tumbled home) to prevent the fuselage from forming a conical shape, which would cause the longerons to take on an elliptical shape. This is important because an elliptical longeron is not acceptable in the construction of the K",41e27260a12cc40a778f8c1ba8bf643ee655871a458e5e1c,Answer:
en,['It tends to suppress the Kondo effect.'],,multifieldqa_en,What is the effect of the proximity of superconductivity on the Kondo effect?,5009,64,multifieldqa_en,"Question: What is the effect of the proximity of superconductivity on the Kondo effect?
","The proximity of superconductivity can lead to the two-stage Kondo screening in a system of two quantum dots, even in the absence of other exchange mechanisms. This effect is characterized by a residual low-temperature conductance at particle-hole symmetric case.",917f18543035ee1b9161cded1d3352531dbf3b249b5f0a18,Answer:
en,"['Electricity is used for transport, heating, lighting, communications, and computation.']",,multifieldqa_en,How is electricity used in everyday life?,6202,64,multifieldqa_en,"Question: How is electricity used in everyday life?
","Electricity is used in everyday life for transport, heating, lighting, communications, and computation. It powers appliances, lighting, and electronic devices such as computers, televisions, and mobile phones. It is also used for heating and cooling in homes and buildings, and for transportation in electric vehicles and trains.",b5b0eb150f44a4d7641b9adf9267ca0c2492ea46626449b3,Answer:
en,['Vice Admiral.'],,multifieldqa_en,What was Hugh H. Goodwin's rank in the United States Navy?,2292,64,multifieldqa_en,"Question: What was Hugh H. Goodwin's rank in the United States Navy?
",Vice Admiral,e02f6a69d7b2a96a3aa6cd84a9189c2d552f6fb089f216e1,Answer:
en,['They won their first game with a score of 15-3.'],,multifieldqa_en,What was the Buckeyes' record in their first game of the season?,972,64,multifieldqa_en,"Question: What was the Buckeyes' record in their first game of the season?
",15–3,ed61bdde19a3446389e989c06ab4209f464f9484d42dbd1c,Answer:
en,"['Vitamins K3, K4, and K5.']",,multifieldqa_en,What are the three synthetic types of vitamin K?,7133,64,multifieldqa_en,"Question: What are the three synthetic types of vitamin K?
","Vitamins K3, K4, and K5.",c7ad556387e8215bae3f8ccd30ba35e0093218fe48168718,Answer:
en,"['Yes, individual molecules of indeno[1,2-a]fluorene can switch between open-shell and closed-shell states by changing their adsorption site on the surface.']",,multifieldqa_en,"Can individual molecules of indeno[1,2-a]fluorene switch between open-shell and closed-shell states?",5523,64,multifieldqa_en,"Question: Can individual molecules of indeno[1,2-a]fluorene switch between open-shell and closed-shell states?
",Yes.,566881d2138d7e29cd6dd2b661b6f7ffe4c515c92fdaf837,Answer:
en,['3-D printing and software development.'],,multifieldqa_en,What field does Danny work in in Tennessee?,8501,64,multifieldqa_en,"Question: What field does Danny work in in Tennessee?
",3-D printing and software development.,0f101ee4ea9d1d88998598e0405367ad95912c92a7d7a31d,Answer:
en,['90 μg for women and 120 μg for men.'],,multifieldqa_en,What is the recommended daily intake of vitamin K for adult women and men?,7142,64,multifieldqa_en,"Question: What is the recommended daily intake of vitamin K for adult women and men?
",90 μg and 120 μg respectively.,b3f3be2f0b46c0df08868f749519635186e6e22cf054ca79,Answer:
en,"['Watt, one joule per second.']",,multifieldqa_en,What is the SI unit of power?,6197,64,multifieldqa_en,"Question: What is the SI unit of power?
",Watt,4c7891d780eb3f45e8c4e5bf14fd9ed6c0bf898fb159b329,Answer:
en,['Flexibility.'],,multifieldqa_en,What is the main advantage of a horizontal business model for mobile devices?,7565,64,multifieldqa_en,"Question: What is the main advantage of a horizontal business model for mobile devices?
","Flexibility; as costs drop and the market expands, it will be increasingly necessary for vendors like HTC to offer a wide range of phones based on radically different SoCs.",04b588ff2dea15f4a9c4fdbaabc55aaad1ba3446114d6741,Answer:
en,['Jacob C. Landau.'],,multifieldqa_en,Who was Brooksley Elizabeth's first husband?,2085,64,multifieldqa_en,"Question: Who was Brooksley Elizabeth's first husband?
",Jacob C. Landau,470018af720bc15decf8f7a9643250c9a6548c8efeb394cd,Answer:
en,['An unsupervised method based on the information bottleneck and contrastive learning.'],,multifieldqa_en,What is the main methodology used in the research?,6235,64,multifieldqa_en,"Question: What is the main methodology used in the research?
",The main methodology used in the research is an unsupervised method based on the information bottleneck to capture both referential complexity and task-specific utility for adequately exploring sparse social communication scenarios in multi-agent reinforcement learning. The method uses contrastive learning and compositional complexity to develop a natural,120cb783c796fbedbc76f04cf9be3318e54a63cd642c4401,Answer:
en,['Using the vacuum Einstein equation and the Baez-Bunn form.'],,multifieldqa_en,How is the function beta(r) determined in the derivation?,4982,64,multifieldqa_en,"Question: How is the function beta(r) determined in the derivation?
","The function $\beta(r)$ is determined by solving the differential equation $\frac{B(r)}{r} + \frac{B'(r)}{2}= 0$, where $B(r) = \beta(r)\cdot\beta'(r)$. The solution is given by $Br^2=",032ee1448dec7751d00cd9f752fc61c5843a47e49dd7fcb6,Answer:
en,['The water depth in the Greater Ekofisk Area is 70-75 meters.'],,multifieldqa_en,What is the water depth in the Greater Ekofisk Area?,6625,64,multifieldqa_en,"Question: What is the water depth in the Greater Ekofisk Area?
",70-75 meters,18ef34b54d2ddc134e1be7cae3d6101432465011d016c77a,Answer:
en,['Other toxic products.'],,multifieldqa_en,What were the vaccines trialed against?,3141,64,multifieldqa_en,"Question: What were the vaccines trialed against?
","The vaccines were trialed against other toxic products, not against saline.",74334862b5d8e2a02deb3c24aa90d5339e443fbc412453b8,Answer:
en,"['Margaret Way was born in Brisbane and died in Cleveland, Queensland, Australia.']",,multifieldqa_en,Where was Margaret Way born and where did she die?,1203,64,multifieldqa_en,"Question: Where was Margaret Way born and where did she die?
","Brisbane (born), Cleveland, Queensland (died)",934162f30867844eb8d74c9d62c1e2aba3fca790b5b1d53e,Answer:
en,['L = 8 and L = 14.'],,multifieldqa_en,What size chains were used in the benchmarking?,5385,64,multifieldqa_en,"Question: What size chains were used in the benchmarking?
",The benchmarking was done on chains of size L = 8 and L = 14.,e568cc6d77a0a433937ab4bcf62e49b36a5cf7b3faa0d3ab,Answer:
en,['5.'],,multifieldqa_en,How many experiments were demonstrated to test the capabilities of the controller?,4837,64,multifieldqa_en,"Question: How many experiments were demonstrated to test the capabilities of the controller?
",5,daa4eb9d8b28a987b1c2c049200634cdc510636b19a64ccd,Answer:
en,"['Lasa, Gitastrophe, and Shadoks.']",,multifieldqa_en,What are the three teams that used conflict optimization in the challenge?,3791,64,multifieldqa_en,"Question: What are the three teams that used conflict optimization in the challenge?
","Lasa, Gitastrophe, and Shadoks",191c14b84f0c8cdad3297f2bee552fb089178995208d7185,Answer:
en,['It required the transformation to be limited to specific data and a visual depiction representing specific objects or substances.'],,multifieldqa_en,What did the court in In re Ferguson conclude about the transformation prong of the Bilski test?,6925,64,multifieldqa_en,"Question: What did the court in In re Ferguson conclude about the transformation prong of the Bilski test?
",The court in In re Ferguson concluded that the method claims did not meet the ‘‘transformation’’ prong of the Bilski test because the method did not transform an article or data.,9831469b98405cd1fc1bee7de6f9630ae1cbb5946fd7ca0b,Answer:
en,"['As the transition probability increases, the learning rate initially rises and then declines.']",,multifieldqa_en,How does the transition probability of the environment affect the learning rate in the static agent?,5346,64,multifieldqa_en,"Question: How does the transition probability of the environment affect the learning rate in the static agent?
",The learning rate in the static agent decreases as the transition probability of the environment increases.,7ae0ad8d4ded2dee79251ff4f951ecfcabad31d8b4f896ae,Answer:
en,['A subset that form via kinetic rate processes from state-selected Rydberg gases.'],,multifieldqa_en,What kind of ultracold neutral plasmas does this study focus on?,5088,64,multifieldqa_en,"Question: What kind of ultracold neutral plasmas does this study focus on?
",The study focuses on ultracold neutral plasmas that form via kinetic rate processes from state-selected Rydberg gases.,91c198d5820bfba5caf396532a0b30a531e9d09a7a9005a4,Answer:
en,['Wearable sensors.'],,multifieldqa_en,What types of sensors are now capable of estimating physical activity levels and physiological outcomes of older adults?,7670,64,multifieldqa_en,"Question: What types of sensors are now capable of estimating physical activity levels and physiological outcomes of older adults?
","Wearable sensors are now capable of estimating number of steps being taken, physical activity levels, sleep patterns and physiological outcomes (heart rate, skin conductance) of older adults.",34f9b2c3d79ced580687f9653a6908215f79b1405a918cd0,Answer:
en,['Fairness.'],,multifieldqa_en,What did the decision to base the water rates on usage reflect?,5701,64,multifieldqa_en,"Question: What did the decision to base the water rates on usage reflect?
",The decision to base the water rates on usage reflected fairness.,8fbf0a6531d9250e6bcda0c7ba456441f6d4073bf08de826,Answer:
en,"['""I have seen the Lord."".']",,multifieldqa_en,What did Mary tell the disciples?,6856,64,multifieldqa_en,"Question: What did Mary tell the disciples?
","Mary told the disciples, ""I have seen the Lord.""",d1f31d2998513a4552d0419e16f8eba896e9ea1c8403605b,Answer:
en,"[""Verifying other meta-information such as patient's gender, age, race, etc.""]",,multifieldqa_en,What is the future direction mentioned in the conclusion?,2947,64,multifieldqa_en,"Question: What is the future direction mentioned in the conclusion?
",Verifying other meta-information and developing a robust research infrastructure for a larger scale study.,6caa98612cf0e2ddf58e1ba70daaf79a3ac616280fb48188,Answer:
en,['The authors used simulated data and real data from a wireless MISO channel.'],,multifieldqa_en,What types of data did the authors use in their experiments?,2554,64,multifieldqa_en,"Question: What types of data did the authors use in their experiments?
",Real data of a wireless MISO channel acquired in a realistic indoor scenario.,1f3b1e37c3d2ead7ab4fe7dd9d5cddd55b2c76d28e6bfc86,Answer:
en,['The baseline is used as a reference for the mid point of the firewall for the developed side panel.'],,multifieldqa_en,What is the purpose of the baseline in the layout procedure?,6340,64,multifieldqa_en,"Question: What is the purpose of the baseline in the layout procedure?
",The purpose of the baseline in the layout procedure is to serve as a reference for the mid point of the firewall for the developed (and true dimensioned) side panel.,33bfe67a3d40e71a5e5351ea5db4ea55df61a018d071074b,Answer:
en,['It provides cover for the war and allows supporters of the illegal war to point to it.'],,multifieldqa_en,What does the new Iraqi Body Count organization do?,4467,64,multifieldqa_en,"Question: What does the new Iraqi Body Count organization do?
","The new Iraqi Body Count organization provides a cover for the war and allows supporters of the illegal war to point to it and insist/slur ""Things aren't so bad!"" They are not doing a civilian count.",048c12357868d908dfb979ef3c5c6cf7f6d85053acf1cac4,Answer:
en,['The time required to update the belief does not increase with the complexity of the environment.'],,multifieldqa_en,What is the main advantage of the proposed method in terms of computation time?,5665,64,multifieldqa_en,"Question: What is the main advantage of the proposed method in terms of computation time?
",The proposed method does not see an increase in the time required to update the robot's belief with an increase in problem complexity.,aeb34faf1b5507b32d6d5b49474ea5c71d4ec2aa84a82d93,Answer:
en,['The Tevatron Collider Run II started in March 2002 and is expected to continue until the end of this decade.'],,multifieldqa_en,When did the Tevatron Collider Run II start and when is it expected to end?,2431,64,multifieldqa_en,"Question: When did the Tevatron Collider Run II start and when is it expected to end?
",The Tevatron Collider Run II started in March 2002 and is expected to continue until the end of this decade.,d70ca68d05af951cd8ff2052095597d1b4dca557bfb0b40b,Answer:
en,['Four.'],,multifieldqa_en,How many brother does Njoroge have?,1414,64,multifieldqa_en,"Question: How many brother does Njoroge have?
",Njoroge has four brothers.,69e69439e349a539ca4cff96ae35aa8499ca61886801d488,Answer:
en,"[""$\\int f'(u) \\psi^2 \\le \\int | \\nabla \\psi|^2, \\forall \\psi \\in C_c^2$.""]",,multifieldqa_en,What are the stability conditions for a solution of $-\Delta u = f(u)$?,3743,64,multifieldqa_en,"Question: What are the stability conditions for a solution of $-\Delta u = f(u)$?
","A $C^2$ sub/super-solution $u$ of $-\Delta u = f(u)$ is stable provided
\[\int f'(u) \psi^2 \le \int |\nabla \psi|^2, \qquad \forall \psi \in C_c^2",135b82aecda3c83cfd73d1447e8f92a8a44de50ffdb09444,Answer:
en,['The normalized least mean square (NLMS) algorithm.'],,multifieldqa_en,What algorithm is engaged in the PLMS-PPIC method?,2008,64,multifieldqa_en,"Question: What algorithm is engaged in the PLMS-PPIC method?
",Normalized Least Mean Square (NLMS) algorithm.,49d0334d26929f712de2cba070a74752f415313c08166f80,Answer:
en,['Del Bigtree and his team at ICAN.'],,multifieldqa_en,Who compiled the 88-page letter to the HHS regarding vaccine safety?,3150,64,multifieldqa_en,"Question: Who compiled the 88-page letter to the HHS regarding vaccine safety?
",Del Bigtree and his team at ICAN.,751053416f74a11311a13e801634fff8fd48649d3921b368,Answer:
en,['The focus of the study was on the reactive radical ethynyl (C$_2$H).'],,multifieldqa_en,What molecule was the focus of the study?,2115,64,multifieldqa_en,"Question: What molecule was the focus of the study?
",Ethynyl (C2H),b619fa683cbbeb8db3d575fc2e261940701a530452b14eef,Answer:
en,"['Weep Not, Child was first published in 1964.']",,multifieldqa_en,"When was Weep Not, Child first published?",1489,64,multifieldqa_en,"Question: When was Weep Not, Child first published?
",1964,25ebcea4435f88495b4175446d1d7d6dacb1034a8f861ca5,Answer:
en,['The maximum velocity scales with the square root of the amplitude.'],,multifieldqa_en,What is the relationship between the maximum velocity and the amplitude of the blob or depletion?,2748,64,multifieldqa_en,"Question: What is the relationship between the maximum velocity and the amplitude of the blob or depletion?
","The maximum velocity of a blob or depletion follows a square root scaling for incompressible flows and a linear scaling for compressible flows, both scaling with the amplitude and size of the blob or depletion.",7a503a81877d3baca86f8d7179209e4899823433ab3326f3,Answer:
en,['They are rich in actin and have been shown to be highly dynamic.'],,multifieldqa_en,What do dendritic spines contain?,6654,64,multifieldqa_en,"Question: What do dendritic spines contain?
","Dendritic spines contain a complex network of proteins, actin, and are the sites of the majority of excitatory connections within the brain.",4214e20df9d299bae4fb9ba8d1b4792d516812e86960009c,Answer:
en,"['There are 14,520 attendees, including 7,152 chemical scientists, 5,059 students, 1,283 exhibitors, 119 precollege teachers, 573 exposition visitors, and 453 guests.']",,multifieldqa_en,How many people attend the 233rd ACS national meeting?,6444,64,multifieldqa_en,"Question: How many people attend the 233rd ACS national meeting?
","14,520",ddfed65e5495d0257b22a9537993c3453d8590cc94b8e0d6,Answer:
en,['Quill harmed states more than anticipated due to the Internet.'],,multifieldqa_en,What did Justice Kennedy argue about Quill in Direct Marketing Ass'n v. Brohl?,5429,64,multifieldqa_en,"Question: What did Justice Kennedy argue about Quill in Direct Marketing Ass'n v. Brohl?
","Justice Kennedy acknowledged that ""Quill now harms States to a degree far greater than could have been anticipated earlier.""",e4725ed7b6df9933d5336f79d5c9d1d803a3e475831f1017,Answer:
en,['Environmental fluctuation and uncertainty control the reliance of artificial organisms on plasticity.'],,multifieldqa_en,What factors control the reliance of artificial organisms on plasticity?,5339,64,multifieldqa_en,"Question: What factors control the reliance of artificial organisms on plasticity?
","Environmental fluctuation and uncertainty, task complexity, and the distance between environments.",79ffdceb9859803e365c3de5d24c187ed06b15f04d04ae6a,Answer:
en,"['The longerons bow up from the building surface, forming a ""banana"" shape.']",,multifieldqa_en,What is the problem encountered when building the fuselage sides?,6240,64,multifieldqa_en,"Question: What is the problem encountered when building the fuselage sides?
","The problem encountered when building the fuselage sides is that the completed fuselage sides, when laid into position to form the fuselage box section, form a ""banana"" shape due to the bowing up of the longerons from the building surface.",9ac60cf60d4bae1dc93b09f374b74b3dec8b1b333397d7cd,Answer:
en,['Goodwin became a Naval aviator in January 1929.'],,multifieldqa_en,When did Goodwin become a Naval aviator?,2294,64,multifieldqa_en,"Question: When did Goodwin become a Naval aviator?
",January 1929,0e2b2bc81542b95fb86a7fe76cf11c52316937c9aac9123e,Answer:
en,['48V.'],,multifieldqa_en,对于PD3.0协议，FS312BH支持的最高诱骗电压是多少？,898,64,multifieldqa_en,"Question: 对于PD3.0协议，FS312BH支持的最高诱骗电压是多少？
",48V,910c9a02ee857c1019702818b6fa2d5c25ed432d08385ba8,Answer:
en,"['June 1, 1999.']",,multifieldqa_en,When did Born resign as chairperson of the CFTC?,2088,64,multifieldqa_en,"Question: When did Born resign as chairperson of the CFTC?
","June 1, 1999",2d48bbc2bd6052c5e67824752a9296cbbc26351616cd6d7e,Answer:
en,"['Mufti-e-Azam-e-Hind received Khilafat in the Qaderi, Chishti, Nakshbandi, Suharwardi, and Madaari Orders.']",,multifieldqa_en,Which orders did Mufti-e-Azam-e-Hind receive Khilafat from?,8281,64,multifieldqa_en,"Question: Which orders did Mufti-e-Azam-e-Hind receive Khilafat from?
","Chishti, Nakshbandi, Suharwardi, Madaari, and Qaderi Orders.",bda4a6b251a601b7f7f956f298b59d8e99993845c1eaf7d6,Answer:
en,['Privacy concerns and skepticism about its effectiveness.'],,multifieldqa_en,What was the reason given by Governor Rick Scott for not implementing a prescription drug monitoring database in Florida?,6048,64,multifieldqa_en,"Question: What was the reason given by Governor Rick Scott for not implementing a prescription drug monitoring database in Florida?
","Governor Rick Scott cited privacy concerns, expressed skepticism the monitoring program would work and raised the possibility taxpayers would be left with a $500,000-a-year bill to operate it.",e84f6371f23c95f766248ac4e52b781f325f52f09c6eb9ae,Answer:
en,['The Wallace electorate.'],,multifieldqa_en,In which electorate was Simon English elected to the New Zealand Parliament?,3597,64,multifieldqa_en,"Question: In which electorate was Simon English elected to the New Zealand Parliament?
",Wallace (later renamed Clutha-Southland),462011b6f9beb976aaf7b38082bcf7d70a91c3c74d2c6e95,Answer:
en,"['30,223.']",,multifieldqa_en,What was the population of McPherson County according to the 2020 census?,1856,64,multifieldqa_en,"Question: What was the population of McPherson County according to the 2020 census?
","30,223",420ce59c7a0c084e938dd69dfacf59f61ac3ebbd237780c8,Answer:
en,['Margaret Way started self-publishing her books as e-books in 2013.'],,multifieldqa_en,When did Margaret Way start self-publishing her books as e-books?,1201,64,multifieldqa_en,"Question: When did Margaret Way start self-publishing her books as e-books?
",2013,f20114170ce5bb518f17950edb4ef828d980bba0bba01077,Answer:
en,['23 September.'],,multifieldqa_en,When did the 2017 general election be held?,3422,64,multifieldqa_en,"Question: When did the 2017 general election be held?
",23 September 2017,94ccf4d54b36e7e9d4aa594a7bc426528630a5b8aff296a4,Answer:
en,['Long Term Capital Management (LTCM).'],,multifieldqa_en,What hedge fund's collapse in 1998 highlighted the need for regulation of derivatives?,2091,64,multifieldqa_en,"Question: What hedge fund's collapse in 1998 highlighted the need for regulation of derivatives?
",Long Term Capital Management (LTCM),a013f691a7063527fa4e7a4b357081c76656af3cd402a27a,Answer:
en,['It is well described by the Gaussian theory.'],,multifieldqa_en,What is the dynamical behavior of the anisotropic order parameter following a quench to the critical point?,669,64,multifieldqa_en,"Question: What is the dynamical behavior of the anisotropic order parameter following a quench to the critical point?
","The dynamical behavior of the anisotropic order parameter following a quench to the critical point is described by the Gaussian theory for all the three lattice gas models studied, and in the short-time regime, it follows a behavior of $m \sim t^{1/2}$.",322b4b2b074049aac101086797d655a21671ef5a9f366353,Answer:
en,['It is recommended to have at least a 2x2 meter space for using the VR headset.'],,multifieldqa_en,What is the recommended space for using the VR headset?,2184,64,multifieldqa_en,"Question: What is the recommended space for using the VR headset?
",At least 2x2 meters,ee53f01eb9a44de54723ab03918b7361f2eb630a35ce7b81,Answer:
en,['It outperforms mean-field methods and the PLM with $l_2$ regularization in terms of reconstruction error and true positive rate.'],,multifieldqa_en,How does the performance of the PLM with decimation compare to other methods?,6312,64,multifieldqa_en,"Question: How does the performance of the PLM with decimation compare to other methods?
","The PLM with decimation outperforms other methods, such as the PLM with $l_2$ regularization and a mean-field-based method, in terms of the quality of network reconstruction and the estimation of the reconstruction error.",f3374a1971e3cfb4f241e04b82d5016d892e9e32a4aa2b53,Answer:
en,"['The three phases are exegetical, theological, and homiletical.']",,multifieldqa_en,What are the three phases of the author's preaching process?,9437,64,multifieldqa_en,"Question: What are the three phases of the author's preaching process?
","Exegetical, Theological, Homiletical.",46a2207a7a3f6d98effa73491cf83b63f92e29e0023c6e52,Answer:
en,"['KSTP switched to a sports radio format on February 15, 2010.']",,multifieldqa_en,When did KSTP switch to a sports radio format?,1810,64,multifieldqa_en,"Question: When did KSTP switch to a sports radio format?
","KSTP switched to a sports radio format on February 15, 2010.",235a5c99cd7fae9e2b410ad99c1b1fafea43799d3f1138a8,Answer:
en,['The best performing model for the Spanish language in Track-1 was Spanish BERT.'],,multifieldqa_en,What was the best performing model for the Spanish language in Track-1?,2409,64,multifieldqa_en,"Question: What was the best performing model for the Spanish language in Track-1?
",Spanish BERT base,fe952dfd723c9b88f1ed4665679b7a13987729fa1c37b0e3,Answer:
en,['Infall rate is 2-5 times smaller and gas density is 2-5 times smaller.'],,multifieldqa_en,How does the infall rate and gas density in the magnetized model compare to non-magnetized accretion?,1045,64,multifieldqa_en,"Question: How does the infall rate and gas density in the magnetized model compare to non-magnetized accretion?
",The infall rate is 2-5 times smaller and gas density is 2-5 times smaller in the magnetized model compared to non-magnetized accretion.,3074f07df75f95b421d8871cb9f6448e130ad7d948b137b8,Answer:
en,"[""Toby Schindelbeck's observation is that the police say they aren't paid enough to enforce the laws in the streets.""]",,multifieldqa_en,"According to the text, what is Toby Schindelbeck's observation about the police?",6599,64,multifieldqa_en,"Question: According to the text, what is Toby Schindelbeck's observation about the police?
",Toby Schindelbeck's observation is that the police say they aren't paid enough to enforce the laws in the streets.,3a63a9ca3248cecdeef9f43282a5162ff154b0bcdcf4ba81,Answer:
en,['Peter Denning.'],,multifieldqa_en,Who is the program chair of this conference?,8784,64,multifieldqa_en,"Question: Who is the program chair of this conference?
",Peter Denning,80a04c9306d232e6327b14f03e260d28060fe12395d87e31,Answer:
en,"['Peaks occur at certain strain directions, while the gap is zero at others.']",,multifieldqa_en,How does the conduction gap depend on the strain direction?,4334,64,multifieldqa_en,"Question: How does the conduction gap depend on the strain direction?
","The conduction gap depends on the strain direction in a way that it has peaks at certain angles and is zero at other angles. The preferred directions to open the gap under a tensile strain are the zigzag, while under a compressive strain, it is the armchair. The conduction gap is also",69ea47e54e2cedec193247f452f5d3bbef2566a93f1dd353,Answer:
en,['The paper was published on 7 March 2023.'],,multifieldqa_en,When was the paper published?,3080,64,multifieldqa_en,"Question: When was the paper published?
",The paper was published on 7 March 2023.,46b15f1200c46251053ec3dfa806dbdf515eb34053a5e0d1,Answer:
en,"['The three subsets are V+, V0, and V-, determined by the Kullback-Leibler information distance.']",,multifieldqa_en,What are the three subsets into which the parameter space V is divided?,3737,64,multifieldqa_en,"Question: What are the three subsets into which the parameter space V is divided?
","The parameter space V is divided into three subsets: V+, V0, and V-.",60c66572f28b071899547f0aa0b4a271969c3b153e96406b,Answer:
en,"[""After attacking Jacobo at a workers' strike, Ngotho loses his job and Njoroge's family is forced to move.""]",,multifieldqa_en,What happens to Ngotho after he attacks Jacobo at a workers' strike?,1504,64,multifieldqa_en,"Question: What happens to Ngotho after he attacks Jacobo at a workers' strike?
",Ngotho loses his job and Njoroge’s family is forced to move.,0ecdb8439f1360140995c6f5f6cc99c38cebb9216d1395e4,Answer:
en,"[""The club's headquarters are located on Jivani Street 2 of the Malatia-Sebastia District, Yerevan.""]",,multifieldqa_en,Where is the club's headquarters located?,812,64,multifieldqa_en,"Question: Where is the club's headquarters located?
","Jivani Street 2, Malatia-Sebastia District, Yerevan.",d5422b0fdbed42c0f1d2213edb6c7637802452e4ca7287eb,Answer:
en,['NFPA and FPSA greatly outperform GMRES and DSA.'],,multifieldqa_en,How do the runtimes and iteration counts of NFPA and FPSA compare to GMRES and DSA in the numerical experiments?,3996,64,multifieldqa_en,"Question: How do the runtimes and iteration counts of NFPA and FPSA compare to GMRES and DSA in the numerical experiments?
",NFPA and FPSA runtimes and iteration counts are significantly smaller than those of GMRES and DSA in the numerical experiments.,a40877e222497d3ff2efbeb1926e20600f8aac947820063c,Answer:
en,"['Technological limitations, resistance to exposing data to scrutiny, and desire to hold onto data for personal use.']",,multifieldqa_en,What are some reasons for the lack of data sharing in archaeobotany?,6097,64,multifieldqa_en,"Question: What are some reasons for the lack of data sharing in archaeobotany?
","Reasons for the lack of data sharing in archaeobotany may include technological limitations, resistance among some archaeologists to making their data available due to cautions of exposing data to scrutiny, lost opportunities of analysis before others use it, and loss of 'capital' of data. Additionally, the emphasis on",aeb6cb26b11fc386727a529761d9d233ec7ba8dea9800b0f,Answer:
en,"['Physics, biology, social sciences, finance, and neuroscience are some fields in which the inverse problem is encountered.']",,multifieldqa_en,What are some fields in which the inverse problem is encountered?,6308,64,multifieldqa_en,"Question: What are some fields in which the inverse problem is encountered?
","physics, biology, social sciences, finance, neuroscience, and others.",c18fe208b75f8f5b4214e2cb17420d75bf525e176e425fc0,Answer:
en,['4.5x10^8 cm.'],,multifieldqa_en,What is the maximum radius of the emitting region for the black body model?,7021,64,multifieldqa_en,"Question: What is the maximum radius of the emitting region for the black body model?
",4.5$\times$10$^{8}$ cm.,0da7747b164232cac911a34f6d0421028b27db0ce70e26a7,Answer:
en,['VC-10 Squadron.'],,multifieldqa_en,Which air unit did Goodwin command during the initial landings of Marines on Saipan?,2295,64,multifieldqa_en,"Question: Which air unit did Goodwin command during the initial landings of Marines on Saipan?
",VC-10 Squadron,f084724966601afea0017630eeee76cf0b65099356667bc2,Answer:
en,['Bigger receptive field size leads to more successful shape completion.'],,multifieldqa_en,How does the receptive field size affect the completion of shapes?,5241,64,multifieldqa_en,"Question: How does the receptive field size affect the completion of shapes?
","The bigger the receptive field size, the more complete shapes can be reconstructed using DSP.",4ad542cf320f1c01a4bce92a59628789784cf9722d7d476c,Answer:
en,['The momentum space curl of the interlayer Berry connection polarizability generates the crossed nonlinear dynamical Hall effect.'],,multifieldqa_en,What is the significance of the interlayer Berry connection polarizability?,3508,64,multifieldqa_en,"Question: What is the significance of the interlayer Berry connection polarizability?
",The interlayer Berry connection polarizability is significant because it arises from layer hybridization of electrons by the twisted interlayer coupling in twisted bilayers. It is the origin of the unconventional nonlinear dynamical Hall effect observed in these systems.,7d9bc0ed11dfc39ab91980d15a95fcd9f5902d25f85ec436,Answer:
en,"['Yes, the denoiser works for non-Clifford local noise channels.']",,multifieldqa_en,Can the denoiser be applied to circuits with non-Clifford noise?,5389,64,multifieldqa_en,"Question: Can the denoiser be applied to circuits with non-Clifford noise?
","Yes, the denoiser can be applied to circuits with non-Clifford noise.",13b04172d2261a0c9545a0e3670c1c43105ccab41ce1a726,Answer:
en,['Legacies of Losing in American Politics and an expanded edition of The Rhetorical Presidency in the Princeton Classics series.'],,multifieldqa_en,What is Professor Tulis's forthcoming book?,5306,64,multifieldqa_en,"Question: What is Professor Tulis's forthcoming book?
","Legacies of Losing in American Politics, with Nicole Mellow (University of Chicago Press, Fall 2017) and an expanded edition of The Rhetorical Presidency in the Princeton Classics series (Princeton, Fall 2017).",60b19bbfd875f79ca168f6db761d192ab710f9b5f395de89,Answer:
en,['It uses a content-recognition module or algorithm.'],,multifieldqa_en,How does a media application determine the context of an event?,5567,64,multifieldqa_en,"Question: How does a media application determine the context of an event?
","A media application may use a content-recognition module or algorithm to determine the context of an event. This may include techniques such as edge detection, pattern recognition, speech recognition, and cross-referencing data in a database to determine the objects and/or characteristics in media assets.",690d6407b1ef9f8d373370bbcb02f7ecf198379774101140,Answer:
en,['Sustained viral gene delivery through core-shell fibers and Gene transfer to hemophilia A mice via oral delivery of FVIII-chitosan nanoparticles.'],,multifieldqa_en,What are the titles of one of Kam W. Leong's publications in Journal of Controlled Release?,2345,64,multifieldqa_en,"Question: What are the titles of one of Kam W. Leong's publications in Journal of Controlled Release?
","""Liu, J. B., Bursac, N., Leong, K. W., Effect of Electromechanical Stimulation on the Maturation of Myotubes on Aligned Electrospun Fibers""",edbbdb9727c3a51310d24895d08c5a90673cb9d514770878,Answer:
en,['FC Banants.'],,multifieldqa_en,What was the club known as before being officially renamed FC Urartu?,818,64,multifieldqa_en,"Question: What was the club known as before being officially renamed FC Urartu?
",FC Banants,c4f2dfb06f56a185067d2f147c4d846aa0b895f1968eda12,Answer:
en,['The conclusion was that fruit consumption may provide a protective effect for mercury exposure in Amazonian riparians.'],,multifieldqa_en,What was the conclusion of the study?,3247,64,multifieldqa_en,"Question: What was the conclusion of the study?
",Fruit consumption may provide a protective effect for Hg exposure in Amazonian riparians. Prevention strategies that seek to maintain fish consumption while reducing Hg exposure in fish-eating communities should be pursued.,ac42a5a54b029a05be6e6e13d9001a81761d7b40ad1edfe2,Answer:
en,['By comparing candidate content items to a model and scoring them.'],,multifieldqa_en,How does the scoring engine generate a stream of content for the channel?,9607,64,multifieldqa_en,"Question: How does the scoring engine generate a stream of content for the channel?
","The scoring engine queries the new content items based on the channel category and at least one other channel attribute. It retrieves candidate content items that include the channel category and the other channel attribute. Then, it generates a stream of content from the candidate content items for the channel by comparing them to the model.",a9f124fabc341d61e359af8e8badf79dd63a97896c28842e,Answer:
en,['In the 2013-2014 season.'],,multifieldqa_en,When did the club win the Armenian Premier League for the first time?,821,64,multifieldqa_en,"Question: When did the club win the Armenian Premier League for the first time?
",2013-14.,8e79ff617e6cfd373020194ce4cb84531a6aec6ab7e6cfc2,Answer:
en,['Margaret Way wrote more than 120 novels.'],,multifieldqa_en,How many novels did Margaret Way write?,1195,64,multifieldqa_en,"Question: How many novels did Margaret Way write?
",More than 120 novels,f01044ae4abc16064872421a7dc9b21c98dc2bb4f4b5351a,Answer:
en,['This research paper proposed an approach based on approximating the posterior distribution with an isotropic Gaussian distribution.'],,multifieldqa_en,What is the proposed approach in this research paper?,2556,64,multifieldqa_en,"Question: What is the proposed approach in this research paper?
","The proposed approach in this research paper is to approximate the posterior distribution in a state-space model with an isotropic Gaussian distribution, leading to an adaptable step-size LMS filter.",394cb48c037481d97cdf1dbd7adef475061b9e77235842e2,Answer:
en,"['Yes, DUO has 9.57 instances per image while COCO contains 7.7.']",,multifieldqa_en,Does DUO contain more instances per image than COCO?,2619,64,multifieldqa_en,"Question: Does DUO contain more instances per image than COCO?
",Yes.,dffb383ee06d8413ac40e2c1ec7bde5548ef07fc8f35ad2f,Answer:
en,"['Symptoms of vitamin K deficiency include anemia, bruising, nosebleeds, bleeding of the gums, and heavy menstrual bleeding in women.']",,multifieldqa_en,What are the symptoms of vitamin K deficiency?,7146,64,multifieldqa_en,"Question: What are the symptoms of vitamin K deficiency?
","Anemia, bruising, nosebleeds and bleeding of the gums in both sexes, and heavy menstrual bleeding in women.",ad753e5807afddae5d0a133de86b5224cb074edfcc9477bf,Answer:
en,['172.'],,multifieldqa_en,What is the security parameter for the AES-256 block cipher?,6956,64,multifieldqa_en,"Question: What is the security parameter for the AES-256 block cipher?
",172,2646315b4135b08675c4ab2110dc544058659b9b6aab4752,Answer:
en,['Centralized control of mobile devices and applications.'],,multifieldqa_en,What is the definition of mobile device management (MDM)?,6706,64,multifieldqa_en,"Question: What is the definition of mobile device management (MDM)?
",Mobile device management (MDM) is a system that supports centralized control of an entire fleet of mobile devices (smartphones and tablets) and mobile applications by applying and ensuring pre-defined configuration settings.,c60792f391b389a1c44b0a8f62f4a792d9ed82286b1b7f95,Answer:
en,"['BERT, RoBERTa, ELECTRA, GPT-2, and XLM-RoBERTa.']",,multifieldqa_en,What models were used for dialect identification?,2397,64,multifieldqa_en,"Question: What models were used for dialect identification?
","BERT, RoBERTa, XLM-RoBERTa, ELECTRA, and GPT-2 were used for dialect identification.",635ad5e3696e0d297f3ea8909d42975a5c1eb49a7f4a8466,Answer:
en,['No excessive overloading and no use for illegal activity.'],,multifieldqa_en,What are the restrictions on the use of Broadjam's servers?,10003,64,multifieldqa_en,"Question: What are the restrictions on the use of Broadjam's servers?
","Broadjam's servers cannot be used for illegal activities, excessive overloading, mail bombs, Internet packet flooding, packet corruption, denial of service, network congestion, hostile network attacks, server hacking, or any other activities deemed by Broadjam to be in conflict with their spirit or intent",25d54c0a145838996b56def82126f35b3fabe3e100d10fc0,Answer:
en,['Multiple vacuum processing apparatuses are arranged in parallel.'],,multifieldqa_en,How is the vacuum processing system configured in terms of the arrangement of the vacuum processing apparatus?,2355,64,multifieldqa_en,"Question: How is the vacuum processing system configured in terms of the arrangement of the vacuum processing apparatus?
","The vacuum processing system is configured with a plurality of vacuum processing apparatus arranged in parallel, and the vacuum processing chambers for processing a wafer are arranged in a T-arrangement.",5a18017502d827b72fc74d91f13f6f14193b4964c3420e47,Answer:
en,['21.'],,multifieldqa_en,How many massive star-forming regions were studied?,2103,64,multifieldqa_en,"Question: How many massive star-forming regions were studied?
",21,238c4efe738cecd8346abfdc57707996aef30f9b43d1a577,Answer:
en,['1425 $\\mu_{B}$.'],,multifieldqa_en,What is the average magnetic moment per column in Ge$_{1-x}$Mn$_{x}$ films?,5906,64,multifieldqa_en,"Question: What is the average magnetic moment per column in Ge$_{1-x}$Mn$_{x}$ films?
",1425 $\mu_{B}$,583c9765ccee578fbc4e86090b48ca54163aa00fd5911cfe,Answer:
en,['Unknown.'],,multifieldqa_en,Is there any evidence of heaven and hell?,2490,64,multifieldqa_en,"Question: Is there any evidence of heaven and hell?
","Nothing can give a solid proof of the existence of heaven and hell, yet, nothing can disprove it either.",b41aef2d0475f46a78a3168c6c8a614170975f82507cf2e4,Answer:
en,['August 25.'],,multifieldqa_en,When will BC leave Boston?,10337,64,multifieldqa_en,"Question: When will BC leave Boston?
",Not mentioned in the text.,d2a588e420083f151239e660bd47ec0cad9732ec308ab9bc,Answer:
en,['Reduced computational complexity.'],,multifieldqa_en,What are the benefits of using binary variables in the SLAS formulation?,5466,64,multifieldqa_en,"Question: What are the benefits of using binary variables in the SLAS formulation?
","Using binary variables in the SLAS formulation reduces computational complexity significantly, making it more efficient for real-time applications.",0e9a32e0989483442381f0195e620fea8c5538e42f130bdb,Answer:
en,"['Online documentation, QuecPython community, online support: QQ group 445121768.']",,multifieldqa_en,Where can users go for troubleshooting and support?,682,64,multifieldqa_en,"Question: Where can users go for troubleshooting and support?
","Users can go to QuecPython community for troubleshooting, support, and more information. The community can be accessed at https://forumschinese.quectel.com/c/function-subjects/quectpython/43. Users can also contact the official support through the Q",ec016e90ac78727f3c4aa176db472724bda53c07cb8cb696,Answer:
en,['Severe anemia that begins even before birth.'],,multifieldqa_en,What are the symptoms of alpha thalassemia major?,6102,64,multifieldqa_en,"Question: What are the symptoms of alpha thalassemia major?
","Severe anemia as early as the first trimester of pregnancy, enlarged placenta, heart, liver, spleen, and adrenal glands, fluid collection throughout the body, growth retardation, and miscarriage or death shortly after birth.",d427e3ab7584a0e253bfb6a9d76626b726c79b57d5e39f2a,Answer:
en,['October 2001.'],,multifieldqa_en,When did Simon English become the leader of the National Party?,3590,64,multifieldqa_en,"Question: When did Simon English become the leader of the National Party?
",October 2001,67dd297408f3d52f22ede88df0b62644dac86da77f009e71,Answer:
en,['Smartphones are more compact and power constrained.'],,multifieldqa_en,How are smartphones and tablets different from a technical perspective?,7568,64,multifieldqa_en,"Question: How are smartphones and tablets different from a technical perspective?
","Smartphones are more compact, power-constrained, and have a cellular modem as an absolute necessity. Tablets are more akin to PCs, have a greater power budget, default connectivity is Wi-Fi, and cellular modems are optional.",7d357dddfddb09bf71c6ce3d2c6780b3380d725f534d0b91,Answer:
en,['The sticking point in the political showdown over the budget is how much spending to cut.'],,multifieldqa_en,What is the sticking point in the political showdown over the budget?,7321,64,multifieldqa_en,"Question: What is the sticking point in the political showdown over the budget?
",Spending cuts and policy issues like regulating greenhouse gases and abortion.,6ee1971ac8c7c0ee4a5add9ec201557d28d3c2f66b176fb4,Answer:
en,['The Director of Town and Country Planning is responsible for carrying out the functions assigned under the act.'],,multifieldqa_en,Who is responsible for carrying out the functions assigned under the act?,6958,64,multifieldqa_en,"Question: Who is responsible for carrying out the functions assigned under the act?
","Director of Town and Country Planning, and other officers appointed to assist the Director.",a8da0d2585bb54d571a2ab4a539b61eef56b5e271692be42,Answer:
en,['By using a propagator in the latent space.'],,multifieldqa_en,How does the framework capture the reduced-order dynamics?,3083,64,multifieldqa_en,"Question: How does the framework capture the reduced-order dynamics?
","The framework captures the reduced-order dynamics by employing a propagator in the latent space, which is a continuous ODE in the complex plane for each dimension of the latent variable. The latent variables and the parameter governing the temporal evolution are complex numbers, similar to an eigenvalue. The real part",47b9dbb6d85243ffdaf6d95e842986b30d49d95913f21b6a,Answer:
en,['Keep deploying and harvesting your bases to earn experience points and level up quickly.'],,multifieldqa_en,How can you level up in the early levels?,6594,64,multifieldqa_en,"Question: How can you level up in the early levels?
",By deploying and harvesting resources.,3c8e9fef2eae8f49aae38b7314a3425b99c3ca8b051e8293,Answer:
en,['It is the ratio of the average unscreened electron-electron potential energy to kinetic energy.'],,multifieldqa_en,"What is the electron correlation parameter, $\Gamma_e$?",5086,64,multifieldqa_en,"Question: What is the electron correlation parameter, $\Gamma_e$?
",$\Gamma_e = \frac{e^2}{4\pi \epsilon_0 a_{ws}}\frac{1}{k_B T_e}$,7f8fc6a04f8be9000b41098aa0f8d7fbfd42e2aa43bf7997,Answer:
en,"[""Players can skip dialogue on the quest map by pressing the 'SKIP' button.""]",,multifieldqa_en,How can players skip dialogue on the quest map?,6743,64,multifieldqa_en,"Question: How can players skip dialogue on the quest map?
",By pressing 'SKIP'.,c677827fc67e60c6396dceb5c4194aaba925aa1c61ad7115,Answer:
en,['Four years.'],,multifieldqa_en,How many years has KSTP-FM 102.1 been on the air?,1802,64,multifieldqa_en,"Question: How many years has KSTP-FM 102.1 been on the air?
",4 years.,622b577978afc1346c315f98a18678c8e6d5ccbf82511f74,Answer:
en,['The IAF is considering the acquisition of the Airbus A330 MRTT (Multi-Role Tanker Transport) besides the Boeing C-17.'],,multifieldqa_en,"Besides the Boeing C-17, what other transport aircraft is the IAF considering for acquisition?",5660,64,multifieldqa_en,"Question: Besides the Boeing C-17, what other transport aircraft is the IAF considering for acquisition?
",Il-76MDM,8d72c6709ee1da38a65cdfb4f9d90e7348fd8e356c0a8165,Answer:
en,['Exposure to sunlight or strong light may cause permanent yellow spot damage on the screen.'],,multifieldqa_en,What may happen if the VR headset lenses are exposed to sunlight or strong light?,2188,64,multifieldqa_en,"Question: What may happen if the VR headset lenses are exposed to sunlight or strong light?
",Permanent yellow spot damage on the screen.,45e06726b160cfb851e2179017f90e37f4f4dec62f346e33,Answer:
en,['Because his roommate smokes.'],,multifieldqa_en,Why does Craig want to find his own place?,8501,64,multifieldqa_en,"Question: Why does Craig want to find his own place?
",Craig wants to find his own place because the lady he is renting from smokes.,6065487485ac8c59b14aeb4bfb6c0cc1c26203d0ab1d3b1b,Answer:
en,"['An alphabetical list of names and places of abode of the merchants and principal traders of the cities of London and Westminster, the Borough of Southwark, and their environs, with the number affixed to each house.']",,multifieldqa_en,What did the London Directory proclaim to contain?,6567,64,multifieldqa_en,"Question: What did the London Directory proclaim to contain?
","An alphabetical list of the names and places of abode of the merchants and principal traders of the cities of London and Westminster, the Borough of Southwark, and their Environs, with the Number affixed to each House.",c39f97567cff21a8591f02117632ea71e7b566f65d2d62ab,Answer:
en,"[""It becomes a bit less so that what's off to the left or right can be better noted.""]",,multifieldqa_en,What happens to the high resolution of what we focus on at dawn or dusk?,10325,64,multifieldqa_en,"Question: What happens to the high resolution of what we focus on at dawn or dusk?
",It becomes less.,ae5a3edc1bc76fee6fa1aa6557e83bc3cfea0c190763ecce,Answer:
en,['Appointing a blue ribbon commission to conduct the research and develop the management plan and denying or defering approval on any applications for new docks in the Cove until the management plan can be developed and implemented.'],,multifieldqa_en,What is the group's request to the Connecticut DEEP Commissioner?,6819,64,multifieldqa_en,"Question: What is the group's request to the Connecticut DEEP Commissioner?
",Appoint a blue ribbon commission to conduct research and develop a management plan for Whalebone Cove.,7e9ba2f426e81faad004a9aba93c714af689ed705e544d22,Answer:
en,['Power-law functions.'],,multifieldqa_en,What type of distribution do the tail distributions of price returns follow?,6766,64,multifieldqa_en,"Question: What type of distribution do the tail distributions of price returns follow?
",Power-law functions.,b16c38bf627891a3bf60ee57f9f3c2f5730f4ea3a0f44b0e,Answer:
en,"['It depends on the value of x, either 0 or (6x^2cos(x^2)+sin(x^2))/(3(x^2)^(1/3)).']",,multifieldqa_en,What is the correct expression for the derivative of the function?,1762,64,multifieldqa_en,"Question: What is the correct expression for the derivative of the function?
","$f'\left(x\right)  =  \frac{6x^2\cos{\left(x^2\right)}+\sin{\left(x^2\right)}}{3\sqrt[3]{x^2}}, \text{ if } x \neq 0 \text",101225d103936ad083c5da47c3dce73ce569b62cbaa093bd,Answer:
en,"['In 2009, Brooksley Born received the John F. Kennedy Profiles in Courage Award.']",,multifieldqa_en,What award did Brooksley Born receive in 2009?,2054,64,multifieldqa_en,"Question: What award did Brooksley Born receive in 2009?
",John F. Kennedy Profiles in Courage Award,c93a8eb62278ce7c575ba542b2bcd5e610fa15035906463c,Answer:
en,['The paper aims to solve nonlinear system vibration problems efficiently.'],,multifieldqa_en,What does the paper aim to solve?,5225,64,multifieldqa_en,"Question: What does the paper aim to solve?
","The paper aims to solve nonlinear system vibration problems, i.e., computing transient responses of nonlinear oscillators under arbitrary irregular excitations based on a combination of a pole-residue operation and Volterra series.",37dfd65b9a8316b9569875b8bcfc5a8bd65e044a88b2e894,Answer:
en,"[""The first white settlement in McPherson County was Fuller's Ranch, established by Charles O. Fuller.""]",,multifieldqa_en,What was the name of the first white settlement in McPherson County?,1865,64,multifieldqa_en,"Question: What was the name of the first white settlement in McPherson County?
",Fuller's Ranch,92bf77fcae3c753b768f1289eeb1e899fc8e75a14509a5f9,Answer:
en,['The normalized least mean square (NLMS) algorithm.'],,multifieldqa_en,What algorithm is engaged in the PLMS-PPIC method?,2008,64,multifieldqa_en,"Question: What algorithm is engaged in the PLMS-PPIC method?
",Normalized Least Mean Square (NLMS) algorithm.,73b9b4130b4a4931bed5ea7e24331ce61b59271eac6c6c01,Answer:
en,['The belief entropy decreases more steadily.'],,multifieldqa_en,What is the effect of accounting for path preference on the robot's belief update?,5655,64,multifieldqa_en,"Question: What is the effect of accounting for path preference on the robot's belief update?
","Accounting for path preference in the robot's belief update leads to a more steady decrease in entropy over the goal distribution, allowing for the robot to leverage the human's latest observations and reach the goal successfully.",f1b59c798ab323ea8409ba09709de506bd83699885ce61a5,Answer:
en,['Open-shell π-diradical state and closed-shell state with a para-quinodimethane moiety.'],,multifieldqa_en,"What are the two ground states observed for indeno[1,2-a]fluorene on NaCl surfaces?",5514,64,multifieldqa_en,"Question: What are the two ground states observed for indeno[1,2-a]fluorene on NaCl surfaces?
",Open-shell and closed-shell states.,59a29a109088d9bd027b8fb77c20871684aa5069abec8e20,Answer:
en,['Nuclear liquid-gas transition in lattice QCD.'],,multifieldqa_en,What is the main focus of the research paper?,4017,64,multifieldqa_en,"Question: What is the main focus of the research paper?
",The main focus of the research paper is the nuclear liquid-gas transition in the strong coupling regime of Lattice QCD.,4d6cd243b10a8460d2e2239182b797420ccc36335a74d23e,Answer:
en,['γh.'],,multifieldqa_en,What is the rationality coefficient used in the observation model?,5646,64,multifieldqa_en,"Question: What is the rationality coefficient used in the observation model?
",γ h = 1.5,5914446861ce8a3d0d9204dfc9d41edd747de735c3c3fc36,Answer:
en,['Sir Richard.'],,multifieldqa_en,Who was Ralph Rokebye's brother?,2952,64,multifieldqa_en,"Question: Who was Ralph Rokebye's brother?
",William Rokebye,dee63735510f6958f4c5bf318421c9b9fac0bc8b3e341a4a,Answer:
en,['According to the globin that is affected (alpha or beta).'],,multifieldqa_en,How are thalassemias classified?,6101,64,multifieldqa_en,"Question: How are thalassemias classified?
","Thalassemias are classified according to the globin that is affected, hence the names alpha and beta thalassemia.",df53ff06fbc99dbae6bfe13a946420321d4542480eeb56f3,Answer:
en,['McPherson.'],,multifieldqa_en,Who is the county seat of McPherson County?,1852,64,multifieldqa_en,"Question: Who is the county seat of McPherson County?
",McPherson,ce720011515773e6bd7b4b355c52a7215ad2920f18a1ec14,Answer:
en,['McPherson County was established as a county in 1867.'],,multifieldqa_en,When was McPherson County established as a county?,1860,64,multifieldqa_en,"Question: When was McPherson County established as a county?
",McPherson County was established in 1870.,4c9131da4fb2a9dbc8dadce39d20bdc302a092b5740c414a,Answer:
en,['使用安装包安装Ganache；打开程序，用户可以从显示的界面中查看账户、区块、交易和日志；点击“设置”，用户可以设置绑定的ip和端口、账户数量以及gas限制等，点击“restart”后设置生效。此时，Ganache已经在本机运行了一个以太坊私有网络，并绑定了8545端口。.'],,multifieldqa_en,如何安装并启动Ganache?,505,64,multifieldqa_en,"Question: 如何安装并启动Ganache?
","1. Download Ganache from the link: https://truffleframework.com/ganache/
2. Install the downloaded package.
3. Open the program to see the interface.
4. Click on ""Settings"" and set the port to 8545.
5.",c6eba7d0323b89bbdb0fbad233543848add08dcbfcbd875b,Answer:
en,['Decorrelating the data before running the PLS algorithm improves the performance of the algorithm.'],,multifieldqa_en,What is the advantage of decorrelating the data before running the PLS algorithm?,8232,64,multifieldqa_en,"Question: What is the advantage of decorrelating the data before running the PLS algorithm?
","Decorrelating the data before running the PLS algorithm improves its performance by reducing the correlation between the data, which leads to a more accurate estimation of the regression coefficients and a better prediction of the response variable.",425c85c840db6f65192aa477d41c9c18a60a4ccaf0e1e6df,Answer:
en,['The generative interactive model used in the method is called the Coupled Generalized Dynamic Bayesian Network (C-GDBN).'],,multifieldqa_en,What is the name of the generative interactive model used in the method?,4482,64,multifieldqa_en,"Question: What is the name of the generative interactive model used in the method?
",Coupled Generalized Dynamic Bayesian Network (C-GDBN),2d0e8d88c8dcd187eb0590fb072f6a69bd774c9aa029246b,Answer:
en,"['Spin injection into non magnetic semiconductors, or electrical manipulation of carrier induced magnetism in magnetic semiconductors.']",,multifieldqa_en,What are some potential applications of ferromagnetic semiconductors?,5917,64,multifieldqa_en,"Question: What are some potential applications of ferromagnetic semiconductors?
","Memory nanodots, nanochannels for spin injection.",f9b9a553107eed5b994a9aaf07e8ccac487feaa8ff108ec6,Answer:
en,['62.'],,multifieldqa_en,How many underclassmen are on the NBA Draft Early-Entry List?,5970,64,multifieldqa_en,"Question: How many underclassmen are on the NBA Draft Early-Entry List?
",62,f9e0095ae38b9c36aac766c4b82f41be5b7560ce8e544675,Answer:
en,['1766.'],,multifieldqa_en,"When did the London Paving and Lighting Act pass, which mandated the numbering of houses?",6539,64,multifieldqa_en,"Question: When did the London Paving and Lighting Act pass, which mandated the numbering of houses?
",1776,229b5bf2402ae2950c72494dcfd5f1c825c396205b49ca50,Answer:
en,"[""The main topic of the text is Iraq's politics and current situation.""]",,multifieldqa_en,What is the main topic of the text?,4468,64,multifieldqa_en,"Question: What is the main topic of the text?
","The main topic of the text is the situation in Iraq, particularly the formation of a new government, violence against Iraqi Christians, and the plight of Iraqi refugees.",40a85211345155859f3d2f7268da928f516a65ac6f8c6e08,Answer:
en,['SNNs have the potential to better model and explain the functional hierarchy and mechanisms of the visual system.'],,multifieldqa_en,What is the potential of SNNs in modeling the visual system?,5588,64,multifieldqa_en,"Question: What is the potential of SNNs in modeling the visual system?
",SNNs have the potential to better model and explain the functional hierarchy and mechanisms of the visual system.,6b35731428ea6d9b480338b90572d21690c2fbb89ebba249,Answer:
en,['He became deputy prime minister and minister of finance.'],,multifieldqa_en,What position did Simon English hold in the 2008 general election?,3602,64,multifieldqa_en,"Question: What position did Simon English hold in the 2008 general election?
",Deputy Prime Minister and Minister of Finance,73debbba53d5848cdc1e726c047bb0b82c5730d747fa710c,Answer:
en,['85.61%.'],,multifieldqa_en,What is the score achieved by the authors for Track-2?,2395,64,multifieldqa_en,"Question: What is the score achieved by the authors for Track-2?
",85.61%,c6d0de0391867185e00e945075301d33fc1c5c05d2a7d082,Answer:
en,['The specific-heat ratio affects the average motion of the bubble. The bubbles with smaller specific-heat ratios have slower average motion.'],,multifieldqa_en,How does the specific-heat ratio affect the average motion of the bubble?,8366,64,multifieldqa_en,"Question: How does the specific-heat ratio affect the average motion of the bubble?
",A larger specific-heat ratio speeds up the average motion of the bubbles.,110688fd7522324ef26cbf3ec4f4b7ab29aa0b687aa1ade5,Answer:
en,['McPherson County is located in the U.S. state of Kansas.'],,multifieldqa_en,Where is McPherson County located?,1853,64,multifieldqa_en,"Question: Where is McPherson County located?
",McPherson County is located in the U.S. state of Kansas.,71902c8027dca26b265f12709ec21224b5abe8b9ef5750fd,Answer:
en,"['O(t, L_{\\parallel}; S_\\Delta) = L_{\\parallel}^{-\\beta/[\\nu(1+\\Delta)]} \\tilde f_O(t/L_{\\parallel}^{z/(1+\\Delta)}; S_\\Delta).']",,multifieldqa_en,What is the scaling form for the alternative order parameter O?,663,64,multifieldqa_en,"Question: What is the scaling form for the alternative order parameter O?
","The scaling form for the alternative order parameter O is given by Eq. \eqref{eq:Oscalingass}:

O (t, L_{\parallel} ; S_\Delta) = L_{\parallel}^{-\beta/[\nu(1+\Delta)]} \tilde f_O (t/L",22034e095a602824678c4028e6f605919ce520270dc06089,Answer:
en,['The relationships between catch per set and fishing behavior variables differ when comparing unstandardized CPUE and standardized CPUE.'],,multifieldqa_en,How are the relationships between catch per set and fishing behavior variables different for different measures of catch per unit effort (CPUE)?,6133,64,multifieldqa_en,"Question: How are the relationships between catch per set and fishing behavior variables different for different measures of catch per unit effort (CPUE)?
","The relationships between catch per set and fishing behavior variables are different for different measures of CPUE (CPUE per trip, CPUE per set, CPUE per 100 hooks per set). For unstandardized CPUE, there is a positive relationship with number of hooks, sets, and engine power, but",cd0ecda68ad8031330b971fbfdd3794916e815109f004d3b,Answer:
en,"[""Romance novels and women's fiction.""]",,multifieldqa_en,What genre did Margaret Way write in?,1193,64,multifieldqa_en,"Question: What genre did Margaret Way write in?
",Romance novels and women's fiction.,fc1544761460f97af3a338bbf3e3c648c00ec27b8b297069,Answer:
en,['No.'],,multifieldqa_en,Can someone sell or modify the Agency Spotter Content?,6839,64,multifieldqa_en,"Question: Can someone sell or modify the Agency Spotter Content?
","No, users are not allowed to sell or modify the Agency Spotter Content.",2914f0d14be47681d3c23b975c5bdadf23943ddd2bdd99d5,Answer:
en,"['URPC2017, URPC2018, URPC2019, URPC2020_ZJ and URPC2020_DL.']",,multifieldqa_en,What are the datasets used in this community for research?,2616,64,multifieldqa_en,"Question: What are the datasets used in this community for research?
","The datasets used in this community for research are URPC2017, URPC2018, URPC2019, URPC2020$_{ZJ}$, URPC2020$_{DL}$, and UDD.",b321c147c0e0a8a35ee8738ad89326ecad1509bf591b4233,Answer:
en,['A study on the effects of Brazilian Jiu Jitsu and psychotherapy on people with autism.'],,multifieldqa_en,What is the research opportunity that is mentioned?,8511,64,multifieldqa_en,"Question: What is the research opportunity that is mentioned?
","The research opportunity is about the effects of Brazilian Jiu Jitsu, and psychotherapy on helping people with autism develop subjective awareness of others.",56514cd4cf8dac4f9081927e3ffaaca1ff1231198b7b16e9,Answer:
