dataset,max_new_tokens,answer_prefix,compression_ratio,question,predicted_answer,language,answers,task,_id,length,all_classes
qasper,148,Answer:,0.75,, The ground truth for fake news is established by a single expert manually annotating the tweets.,en,['Ground truth is not established in the paper'],qasper,3ac3eef636db11635a21a61804cb28e92c546a5686dd1e12,3141,
qasper,148,Answer:,0.75,," An extension of the NetVLAD approach, adding Ghost clusters to map features to a compact and discriminative representation.",en,"['extension of the NetVLAD, adds Ghost clusters along with the NetVLAD clusters'
 'An extension of NetVLAD which replaces hard assignment-based clustering with soft assignment-based clustering with the additon o fusing Ghost clusters to deal with noisy content.']",qasper,db6c4d611b78c840972b57ee0b245003566b982feaff1084,2454,
qasper,148,Answer:,0.75,, 68.8% to 71.8%.,en,"['the attention model, MDREA, also outperforms the best existing research results (WAP 0.690 to 0.688)']",qasper,e419f2bff9d2ab7c3b60b3250caccd2d9ae1285ec3e8e818,3207,
qasper,148,Answer:,0.75,," Context tweets, which provide significant contextual information, are proposed as an additional feature.",en,"['using tweets that one has replied or quoted to as contextual information'
 'text sequences of context tweets']",qasper,9fb085a1f47673d1907f2378c90843b4b6e8622a14fe1fa9,2060,
qasper,148,Answer:,0.75,," FoxNews, CNN, ESPN, New York Times, Huffington Post, Time, The Guardian, The New York Times, The Washington Post, The Wall Street Journal, The Times of London, The Daily Mail, The Telegraph, The Independent, The Sun, The Mirror, The Daily Star, The Daily Express, The Daily Mail, The Daily Telegraph, The Times, The Sunday Times, The Sunday Telegraph, The Sunday Mirror, The Sunday People, The Daily Mail, The Daily Express, The Daily Star, The Daily Mirror, The Daily People, The Daily Mail, The Daily Telegraph, The Times, The Sunday Times, The Sunday Telegraph, The Sunday Mirror, The Sunday People, The Daily Mail, The Daily Express, The Daily Star,",en,"['FoxNews, CNN, ESPN, New York Times, Time magazine, Huffington Post Weird News, The Guardian, Cartoon Network, Cooking Light, Home Cooking Adventure, Justin Bieber, Nickelodeon, Spongebob, Disney'
 'FoxNews, CNN, ESPN, New York Times, Time magazine, Huffington Post Weird News, The Guardian, Cartoon Network, Cooking Light, Home Cooking Adventure, Justin Bieber, Nickelodeon, Spongebob, Disney.']",qasper,14e88916523197e066dbb743339685621db47c4beb503abb,3411,
qasper,148,Answer:,0.75,, yes,en,['Yes' 'Yes'],qasper,c109a25d23a8c5c95af8697ef1ac51cd3bee93c67521af6d,3735,
qasper,148,Answer:,0.75,," Extrinsic evaluation, specifically using summary evaluation.",en,"['Answer with content missing: (Evaluation Metrics section) Precision, Recall, F1-scores, Strict match, METEOR, ROUGE-2']",qasper,072d3de1a7122730a13a31db3eede4113af2d920814f0aaa,4263,
qasper,148,Answer:,0.75,," The CNN/DailyMail, NYT, and XSum datasets are used for evaluation.",en,"['CNN/DailyMail news highlights, New York Times Annotated Corpus, XSum'
 'the CNN/DailyMail news highlights dataset BIBREF24, the New York Times Annotated Corpus (NYT; BIBREF25), XSum BIBREF22']",qasper,8fa5af6a36dd0b6b73900b2ec6f6e43a652a3e7d2b827a58,4369,
qasper,148,Answer:,0.75,, The proposed approach achieves better correlation scores than existing approaches on benchmark word similarity and entailment datasets.,en,['GM$\\_$KL achieves better correlation than existing approaches for various metrics on SCWS dataset.'],qasper,5f00d4f6e62f4b99484eb78491f803f8143cc1b13ad33816,2189,
qasper,148,Answer:,0.75,," They form an ensemble by simply averaging the predictions from the constituent models, selecting the models using a greedy algorithm that adds the best-performing model at each step.",en,['simply averaging the predictions from the constituent single models'],qasper,91dd7b7a6ead4025763812d70dc51c6674b0acf31bd5a5f0,4212,
qasper,148,Answer:,0.75,," The Friends dataset comes from the scripts of the Friends TV sitcom, and the EmotionPush dataset comes from Facebook messenger chats.",en,"['Friends TV sitcom, Facebook messenger chats']",qasper,fe6e5087f91071369646d9d868d784a290d0d13013292b61,3185,
qasper,148,Answer:,0.75,, English.,en,['English' 'Simple English'],qasper,51b9066a5f2845e2fdf0d1dcde6833f70ae49ed01aa306db,2243,
qasper,148,Answer:,0.75,, The IMDb dataset of movie reviews.,en,['IMDb dataset of movie reviews' 'IMDb'],qasper,bae15e10e0f414a92fb0e943871ed25c3fc16183a3028012,2327,
qasper,148,Answer:,0.75,," The proposed system (ALCrowd) achieves the best performance, significantly better than all other models, with a p-value below 10^-5 by using t-test.",en,"['F1 scores of 85.99 on the DL-PS data,  75.15 on the EC-MT data and 71.53 on the EC-UQ data '
 'F1 of 85.99 on the DL-PS dataset (dialog domain); 75.15 on EC-MT and 71.53 on EC-UQ (e-commerce domain)']",qasper,d022dfe02fb2a55b4baa40fe436f616aecd3f3ced1a58d7c,5310,
qasper,148,Answer:,0.75,, yes,en,['No'],qasper,43279ddf85ada1b163aa1b316a4df1418957058206501c26,3445,
qasper,148,Answer:,0.75,," The Switchboard dataset, Twitter feeds, and news articles are used.",en,"['Custom dataset with user questions; set of documents, twitter posts and news articles, all related to finance.'
 'a self-collected financial intents dataset in Portuguese']",qasper,f27a64d129091a6c8973c001ff789b8f68955b8ff0ae70af,13401,
qasper,148,Answer:,0.75,, The Energy sector achieved the best performance with an R^2 score of 0.44.,en,['Energy with accuracy of 0.538' 'Energy'],qasper,c47ca982b6c4681c4741d4708801fa79a3e1cab17d0a2c4a,10349,
qasper,148,Answer:,0.75,, RNN-based NMT and Transformer-NMT.,en,"['RNN-based NMT model, Transformer-NMT']",qasper,1614ea21f8d039debfc655015f8133d0ef220837804ddf62,3708,
qasper,148,Answer:,0.75,," A regularization term associated with neutral features, the maximum entropy of class distribution regularization term, and the KL divergence between reference and predicted class distribution.",en,"['a regularization term associated with neutral features, the maximum entropy of class distribution regularization term, the KL divergence between reference and predicted class distribution'
 'a regularization term associated with neutral features,  the maximum entropy of class distribution, KL divergence between reference and predicted class distribution']",qasper,159a474e0a7155a2d0b984cbb5215cdc853d721605b90154,3604,
qasper,148,Answer:,0.75,," 1) SVM with unigram features, 2) SVM with average word embeddings, 3) SVM with average word embeddings of comments, 4) CNN, 5) CNN with comment information, 6) UTCNN without user information, 7) UTCNN without LDA, 8) UTCNN without comments.",en,"['SVM with unigram, bigram, and trigram features, SVM with average word embedding, SVM with average transformed word embeddings, CNN, ecurrent Convolutional Neural Networks, SVM and deep learning models with comment information'
 'SVM with unigram, bigram, trigram features, with average word embedding, with average transformed word embeddings, CNN and RCNN, SVM, CNN, RCNN with comment information']",qasper,d426a2d42f3dffc8771498ba64ed0e383b91939398e83dce,4512,
qasper,148,Answer:,0.75,," Several points, as shown by the improvement in the INLINEFORM1 scores.",en,['They decrease MAE in 0.34'],qasper,680ef767fe2a990615d0bc1cb1bf5f7d23c8766209138826,2735,
qasper,148,Answer:,0.75,, It allows for crisper attention head behaviors and facilitates the identification of head specializations.,en,"['the attention heads in the proposed adaptively sparse Transformer can specialize more and with higher confidence'
 'We introduce sparse attention into the Transformer architecture']",qasper,8b6bf313950a892cbda035f2c7b3d8b01472ff34749f028d,4902,
qasper,148,Answer:,0.75,, The baseline model was a Transformer base model trained on 6 million sentence pairs.,en,"[' MT system on the data released by BIBREF11'
 'Transformer base, two-pass CADec model']",qasper,04af9dc96013a1bc7faecbc589f7ea5c207e92c7d9a3495e,3716,
qasper,148,Answer:,0.75,, Labeled Attachment Scores (LAS) and accuracy.,en,"['translation probabilities, Labeled Attachment Scores (LAS)'
 'accuracy, Labeled Attachment Scores (LAS)']",qasper,3b069a546d5417be546f57d02981cf5ac68b4d3d6c55624a,3402,
qasper,148,Answer:,0.75,," The attention module of the ST model does not benefit from the pre-training, but the attention module of the MT model is reused.",en,['the model is pre-trained on CTC-based ASR task and MT task in the pre-training stage.'],qasper,ebd4ae480fe1596841b2132e96f40eac8437c800db8ef59e,4656,
qasper,148,Answer:,0.75,," Emoticons, laughter expressions, and hashtags.",en,['Unanswerable'],qasper,036bfbdbfff8294f59afd5860663bbb4349924c9853b2151,3543,
qasper,148,Answer:,0.75,, LSTM.,en,['LSTM' 'LSTM'],qasper,8595332098adaabcfd8ae199f754a9b06cdde08cdd4cc64a,2289,
qasper,148,Answer:,0.75,, Yes.,en,['Unanswerable' 'Yes'],qasper,3ca65b23b3cb316653709b469b4a9b42b790e0350c76ae1a,6391,
qasper,148,Answer:,0.75,, unanswerable,en,"['Unanswerable'
 'LF-MMI Attention\nSeq2Seq \nRNN-T \nChar E2E LF-MMI \nPhone E2E LF-MMI \nCTC + Gram-CTC']",qasper,39352d304bd452de69fcc492ad458b72614e329b4509eb48,1856,
qasper,148,Answer:,0.75,," Over 22,880 users.",en,"['22,880 users' '20,000']",qasper,18576b9ee9994a46dc0c7d916a009ff6d0964991541010ee,4160,
qasper,148,Answer:,0.75,," BPE perplexity, BLEU-1/4, ROUGE-L, Distinct-1/2, User Matching Accuracy (UMA), Mean Reciprocal Rank (MRR), recipe-level coherence, and local coherence.",en,"['Byte-Pair Encoding perplexity  (BPE PPL),\nBLEU-1,\nBLEU-4,\nROUGE-L,\npercentage of distinct unigram (D-1),\npercentage of distinct bigrams(D-2),\nuser matching accuracy(UMA),\nMean Reciprocal Rank(MRR)\nPairwise preference over baseline(PP)'
 'BLEU-1/4 and ROUGE-L, likelihood of generated recipes using identical input specifications but conditioned on ten different user profiles, user matching accuracy (UMA), Mean Reciprocal Rank (MRR), neural scoring model from BIBREF33 to measure recipe-level coherence'
 ' Distinct-1/2, UMA = User Matching Accuracy, MRR\n= Mean Reciprocal Rank, PP = Pairwise preference over baseline (evaluated for 310 recipe pairs per model)']",qasper,86c75d2a9157cb601a49f8424fa1e6e90fcd724132490bbd,2673,
qasper,148,Answer:,0.75,," They create labels for the QA system as ""No Answer"" when the patient does not mention a particular symptom.",en,"['(1) the time the patient has been experiencing the symptom, (2) activities that trigger the symptom (to occur or worsen), (3) the extent of seriousness, (4) the frequency occurrence of the symptom, and (5) the location of symptom, No Answer'
 'the time the patient has been experiencing the symptom, activities that trigger the symptom, the extent of seriousness, the frequency occurrence of the symptom, the location of symptom, 9 symptoms']",qasper,b72f9154e71c03d0403e06e50063325961ea2ad27c245763,3424,
qasper,148,Answer:,0.75,, unanswerable,en,"['57,505 sentences' '57,505 sentences']",qasper,2ecd2808617740f222a4e2f3b2df546da046d876b1580952,4371,
qasper,148,Answer:,0.75,, Neural machine translation.,en,"['four machine translation tasks: German -> English, Japanese -> English, Romanian -> English, English -> German'
 ' four machine translation tasks, IWSLT 2017 German $\\rightarrow $ English BIBREF27, KFTT Japanese $\\rightarrow $ English BIBREF28, WMT 2016 Romanian $\\rightarrow $ English BIBREF29, WMT 2014 English $\\rightarrow $ German BIBREF30']",qasper,11be2f14f540e957e9797cc962203b8186ca10561228f81f,4898,
qasper,148,Answer:,0.75,, ELMo embeddings show significant improvements over fastText embeddings in the NER task for Estonian.,en,['5 percent points.' '0.05 F1'],qasper,bfc5d4d72997fdcc0107cd5cab9b9718777c43b86be45eb2,3290,
qasper,148,Answer:,0.75,, The authors have a diversity of disciplinary backgrounds and research practices.,en,['Unanswerable'],qasper,65f7bdb541fd6f01fe866dcf694891f92533186085fcba20,8506,
qasper,148,Answer:,0.75,, no,en,['No' 'No'],qasper,091b4028a3b5e9d8248c58f17a62fd16c878da69693cfbfb,2239,
qasper,148,Answer:,0.75,," The Nguni languages (zul, xho, nbl, ssw) and the Sotho languages (nso, sot, tsn) are similar to each other.",en,"['Nguni languages (zul, xho, nbl, ssw), Sotho languages (nso, sot, tsn)'
 'The Nguni languages are similar to each other, The same is true of the Sotho languages']",qasper,93004cdb0e6d24f5de0568ed952fd50655e42900dc9dbfdb,1877,
qasper,148,Answer:,0.75,," conventional RNNs, unidirectional LSTM models, and bidirectional LSTM models.",en,"['Unidirectional LSTM networks with 2, 6, 7, 8, and  9 layers.']",qasper,3598040772b4950e6241b50125f7ab7038a8149060e3c381,4286,
qasper,148,Answer:,0.75,," The Wikipedia dataset consists of around 29,794 articles, and the arXiv dataset consists of three subsets with a total of 1,500 papers.",en,"['a sample of  29,794 wikipedia articles and 2,794 arXiv papers ']",qasper,ecf37304ab84334d46491b0bd3d8bdc7cda33d54a15870f0,4187,
qasper,148,Answer:,0.75,, A group of 50 native speakers of Tamil and English were used as annotators for the evaluation.,en,"['50 human annotators ranked a random sample of 100 translations by Adequacy, Fluency and overall ranking on a 5-point scale.'
 'adequacy, precision and ranking values']",qasper,1a1daeb5809cde7c7131d972f42ee43654a378c78d5182c8,5344,
qasper,148,Answer:,0.75,, Yes.,en,['Yes' 'Yes'],qasper,d1d93cefe6e2c643ecf128643f9362e3fa137ff54253a3ec,4472,
qasper,148,Answer:,0.75,," The efficiency of a communication scheme is quantified by the retention rate of keywords, and the accuracy is measured by the percentage of sentences that are reconstructed correctly.",en,"['by training an autocomplete system on 500K randomly sampled sentences from Yelp reviews'
 'efficiency of a communication scheme $(q_{\\alpha },p_{\\beta })$ by the retention rate of tokens, which is measured as the fraction of tokens that are kept in the keywords, accuracy of a scheme is measured as the fraction of sentences generated by greedily decoding the model that exactly matches the target sentence']",qasper,92da01e7242f30f5266e431b4269fee1b0ca5fcc23aee095,1873,
qasper,148,Answer:,0.75,," Accuracy, precision, recall, F-measure, and ROUGE unigram score.",en,"['Precision, Recall, F-measure, accuracy'
 'Precision, Recall and F-measure']",qasper,b5f62b7acf975c5454df077adf727c1bcc62985be5e5a660,3044,
qasper,148,Answer:,0.75,," The source domain is an existing domain with sufficient labeled data, and the target domain is a new domain with very few or no labeled data.",en,"['Book, electronics, beauty, music, IMDB, Yelp, cell phone, baby, DVDs, kitchen'
 'we use set 1 of the source domain as the only source with sentiment label information during training, and we evaluate the trained model on set 1 of the target domain, Book (BK), Electronics (E), Beauty (BT), and Music (M)']",qasper,c92d96ed55bc5dcd92f963d3c5d26e52661b74e71090f24a,5061,
qasper,148,Answer:,0.75,," LSTMs and state-of-the-art methods such as RAN, QRNN, and NAS.",en,"['Variational LSTM, CharCNN, Pointer Sentinel-LSTM, RHN, NAS Cell, SRU, QRNN, RAN, 4-layer skip-connection LSTM, AWD-LSTM, Quantized LSTM']",qasper,eeab2b9167f294f68d3058752acc01e1145eb7d89437d5c4,3319,
qasper,148,Answer:,0.75,," Embedding Layer, Word/character embedding, RNN, CNN, Transformer, Highway Network, Dropout, Regularization, and Attention Mechanism.",en,"['Embedding Layer, Neural Network Layers, Loss Function, Metrics'
 'Embedding Layer, Neural Network Layers, Loss Function, Metrics']",qasper,d5280384a4496ef3358dc45dc0199b9198bd0d927be302ef,1678,
qasper,148,Answer:,0.75,, The Carnegie Mellon Pronouncing Dictionary and the multilingual pronunciation corpus collected by deri2016grapheme.,en,"['the Carnegie Mellon Pronouncing Dictionary BIBREF12, the multilingual pronunciation corpus collected by deri2016grapheme , ranscriptions extracted from Wiktionary'
 'multilingual pronunciation corpus collected by deri2016grapheme']",qasper,0b90a0a4b2cdceda62a9e2b165f0cfa1a34d34d800a46086,3244,
qasper,148,Answer:,0.75,, The results of BERT are taken from BIBREF12 as baselines.,en,"['varied from Maximum Entropy Classifiers (BIBREF4) to Support Vector Machines (BIBREF5,BIBREF6,BIBREF7,BIBREF8), Recursive Neural Networks (BIBREF9,BIBREF10), Convolutional Neural Networks (BIBREF11) and most recently transfer learning-based architectures like Bidirectional Encoder Representation from Transformers (BERT) (BIBREF12)']",qasper,c9d48df129798d2aed0161fa805a289e5f75306af3e22336,2215,
qasper,148,Answer:,0.75,," English, Spanish, Finnish, and 11 other languages.",en,"['English\nFrench\nSpanish\nGerman\nGreek\nBulgarian\nRussian\nTurkish\nArabic\nVietnamese\nThai\nChinese\nHindi\nSwahili\nUrdu\nFinnish'
 'English, Spanish, Finnish']",qasper,443d051a54d96c296d9135dad3794d09f89ff91d6433d092,4086,
qasper,148,Answer:,0.75,," Named Entity Recognition, POS tagging, text classification, and language modeling.",en,['None'],qasper,c2df5ec4b6b7dd1c56e05d6b3c0e244d0c44d68f117caf0e,2473,
qasper,148,Answer:,0.75,, Yes.,en,['Yes' 'Yes'],qasper,e0a92574e7c31adb9146851dcc95729b585305d15cf491d4,4457,
qasper,148,Answer:,0.75,, yes.,en,['No' 'No'],qasper,f545e80cf01375e891406755e35019032cb4b7621338b707,2738,
qasper,148,Answer:,0.75,, They measure psycholinguistic and semantic properties through word categories and usage.,en,['using the Meaning Extraction Method' 'Unanswerable'],qasper,43ffd7775c3b4a541e227c120bffcc7c7b31fb184ba94d69,1440,
qasper,148,Answer:,0.75,," claim, premise, backing, rebuttal, and refutation.",en,"['claim, premise, backing, rebuttal, and refutation'
 'claim, premise, backing, rebuttal, refutation']",qasper,90b2dc5aba0e95b2f541da4efa36c414b93bb33d56f2c31e,14472,
qasper,148,Answer:,0.75,, n-grams of order INLINEFORM7 (which is not specified in the article),en,"['Unanswerable'
 'Answer with content missing: (Parent subsections) combine precisions for n-gram orders 1-4']",qasper,7e339da53449dbd58a1e815d55e440e712af6a1950f342b7,3827,
qasper,148,Answer:,0.75,," 1,873 conversation threads, roughly 14k tweets.",en,"['1,873 Twitter conversation threads, roughly 14k tweets'
 '1,873 Twitter conversation threads, roughly 14k tweets']",qasper,a3aadf47eb153a70559416ba375c57883aec1538a2b17fb5,3721,
qasper,148,Answer:,0.75,," English, Mandarin Chinese, Russian, French, Spanish, Welsh, Kiswahili, Estonian, Finnish, Hebrew, Hungarian, and Yue Chinese.",en,"['Chinese Mandarin, Welsh, English, Estonian, Finnish, French, Hebrew, Polish, Russian, Spanish, Kiswahili, Yue Chinese'
 'Chinese Mandarin, Welsh, English, Estonian, Finnish, French, Hebrew, Polish, Russian, Spanish, Kiswahili, Yue Chinese']",qasper,388c857ed1b4175e114a0ce9f3489766797a32cd183f10ff,14660,
qasper,148,Answer:,0.75,, The Wikipedia data and the Reddit CMV data.,en,"["" `Conversations Gone Awry' dataset, subreddit ChangeMyView""
 ""An expanded version of the existing 'Conversations Gone Awry' dataset and the ChangeMyView dataset, a subreddit whose only annotation is whether the conversation required action by the Reddit moderators. ""]",qasper,2589b46ee58a7600e17fa89a0d4fffd9a0faf1df49b3c035,4718,
qasper,148,Answer:,0.75,, No.,en,['No' 'No'],qasper,4c9552eec5c238657f8ed5237bf66067d3fdda2409a903b6,2276,
qasper,148,Answer:,0.75,," The quality of the data is empirically evaluated through various sanity checks, including BLEU scores, perplexity, and manual inspection.",en,"['Validated transcripts were sent to professional translators., various sanity checks to the translations,  sanity check the overlaps of train, development and test sets'
 'computed sentence-level BLEU, We manually inspected examples where the source transcript was identical to the translation, measured the perplexity of the translations, computed the ratio of English characters in the translations, calculate similarity scores between transcripts and translations']",qasper,bee3efb92996570d990ab04bfdf054835ef720b9dd1c6f5a,2435,
qasper,148,Answer:,0.75,, They combine audio and text sequences using dual RNNs and then combine the information from these sources using a feed-forward neural model.,en,"['combines the information from these sources using a feed-forward neural model'
 'encodes the information from audio and text sequences using dual RNNs and then combines the information from these sources using a feed-forward neural model']",qasper,7e2663bb13493e18205f6aab469fee8b2a9df281a0ba0e2a,3201,
qasper,148,Answer:,0.75,," Our method yields an improvement over our baseline NMF by 2.11 BLEU, 1.7 FKGL and 1.07 SARI.",en,"['For the WikiLarge dataset, the improvement over baseline NMT is 2.11 BLEU, 1.7 FKGL and 1.07 SARI.\nFor the WikiSmall dataset, the improvement over baseline NMT is  8.37 BLEU.'
 '6.37 BLEU']",qasper,6b9d0c1e63714067fc0b54c024dc065e63f64cbaf44ab4d0,2271,
qasper,148,Answer:,0.75,, unanswerable,en,['Unanswerable' 'Unanswerable'],qasper,ea58638e132307bb3f2c24abeb0e2d07eaf162e3e1d12b57,3711,
qasper,148,Answer:,0.75,, A tweet is considered to have gone viral if it was retweeted more than 1000 times.,en,"['Viral tweets are the ones that are retweeted more than 1000 times'
 'those that contain a high number of retweets']",qasper,51cd01004f7bc29798a9671b991c5223ada1d40ccb8141e0,3144,
qasper,148,Answer:,0.75,, BERT.,en,['BERT'],qasper,3dd2d62c046f3b559c34003f570ed35211000500b8f0145f,1507,
qasper,148,Answer:,0.75,, crowdsourcing using an Android application.,en,['Android application'],qasper,d230ce079b2e4ecf5d9a987fb750dcbc319a537bdcfcc3d4,3795,
qasper,148,Answer:,0.75,," Logistic Regression, Recurrent Neural Networks (RNNs), Long Short-Term Memory (LSTM) networks, and Convolutional Neural Networks (CNNs) are used for RQE.",en,"['Logistic Regression, neural networks']",qasper,89a4fd3fce6114c3401790c6f9b5243fda094597657f348a,7257,
qasper,148,Answer:,0.75,," The benchmark dataset is the social honeypot dataset created by Lee et al., which has been extensively explored in the paper.",en,"['Social Honeypot dataset (public) and Weibo dataset (self-collected); yes'
 'Social Honeypot, which is not of high quality']",qasper,9c46084d667b60a92a3cebfb8fa56436fa1497668ce2af56,2242,
qasper,148,Answer:,0.75,, LSTM.,en,['LSTM' 'LSTM'],qasper,f755dcbd288905ec07a63f18ddee7ed22103c45e887a091e,2289,
qasper,148,Answer:,0.75,, No.,en,['Unanswerable' 'Unanswerable'],qasper,db4afd55783aaf6d069c5228152492cf0804e9cf310cb238,3838,
qasper,148,Answer:,0.75,," The best performing model among author's submissions is the ensemble of Logistic Regression, CNN, and BERT (ensemble+) with a F1 score of 0.673 on the SLC task, and the best performing model for FLC task is the ensemble of LSTM and CNN with a F1 score of 0.732.",en,"['For SLC task, the ""ltuorp"" team  has the best performing  model (0.6323/0.6028/0.6649 for F1/P/R  respectively) and for FLC task the ""newspeak"" team  has the best performing  model (0.2488/0.2863/0.2201 for F1/P/R respectively).']",qasper,d25cf05e9fda9bdadb01c26a57122079766a565269fac749,1541,
qasper,148,Answer:,0.75,," a weak baseline without using any monolingual data, and a strong baseline established with monolingual data.",en,"['pivot-based translation relying on a helping language BIBREF10, nduction of phrase tables from monolingual data BIBREF14 , attentional RNN-based model (RNMT) BIBREF2, Transformer model BIBREF18, bi-directional model BIBREF11, multi-to-multi (M2M) model BIBREF8, back-translation BIBREF17'
 'M2M Transformer']",qasper,f55efaaee938369fc4be8a430e531c164168be643b3cfe57,4542,
qasper,148,Answer:,0.75,, 0.7033.,en,['0.7033' '0.7033'],qasper,6ceab4edd1d0e37d217958e7e962697124ccb6a4f449f4af,6810,
qasper,148,Answer:,0.75,, Word embedding techniques such as word2vec are explored in the paper.,en,"['Skip–gram, CBOW' 'integrated vector-res, vector-faith, Skip–gram, CBOW']",qasper,710f7452388fe5d22e2329697dbc4fa17d2c9a53daedafa6,4259,
qasper,148,Answer:,0.75,, They use a bilingual dictionary and word-by-word translation.,en,['Unanswerable' 'CFILT-preorder system'],qasper,d7fcca67f5487a55282f8217e4f05bc54ee67e2ddb578e73,2231,
qasper,148,Answer:,0.75,, No.,en,['Yes'],qasper,901f735b1582acacb606002ab77c6c7a3fe6017d38349aa2,3035,
qasper,148,Answer:,0.75,, Seven experts with legal training were recruited to construct answers to Turker questions.,en,['Individuals with legal training' 'Yes'],qasper,17a2b96e126ab914e1179b4794d18513627ade82d5c35554,3846,
qasper,148,Answer:,0.75,," The CNN-RNN model is used for painting embedding, and the sequence-to-sequence model with global attention is used for language style transfer.",en,"['generating a poem from images we use an existing actor-critic architecture, various types of sequence to sequence models']",qasper,6eec5b0ef38f64f6a545677f730b4ea1c980db6d380de966,1653,
qasper,148,Answer:,0.75,, The transformer layer works better.,en,['Transformer over BERT (ToBERT)' 'The transformer layer'],qasper,d696cd0b146419d53d72071d8b8949fc562ea4addb87eb96,2655,
qasper,148,Answer:,0.75,, Yes.,en,['Yes' 'Yes'],qasper,04174ea6c9849bfa946452cdbc20fc0c4ff9d27596099dcc,4127,
qasper,148,Answer:,0.75,," Personal attack, racism, and sexism.",en,"['personal attack, racism, and sexism'
 'racism, sexism, personal attack, not specifically about any single topic']",qasper,b805e336d2e8cce895100cfde3a536e632ddd5296ddece21,3244,
qasper,148,Answer:,0.75,," They split the context into three regions: left, middle, and right, and use two contexts: one with the left, middle, and right regions, and another with the left and right regions and the middle region repeated.",en,"['They use two independent convolutional and max-pooling layers on (1) a combination of the left context, the left entity and the middle context; and (2) a combination of the middle context, the right entity and the right context. They concatenated the two results after pooling to get the new context representation.']",qasper,06baf6c4ae0f97a3131aa06bfa2b4878bd99ef96659cbf9c,2435,
qasper,148,Answer:,0.75,," Four types: PER (Person), LOC (Location), ORG (Organization), and MISC (Miscellaneous).",en,"['OurNepali contains 3 different types of entities, ILPRL contains 4 different types of entities'
 'three']",qasper,ac6538e9c173ba7b453d6bf62480d56eb3761b5f6f73c328,2851,
qasper,148,Answer:,0.75,, Expert annotations are higher quality than crowd annotations.,en,"['improvement when the difficult subset with expert annotations is mixed with the remaining crowd annotation is 3.5 F1 score, much larger than when a random set of expert annotations are added']",qasper,8f650cd8021e553a4106d292af9908f29595f88fc39385b2,4399,
qasper,148,Answer:,0.75,," 65% of speakers are men, speaking 75% of the time.",en,['Women represent 33.16% of the speakers'],qasper,07484380079dcec47eb573ab62eaff39a1a44b32006ec74e,4055,
qasper,148,Answer:,0.75,, The English-German dataset.,en,['the English-German dataset'],qasper,65e11f98300887fc3b0d3912db406f8d8825d3f61c7a12a2,1833,
qasper,148,Answer:,0.75,, Recent neural models.,en,"['Baseline models are:\n- Chen et al., 2015a\n- Chen et al., 2015b\n- Liu et al., 2016\n- Cai and Zhao, 2016\n- Cai et al., 2017\n- Zhou et al., 2017\n- Ma et al., 2018\n- Wang et al., 2019']",qasper,4f6f6dfa672ed697a94d1d1ee528e50645f01f568707b0b5,3629,
qasper,148,Answer:,0.75,, Logistic Regression (LR) and Multilayer Perceptron (MLP).,en,"['probabilistic model' 'Logistic Regression, Multilayer Perceptron']",qasper,4a244628cbffa02d2240d412aeeed45c53fec95e66595a00,4475,
qasper,148,Answer:,0.75,," NLTK, TwitterNLP, and commercial toolkits BIBREF17 and BIBREF18.",en,"['BIBREF17, BIBREF18, TensiStrength BIBREF13, TwitterNLP BIBREF6, BIBREF19, CogComp-NLP BIBREF20, Stanford NLP NER BIBREF21'
 'BIBREF23, BIBREF17, BIBREF18, BIBREF19, BIBREF24, BIBREF25, BIBREF26']",qasper,4f1d5a7b6c42269c845959f8a8d7ef95cb7e0c122c9a721c,1452,
qasper,148,Answer:,0.75,, The SQuAD dataset.,en,['SQuAD' 'SQuAD'],qasper,5f7af98db66df4388108e26cde4781423ca2580bb48de4fa,3757,
qasper,148,Answer:,0.75,," Various approaches have been proposed for modelling urban regions, identifying points-of-interest, and itineraries.",en,"['BOW-Tags, BOW-KL(Tags), BOW-All, GloVe']",qasper,a80067307d72e349f14a1f6765d914acf0b43764afe77ab7,4658,
qasper,148,Answer:,0.75,, yes.,en,['Yes' 'Yes'],qasper,f3aba3579b9e3373ce708f10b33510d6a198c3bae58c5ad7,1687,
qasper,148,Answer:,0.75,," CSAT dataset, 20 newsgroups, and Fisher dataset.",en,"['CSAT dataset, 20 newsgroups, Fisher Phase 1 corpus'
 'CSAT dataset , 20 newsgroups, Fisher Phase 1 corpus']",qasper,466bd29bcab1cdfdef327777808236bd2677e2a54414a32a,2652,
qasper,148,Answer:,0.75,, The IMDb movie review dataset.,en,['the IMDb movie review dataset BIBREF17' 'IMDb movie review'],qasper,e7efd3969adf95459805233e580d6e0c7539a4de09b4441e,3432,
qasper,148,Answer:,0.75,, Yes.,en,['Yes' 'Yes'],qasper,6a78dbe4f8e30d35c13ea1f80e52df286f9e1f664f9c3d98,1464,
qasper,148,Answer:,0.75,, unanswerable,en,['No'],qasper,188fe9331293312465b4564e11ab36dfbcb37191e62a969c,1441,
qasper,148,Answer:,0.75,, The invertibility condition is that the neural projector's Jacobian determinant is equal to 1 and its inverse exists.,en,"['The neural projector must be invertible.'
 'we constrain our neural projector with two requirements: (1) INLINEFORM0 and (2) INLINEFORM1 exists']",qasper,0e83a6f7ee840931e1851402cc87bd34f52fe8bfa4dc1cab,4323,
qasper,148,Answer:,0.75,," The proposed qualitative annotation schema is a multi-label task that categorises gold standards according to linguistic complexity, required reasoning, and factual correctness.",en,"['The resulting taxonomy of the framework is shown in Figure FIGREF10'
 'FIGREF10']",qasper,894a0e08b526f2093c854d91c680190c898ae6acbc1ba131,4958,
qasper,148,Answer:,0.75,," WikiSmall has 89,042 sentence pairs in the training set and 100 pairs in the test set, while WikiLarge has 296,042 sentence pairs in the training set and 359 pairs in the test set.",en,"['training set has 89,042 sentence pairs, and the test set has 100 pairs, training set contains 296,402, 2,000 for development and 359 for testing'
 'WikiSmall  89 142 sentence pair and  WikiLarge 298 761 sentence pairs. ']",qasper,0ce1ee7ab0f1557704a9d7f937e6f5182c665687a3e2b0d9,2266,
qasper,148,Answer:,0.75,," Vanilla ST baseline, pre-training baselines, multi-task baselines, and several other baselines including many-to-many+pretrain and triangle+pretrain.",en,"['Vanilla ST baseline, encoder pre-training, in which the ST encoder is initialized from an ASR model, decoder pre-training, in which the ST decoder is initialized from an MT model, encoder-decoder pre-training, where both the encoder and decoder are pre-trained, many-to-many multi-task model where the encoders and decoders are derived from pre-trained ASR and MT models, Triangle+pre-train: BIBREF18 DBLP:conf/naacl/AnastasopoulosC18 proposed a triangle multi-task strategy for speech translation'
 'Vanilla ST baseline, Pre-training baselines, Multi-task baselines, Many-to-many+pre-training, Triangle+pre-train'
 'Vanilla ST baseline: The vanilla ST BIBREF9 has only a speech encoder and a decoder. It is trained from scratch on the ST-TED corpus.\n\nPre-training baselines: We conduct three pre-training baseline experiments: 1) encoder pre-training, in which the ST encoder is initialized from an ASR model; 2) decoder pre-training, in which the ST decoder is initialized from an MT model; and 3) encoder-decoder pre-training, where both the encoder and decoder are pre-trained. The ASR model has the same architecture with vanilla ST model, trained on the mixture of ST-TED and TED-LIUM2 corpus. The MT model has a text encoder and decoder with the same architecture of which in TCEN. It is first trained on WMT data (out-of-domain) and then fine-tuned on in-domain data.\n\nMulti-task baselines: We also conduct three multi-task baseline experiments including one-to-many setting, many-to-one setting, and many-to-many setting. In the first two settings, we train the model with $\\alpha _{st}=0.75$ while $\\alpha _{asr}=0.25$ or $\\alpha _{mt}=0.25$. For many-to-many setting, we use $\\alpha _{st}=0.6, \\alpha _{asr}=0.2$ and $\\alpha _{mt}=0.2$.. For MT task, we use only in-domain data.\n\nMany-to-many+pre-training: We train a many-to-many multi-task model where the encoders and decoders are derived from pre-trained ASR and MT models. ']",qasper,ecb62b0ffa918a2faef02edcbcab0090da78c2c6e92612d1,4704,
qasper,148,Answer:,0.75,, unanswerable,en,['Unanswerable' 'English'],qasper,03ac54754b9162f6632212ca481920db17fc953e73af3a1f,4513,
qasper,148,Answer:,0.75,," Linear SVM, BiLSTM, and CNN models are used in the experiment.",en,"['linear SVM, bidirectional Long Short-Term-Memory (BiLSTM), Convolutional Neural Network (CNN)'
 'linear SVM, bidirectional Long Short-Term-Memory (BiLSTM), Convolutional Neural Network (CNN)'
 'linear SVM trained on word unigrams,  bidirectional Long Short-Term-Memory (BiLSTM),  Convolutional Neural Network (CNN) ']",qasper,32e71ab83380bf828bc42ff6e76f4e8ae42d356a6988a79c,2250,
qasper,148,Answer:,0.75,, unanswerable,en,['No'],qasper,37f06d3a413beef1661730ae1049e7adccd6308032ae1fc5,1561,
qasper,148,Answer:,0.75,, GloVe and Edinburgh embeddings.,en,"['Pretrained word embeddings  were not used'
 'GloVe, Edinburgh embeddings BIBREF14, Emoji embeddings BIBREF16']",qasper,d17f6335089f3dd922f3d5400e3fc2ad1ca15202f4ac6467,1771,
qasper,148,Answer:,0.75,," All personalized models outperformed the baseline in BPE perplexity, and the Prior Name model achieved the best results.",en,"['average recipe-level coherence scores of 1.78-1.82, human evaluators preferred personalized model outputs to baseline 63% of the time']",qasper,d3dac3676da5685f20bae39814f760368752f5bd8db93500,2666,
qasper,148,Answer:,0.75,, The harmonic mean of the irony reward and the sentiment reward.,en,"['irony accuracy, sentiment preservation'
 ' irony accuracy and sentiment preservation']",qasper,4eb3ad14a5fbb16b03f54ef42febd2f167f8b2a9f5a26343,4592,
qasper,148,Answer:,0.75,, The generated English poem may not work well with Shakespeare style transfer when the style transfer dataset does not have similar sentences.,en,"['Since we do not have an end-to-end dataset, the generated English poem may not work well with Shakespeare style transfer'
 'we do not have an end-to-end dataset, the generated English poem may not work well with Shakespeare style transfer as shown in Figure FIGREF12 for ""Starry Night"" with a low average content score']",qasper,3b83a9c5c4dc7fa170724ce8378a276b8cbef90a62b13603,1651,
qasper,148,Answer:,0.75,," The Affective Text dataset, Fairy Tales dataset, and ISEAR dataset.",en,"['Affective Text, Fairy Tales, ISEAR'
 ' Affective Text dataset, Fairy Tales dataset, ISEAR dataset']",qasper,88d89e5b02c860bd1fdac17796e2b6048a6d2b86950c4c12,3390,
qasper,148,Answer:,0.75,, The article provides graphical and statistical results for the distribution of various attributes of tweets containing fake news compared to those not containing fake news.,en,"['Distributions of Followers, Friends and URLs are significantly different between the set of tweets containing fake news and those non containing them, but for Favourites, Mentions, Media, Retweets and Hashtags they are not significantly different']",qasper,5663b4bd81cbb6b052e49e8df64f91f4fa3146f4067b2f94,3164,
qasper,148,Answer:,0.75,, The dataset of hashtags is sourced from the Stanford dataset.,en,"['1,268 randomly selected tweets in the Stanford Sentiment Analysis Dataset BIBREF36, all 12,594 unique English hashtags and their associated tweets from the same Stanford dataset'
 'Stanford Sentiment Analysis Dataset BIBREF36']",qasper,3278efeb1fb7f569dfd6ef8627cdefb5955b93b612fe2902,3756,
qasper,148,Answer:,0.75,, unanswerable,en,['Unanswerable' 'Unanswerable'],qasper,06feabc1e5ca23dbfd79cbb2ea42b436c85bf6ac6a8d4b14,3794,
qasper,148,Answer:,0.75,," A compact, scalable, and meaningful representation of a set of word vectors.",en,"['Word vectors, usually in the context of others within the same class']",qasper,26eccf323630722b689e91abd27fbbae0da4097e74865c33,5151,
qasper,148,Answer:,0.75,, B1 uses only the salience-based features by Dunietz and Gillick.,en,"['For Article-Entity placement, they consider two baselines: the first one using only salience-based features, and the second baseline checks if the entity appears in the title of the article. \n\nFor Article-Section Placement, they consider two baselines: the first picks the section with the highest lexical similarity to the article, and the second one picks the most frequent section.'
 'B1. The first baseline uses only the salience-based features by Dunietz and Gillick BIBREF11 ., B2. The second baseline assigns the value relevant to a pair INLINEFORM0 , if and only if INLINEFORM1 appears in the title of INLINEFORM2 .\n\n, S1: Pick the section from template INLINEFORM0 with the highest lexical similarity to INLINEFORM1 : S1 INLINEFORM2, S2: Place the news into the most frequent section in INLINEFORM0']",qasper,8861331a4438449d0fd62132eff72f24413fab1daf990780,7891,
qasper,148,Answer:,0.75,, unanswerable,en,['Yes' 'Unanswerable'],qasper,3bb91d7f22ae15ff9fc6475233052ad0981ad7e812f7eaa7,2000,
qasper,148,Answer:,0.75,, unanswerable,en,['Unanswerable' 'Unanswerable'],qasper,e73ea6012e4dfc66d353142915ef35e7ea2c315e1566adfe,2410,
qasper,148,Answer:,0.75,," The SemEval-2016 ""Sentiment Analysis in Twitter"" dataset.",en,"[' high-quality datasets  from SemEval-2016 “Sentiment Analysis in Twitter” task'
 ' SemEval-2016 “Sentiment Analysis in Twitter”']",qasper,981e544c9c90888f266707622e41e2c06b1b9b8ce6af525f,2738,
qasper,148,Answer:,0.75,, They use the pre-trained uncased BERT$_\mathrm {BASE}$ model.,en,['small BERT' 'small BERT'],qasper,168484fbdc83fc2e0c374e1d92ed08edca0c33669cd88a33,1999,
qasper,148,Answer:,0.75,, Yes.,en,['No' 'No'],qasper,a65a814bec0bd2085660d75fc5eeb39935a7cea44abab2b1,6391,
qasper,148,Answer:,0.75,, Yes.,en,['Yes' 'Yes'],qasper,df3b5e07ec132472a8fc5b7f30b6ce3d942c8488a3d8ff7c,3472,
qasper,148,Answer:,0.75,, Our model's performance is competitive with state-of-the-art results on standard benchmarks.,en,"[""Answer with content missing: (Table 3) Best author's model B-M average micro f-score is 0.409, 0.459, 0.411 on Affective, Fairy Tales and ISEAR datasets respectively. ""]",qasper,f4aa62dcbb2bac20bc9ef1361ad811d6822f66df83f0930d,3410,
qasper,148,Answer:,0.75,," The tagging scheme employed is a novel tagging scheme consisting of three tags: {INLINEFORM0}, {INLINEFORM1}, and {INLINEFORM2}, where {INLINEFORM0} tag means the current word is not a pun, {INLINEFORM1} tag means the current word is a pun, and {INLINEFORM2} tag indicates the position of the pun.",en,"['A new tagging scheme that tags the words before and after the pun as well as the pun words.'
 'a new tagging scheme consisting of three tags, namely { INLINEFORM0 }']",qasper,c276162e5903240b254238163922fb0ef59df8b8c706790f,2974,
qasper,148,Answer:,0.75,, unanswerable,en,['No' 'No'],qasper,b69e327bf637183397c7d975df8e1c45fa1ad9866b71e6d1,2413,
qasper,148,Answer:,0.75,, The ability of a model to be insensitive to the prior knowledge it is given.,en,"['ability to accurately classify texts even when the amount of prior knowledge for different classes is unbalanced, and when the class distribution of the dataset is unbalanced'
 'Low sensitivity to bias in prior knowledge']",qasper,6f949074854fa472b5be66cc1c3cf9d2c3dfe301bd437515,3609,
qasper,148,Answer:,0.75,," InferSent, Universal Sentence Encoder, average GloVe embeddings, and BERT.",en,"['GloVe, BERT, Universal Sentence Encoder, TF-IDF, InferSent'
 'Avg. GloVe embeddings, Avg. fast-text embeddings, Avg. BERT embeddings, BERT CLS-vector, InferSent - GloVe and Universal Sentence Encoder.']",qasper,c509e3bda123ac08967781ad78a55a157b876e9d0aa97adc,3862,
qasper,148,Answer:,0.75,," The proposed method outperforms BERT-MRC by +0.29 for CoNLL2003, +0.96 for OntoNotes5.0, +0.97 for MSRA, and +2.36 for OntoNotes4.0.",en,"['English datasets including CoNLL2003 and OntoNotes5.0, our proposed method outperforms BERT-MRCBIBREF38 by +0.29 and +0.96 respectively, Chinese datasets, achieving F1 improvements by +0.97 and +2.36 on MSRA and OntoNotes4.0, respectively'
 'For English datasets including CoNLL2003 and OntoNotes5.0, our proposed method outperforms BERT-MRCBIBREF38 by +0.29 and +0.96 respectively., huge performance boosts on Chinese datasets, achieving F1 improvements by +0.97 and +2.36 on MSRA and OntoNotes4.0, respectively']",qasper,76f663a13234c9da9f1d78c72b52d73ab37da0977e0001d8,3586,
qasper,148,Answer:,0.75,, Quora Duplicate Question Pair Detection and Ranking questions in Bing's People Also Ask.,en,"['Task 1: Quora Duplicate Question Pair Detection, Task 2: Ranking questions'
 ""Quora Duplicate Question Pair Detection, Ranking questions in Bing's People Also Ask""]",qasper,e57ea6390f796b88ab34da666c6576609db900eb9d0d9b24,2577,
qasper,148,Answer:,0.75,," They compared against previous syntactic tree-based models, latent tree models, and other neural models, including ELMo, Gumbel Tree-LSTM, and Reinforced Self-Attention Network.",en,"['Various tree structured neural networks including variants of Tree-LSTM, Tree-based CNN, RNTN, and non-tree models including variants of LSTMs, CNNs, residual, and self-attention based networks'
 'Sentence classification baselines: RNTN (Socher et al. 2013), AdaMC-RNTN (Dong et al. 2014), TE-RNTN (Qian et al. 2015), TBCNN (Mou et al. 2015), Tree-LSTM (Tai, Socher, and Manning 2015), AdaHT-LSTM-CM (Liu, Qiu, and Huang 2017), DC-TreeLSTM (Liu, Qiu, and Huang 2017), TE-LSTM (Huang, Qian, and Zhu 2017), BiConTree (Teng and Zhang 2017), Gumbel Tree-LSTM (Choi, Yoo, and Lee 2018), TreeNet (Cheng et al. 2018), CNN (Kim 2014), AdaSent (Zhao, Lu, and Poupart 2015), LSTM-CNN (Zhou et al. 2016), byte-mLSTM (Radford, Jozefowicz, and Sutskever 2017), BCN + Char + CoVe (McCann et al. 2017), BCN + Char + ELMo (Peters et al. 2018). \nStanford Natural Language Inference baselines: Latent Syntax Tree-LSTM (Yogatama et al. 2017), Tree-based CNN (Mou et al. 2016), Gumbel Tree-LSTM (Choi, Yoo, and Lee 2018), NSE (Munkhdalai and Yu 2017), Reinforced Self- Attention Network (Shen et al. 2018), Residual stacked encoders: (Nie and Bansal 2017), BiLSTM with generalized pooling (Chen, Ling, and Zhu 2018).']",qasper,debdd11c3c5802df0fbef5055ef8d57888c833e2a230e0b9,4781,
qasper,148,Answer:,0.75,, Relation detection.,en,"['answer questions by obtaining information from KB tuples '
 'hierarchical matching between questions and relations with residual learning']",qasper,f028740d1aa46f5337578cc37bb55f6c8ac0864856b26096,4527,
qasper,148,Answer:,0.75,, A name-based Nearest-Neighbor model (NN) and a simple Encoder-Decoder model with ingredient attention (Enc-Dec).,en,"['name-based Nearest-Neighbor model (NN), Encoder-Decoder baseline with ingredient attention (Enc-Dec)']",qasper,78ec3790de7582388e6f9f2e428ddd2f6cccef851a8fcd57,2655,
qasper,148,Answer:,0.75,," A browser-based annotation tool, tagging all descriptions with part-of-speech information, and leveraging the structure of the Flickr30K Entities dataset.",en,"['spot patterns by just looking at a collection of images, tag all descriptions with part-of-speech information, I applied Louvain clustering'
 'Looking for adjectives marking the noun ""baby"" and also looking for most-common adjectives related to certain nouns using POS-tagging']",qasper,c6464e3b2dbf1c8412496fdef56cafcccd0ccb9dd1937886,2204,
qasper,148,Answer:,0.75,," English, French, German, Arabic, Hebrew, and other languages.",en,"['English, French, German '
 'French, English, Spanish, Italian, Portuguese, Hebrew, Arabic']",qasper,aaaf5a6e22afc0f84ee63ab9e8dfe9484462ef105aa44ec6,2285,
qasper,148,Answer:,0.75,," They experimented with CAS-LSTMs, plain stacked LSTMs, and variants of CAS-LSTMs with different configurations.",en,"['Stacked LSTMs, Cell-aware Stacked LSTMs, Sentence Encoders, Top-layer Classifiers']",qasper,1b96562949f4722fed7766bb0be032ca10cb98c89192068f,3210,
qasper,148,Answer:,0.75,, yes.,en,['Yes' 'Unanswerable'],qasper,08034d93200eb0b2207fc07921f81e95f4a801c0961f3724,6169,
qasper,148,Answer:,0.75,, The authors experimented with ILP-based summarization and several summarization algorithms provided by the Sumy package.,en,"['LSA, TextRank, LexRank and ILP-based summary.' 'LSA, TextRank, LexRank']",qasper,36dd6c4714fb80bd70d4dc3805324eb2055fe272b85fa5c0,3045,
qasper,148,Answer:,0.75,, Proposed by BIBREF0 and later evaluated by BIBREF7.,en,['hLSTM' 'hLSTM'],qasper,37555b3a43b9c65a02a522310fe737913a5863a33bf81c32,3725,
qasper,148,Answer:,0.75,, No master node.,en,['Based on table results provided changing directed to undirected edges had least impact - max abs difference of 0.33 points on all three datasets.'],qasper,c6bf18dbbe6ad2c777f3b2db9f35a1b23c9e3ec2d138b186,4180,
qasper,148,Answer:,0.75,," The diachronic corpus pair DTA18 and DTA19, which consist of subparts DTA18 (1750-1799) and DTA19 (1800-1849) are not used, instead DTA18 is replaced with DTA18 (1750-1799) is replaced with DTA18 (1750-1799) is replaced with DTA18 (1750-1799) is replaced with DTA18 (1750-1799) is replaced with DTA18 (1750-1799) is replaced with DTA18 (1750-1799) is replaced with DTA18 (1750-1799) is replaced with DTA18 (1750",en,"['DTA18, DTA19'
 'Diachronic Usage Relatedness (DURel) gold standard data set']",qasper,d0c52dceef7d3b347e2f4543e601576d4d68324e7c543a6d,1908,
qasper,148,Answer:,0.75,," Kannada, Hindi, Telugu, Malayalam, Bengali, and English.",en,"['Hindi, English, Kannada, Telugu, Assamese, Bengali and Malayalam'
 'Kannada, Hindi, Telugu, Malayalam, Bengali,  English and Assamese (in table, missing in text)']",qasper,5acdda9ea1342cee04400bab5f4e3d23f394c14fa42f784d,2453,
qasper,148,Answer:,0.75,," The model achieves competitive performance on target language reading comprehension, especially when fine-tuned on English and tested on Chinese.",en,"['Table TABREF6, Table TABREF8'
 'when testing on English, the F1 score of the model training on Chinese (Zh) is 53.8,  F1 score is only 44.1 for the model training on Zh-En']",qasper,7fc2e4d78ed71fd9cb767560f9f8f69124754bf212e2e3dc,2492,
qasper,148,Answer:,0.75,, ALOHA achieves a significant improvement on the target character language style retrieval task compared to the baseline open-domain chatbot models.,en,['Metric difference between Aloha and best baseline score:\nHits@1/20: +0.061 (0.3642 vs 0.3032)\nMRR: +0.0572(0.5114 vs 0.4542)\nF1: -0.0484 (0.3901 vs 0.4385)\nBLEU: +0.0474 (0.2867 vs 0.2393)'],qasper,c3dc6e575eeee19145547b339ae1c7af914dfde59a652000,5151,
qasper,148,Answer:,0.75,, ARAML outperforms several state-of-the-art GAN baselines with lower training variance and better performance on three text generation tasks.,en,"['ARAM has achieved improvement over all baseline methods using reverese perplexity and  slef-BLEU metric.  The maximum reverse perplexity improvement 936,16 is gained for EMNLP2017  WMT  dataset and  48,44 for COCO dataset.'
 'Compared to the baselines, ARAML does not do better in terms of perplexity on COCO and EMNLP 2017 WMT datasets, but it does by up to 0.27 Self-BLEU points on COCO and 0.35 Self-BLEU on EMNLP 2017 WMT. In terms of Grammaticality and Relevance, it scores better than the baselines on up to 75.5% and 73% of the cases respectively.']",qasper,a8f155f6d0b86040e21fdb913b07c5fa675b82dbacc0674e,3796,
qasper,148,Answer:,0.75,," The authors present evidence through manual inspection of mislabeled items by their model, which shows that many errors are due to biases from data collection and rules of annotation, not the classifier itself.",en,['The authors showed few tweets where neither and implicit hatred content exist but the model was able to discriminate'],qasper,f7c52845824592155b90b879209bfaf82e6a8598c9cb9db0,4119,
qasper,148,Answer:,0.75,, Yes.,en,"['SVM, No-Answer Baseline (NA) , Word Count Baseline, Human Performance'
 'No-Answer Baseline (NA), Word Count Baseline, Human Performance']",qasper,e48405471fa8e3af3ddf67e7e9deb109523dfab05dc9d659,3855,
qasper,148,Answer:,0.75,," The dataset is divided into three parts with 64% for training, 16% for development, and 20% for testing.",en,"['Dataset contains 3606 total sentences and 79087 total entities.'
 'ILPRL contains 548 sentences, OurNepali contains 3606 sentences']",qasper,9c060535b14310dff1d863489d6ecd52f7ecffda0dcc9fcb,2843,
qasper,148,Answer:,0.75,, Using DSC loss improves the F1 score by +0.58 for MRPC and +0.73 for QQP.,en,"['Using DSC loss improves the F1 score by +0.58 for MRPC and +0.73 for QQP'
 '+0.58']",qasper,c624b6d8a5c2cbf6ad3c24de6e42d7b1b6504fe608ee3733,3566,
qasper,148,Answer:,0.75,," The datasets used include ERP data from BIBREF0, eye-tracking data, and behavioral data from self-paced reading experiments.",en,"['Answer with content missing: (Whole Method and Results sections) The primary dataset we use is the ERP data collected and computed by Frank et al. (2015), and we also use behavioral data (eye-tracking data and self-paced reading times) from Frank et al. (2013) which were collected on the same set of 205 sentences.\nSelect:\n- ERP data collected and computed by Frank et al. (2015)\n- behavioral data (eye-tracking data and self-paced reading times) from Frank et al. (2013)'
 'the ERP data: BIBREF0']",qasper,7fb2af0c4759875dc623bdfa5024e13f06a9288f1930470a,1971,
qasper,148,Answer:,0.75,, 7 phonemic stimuli and 4 words.,en,"['7 phonemic/syllabic ( /iy/, /piy/, /tiy/, /diy/, /uw/, /m/, /n/ ) as well as 4 words(pat, pot, knew and gnaw)'
 'KARA ONE BIBREF17 , composed of multimodal data for stimulus-based, imagined and articulated speech state corresponding to 7 phonemic/syllabic ( /iy/, /piy/, /tiy/, /diy/, /uw/, /m/, /n/ ) as well as 4 words(pat, pot, knew and gnaw)']",qasper,ec83bdfec205fe7374404faa05fe5420a2a7922e251c573d,2379,
qasper,148,Answer:,0.75,," Pointer-Gen, Pointer-Gen+Pos, Pointer-Gen+Same-FT, Pointer-Gen+Pos-FT, Pointer-Gen+RL-ROUGE, Pointer-Gen+RL-SEN, and text style transfer baseline.",en,"['Pointer-Gen, Pointer-Gen+Pos, Pointer-Gen+Same-FT, Pointer-Gen+Pos-FT, Pointer-Gen+RL-ROUGE, Pointer-Gen+RL-SEN']",qasper,57de270868df43af983000c70076588676aaf9bfb5fbfca5,4085,
qasper,148,Answer:,0.75,," Traditional machine learning classifiers (e.g. Naive Bayes, Support Vector Machine, etc.) and neural network models (e.g. Convolutional Neural Networks, Recurrent Neural Networks, etc.).",en,"['Naïve Bayes (NB), Logistic Regression (LR), Support Vector Machine (SVM), Random Forests (RF), Gradient Boosted Trees (GBT),  Convolutional Neural Networks (CNN), Recurrent Neural Networks (RNN)'
 'Naïve Bayes (NB), Logistic Regression (LR), Support Vector Machine (SVM), Random Forests (RF), Gradient Boosted Trees (GBT), CNN, RNN']",qasper,bd9de91e4f20f4d0e8cbd1d442c97022e5410cc9a814aa0e,2074,
qasper,148,Answer:,0.75,, A bi-directional language model and a uni-directional language model are used.,en,"['uni-directional model to augment the decoder'
 'bi-directional language model to augment the sequence to sequence encoder ,  uni-directional model to augment the decoder']",qasper,0d39f8e4a71796ad340444ae3e5fe23b51beb9f47247d8a1,1914,
qasper,148,Answer:,0.75,," The weights are dynamically adjusted in proportion to (1-p), where p is the probability of the example.",en,"['One can think $(1-p_{i1})$ as a weight associated with each example, which changes as training proceeds. The intuition of changing $p_{i1}$ to $(1-p_{i1}) p_{i1}$ is to push down the weight of easy examples. For easy examples whose probability are approaching 0 or 1, $(1-p_{i1}) p_{i1}$ makes the model attach significantly less focus to them. Figure FIGREF23 gives gives an explanation from the perspective in derivative: the derivative of $\\frac{(1-p)p}{1+(1-p)p}$ with respect to $p$ approaches 0 immediately after $p$ approaches 0, which means the model attends less to examples once they are correctly classified.'
 'associates each training example with a weight in proportion to $(1-p)$, and this weight dynamically changes as training proceeds']",qasper,677dad703988e8f26b322211803fad38ffe9e58d1725f51a,3640,
qasper,148,Answer:,0.75,, Both KG-A2C-chained and KG-A2C-Explore successfully pass the bottleneck of a score of 40 in the game Zork1.,en,"['Reward of 11.8 for the A2C-chained model, 41.8 for the KG-A2C-chained model, 40 for A2C-Explore and 44 for KG-A2C-Explore.'
 'KG-A2C-chained and KG-A2C-Explore both pass the bottleneck of a score of 40']",qasper,3c1ef39c9ae5336afa8c7d3501bd8d24dc655c17ebf6c75f,2443,
qasper,148,Answer:,0.75,, A Bayesian model for each language.,en,['Bayesian model of garg2012unsupervised as our base monolingual model'],qasper,aad6558e94d7056e2b8acd03fbdac6448c16b0bf28d1f033,3701,
qasper,148,Answer:,0.75,," It is identified through annotations of mispronunciations, poor intelligibility, and non-verbal articulations.",en,"['Unanswerable'
 'Original transcription was labeled with additional labels in [] brackets with nonstandard pronunciation.']",qasper,4b9e15e7e39589f3a953e9e6637e00c28269be034f93c00b,3018,
qasper,148,Answer:,0.75,," A semi-character RNN (ScRNN) that processes a sentence by treating the first and last characters of each word as individual inputs, while treating the internal characters as a bag.",en,"['A semi-character based RNN (ScRNN) treats the first and last characters individually, and is agnostic to the ordering of the internal characters'
 'processes a sentence of words with misspelled characters, predicting the correct words at each step']",qasper,715229da03cdd7077f0ea02c5b4f67489abe24d42e4ece22,4186,
qasper,148,Answer:,0.75,," Bulgarian, Croatian, Czech, Danish, English, French, German, Indonesian, Italian, Norwegian, Polish, Portuguese, Russian, Spanish, Swedish, and Turkish.",en,"['Bulgarian, Croatian, Czech, Danish, English, French, German, Indonesian, Italian, Norwegian, Persian, Polish, Portuguese, Slovenian, Spanish and Swedish'
 'Bulgarian, Croatian, Czech, Danish, English, French, German, Indonesian, Italian, Norwegian, Persian, Polish, Portuguese, Slovenian, Spanish , Swedish']",qasper,b96a5e2e8d4b32aff5401e97c66942bf33f6c3c62a43609d,2697,
qasper,148,Answer:,0.75,, NCEL consistently outperforms various baselines with a favorable generalization ability.,en,['NCEL consistently outperforms various baselines with a favorable generalization ability'],qasper,914ecea04fa73d3a61afe04a4dabd1dc5b80a0aa66784a9b,4113,
qasper,148,Answer:,0.75,, yes.,en,['Yes' 'Yes'],qasper,757c3e92861be1ad45a06d157bb10fe162bd2163bc3baa6c,4592,
qasper,148,Answer:,0.75,," The baseline used was the performance of the error detection system by Rei2016, trained on the FCE dataset.",en,['error detection system by Rei2016' 'error detection system by Rei2016'],qasper,1fc62062641bf85a160d7465aefb91870235e6c815b392cf,2132,
qasper,148,Answer:,0.75,, the 2010 i2b2/VA challenge dataset.,en,"['clinical notes from the CE task in 2010 i2b2/VA'
 'clinical notes from the CE task in 2010 i2b2/VA ']",qasper,e7860b94e9aedb1f9b1e5a8839cb1424486c3f2dd69ee124,3432,
qasper,148,Answer:,0.75,, It provides a more complete input sequence for BERT during the inference process.,en,"[""ecause this process is similar to the cloze task in BERT's pre-train process, therefore by using the ability of the contextual language model the decoder can generate more fluent and natural sequences.""]",qasper,ea4db579b5224fe0fa413ee436a5f4f56777dfa3e25d99d7,3919,
qasper,148,Answer:,0.75,, The book corpus and the Twitter platform are used.,en,"['Unanswerable' ' Paraphrase Database (PPDB) ,  book corpus'
 'Unanswerable']",qasper,f3b5a2a6642523c5347d7612ee64a3378c6592ea58a0857e,1902,
qasper,148,Answer:,0.75,, TF-IDF features.,en,['Unanswerable'],qasper,10f50fd914b227d12f503b3ef4ac5fe772e70f44557c17b5,2108,
qasper,148,Answer:,0.75,," The dataset contains 9,473 annotations for 9,300 tweets, with each tweet annotated as no evidence of depression or evidence of depression, and further annotated with one or more symptoms of depression if present.",en,"['no evidence of depression, depressed mood, disturbed sleep, fatigue or loss of energy'
 'The annotations are based on evidence of depression and further annotated by the depressive symptom if there is evidence of depression']",qasper,a49d38fea6e6ffd631d227f17753ce20624d17bd8a04ee03,1947,
qasper,148,Answer:,0.75,, The eight publicly available NER tasks used in BIBREF2.,en,"['BC5CDR-disease, NCBI-disease, BC5CDR-chem, BC4CHEMD, BC2GM, JNLPBA, LINNAEUS, Species-800'
 'BC5CDR-disease, NCBI-disease, BC5CDR-chem, BC4CHEMD, BC2GM, JNLPBA, LINNAEUS, Species-800']",qasper,591249c5522d87dcf4eeb6e1fc35bbf56a2290d23c83544d,2800,
qasper,148,Answer:,0.75,," The training data was translated using the machine translation platform Apertium, also known as Apertium or ApertiumMT, which is a part of the Apertium machine translation system.",en,"['using the machine translation platform Apertium '
 'machine translation platform Apertium BIBREF5']",qasper,c09598fc924dab440fb92fcd82dff116759ed11f5947b3c0,2423,
qasper,148,Answer:,0.75,, They used a multinomial Naive Bayes classifier.,en,['AllWords model by counting the frequencies of all the remaining words and training a multinomial Naive Bayes classifier'],qasper,679cbfcf05ceb304bfbc0f4ea24597aeff90611a76a374a2,4177,
qasper,148,Answer:,0.75,," A very simple logistic regression classifier with default parameters for the SLC task, and a baseline that generates spans and selects a technique randomly for the FLC task.",en,"['The baseline system for the SLC task is a very simple logistic regression classifier with default parameters. The baseline for the FLC task generates spans and selects one of the 18 techniques randomly.'
 'SLC task is a very simple logistic regression classifier, FLC task generates spans and selects one of the 18 techniques randomly']",qasper,03e03cd498cae30eb47667209de54bfe6545647ddfe4457d,3001,
qasper,148,Answer:,0.75,, They compare with a baseline model based on conditional random fields (CRF) and a rule-based locator for heterogenous puns.,en,"['They compare with the following models: by Pedersen (2017), by Pramanick and Das (2017), by Mikhalkova and Karyakin (2017),  by Vadehra (2017), Indurthi and Oota (2017), by Vechtomova (2017), by (Cai et al., 2018), and CRF.']",qasper,2561836b391d69be52ba4d97583238407f2fa80afef9a15b,2991,
qasper,148,Answer:,0.75,," The political bias of different sources is included by assigning a political bias label to different US outlets (and therefore news articles) following the procedure described in BIBREF2, and by performing classification experiments on left-biased and right-biased networks separately.",en,"['By assigning a political bias label to each news article and training only on left-biased or right-biased outlets of both disinformation and mainstream domains'
 'we also account for political biases inherent to different news sources, referring to the procedure proposed in BIBREF2 to label different outlets. Overall we show that we are able to classify credible vs non-credible diffusion networks (and consequently news articles) with high accuracy (AUROC up to 94%), even when accounting for the political bias of sources (and training only on left-biased or right-biased articles). We observe that the layer of mentions alone conveys useful information for the classification, denoting a different usage of this functionality when sharing news belonging to the two news domains. We also show that most discriminative features, which are relative to the breadth and depth of largest cascades in different layers, are the same across the two countries.']",qasper,acb71edfecd0645219cfd258956141fe666557f8debad399,4882,
qasper,148,Answer:,0.75,, The ancient Chinese data used in the study come from ancient Chinese history records in several dynasties (about 1000BC-200BC) and articles written by celebrities of that era.,en,"['ancient Chinese history records in several dynasties (about 1000BC-200BC) and articles written by celebrities of that era'
 'Ancient Chinese history records in several dynasties and articles written by celebrities during 1000BC-200BC collected from the internet ']",qasper,72bf7a9599ea8ea1cf309f0dfe07f16f2e05d59ff82f4a37,3722,
qasper,148,Answer:,0.75,, English.,en,['English' 'English ' 'English'],qasper,85a7083bae278e83df0fea37003937a9294638f488a18a83,2240,
qasper,148,Answer:,0.75,, Chinese.,en,['Answer with content missing: (Data section) Chinese with version 5.1 of the Chinese Penn Treebank (CTB)'],qasper,6ab7a0f094ebc681c85b0bdbf251970c5fc6bc638da5e3b5,2545,
qasper,148,Answer:,0.75,, unanswerable,en,['eight layers'],qasper,c8ddf1d2e1192893ee5bf9e0ffdeb6762a7a2f719d299c28,4487,
qasper,148,Answer:,0.75,," The dataset used in this paper includes 70 million Flickr photos with coordinates in Europe, the European Natura 2000 dataset, the SoilGrids dataset, and the CORINE Land Cover dataset.",en,[' the same datasets as BIBREF7' 'same datasets as BIBREF7'],qasper,3f3d64d45cd4761fa7a9da94fbc4c41b27f3a7b856117638,4661,
qasper,148,Answer:,0.75,, NUBes-PHI and MEDDOCAN.,en,"['MEDDOCAN, NUBes-PHI' 'MEDDOCAN, NUBes ']",qasper,806667777a33e5aede1bd3a62cbb5562f99b2223f68b98fe,4528,
qasper,148,Answer:,0.75,," Unigrams and Pragmatic features, Stylistic patterns, Hastags, and Emoticons.",en,['Unanswerable'],qasper,ed98266f89745750cb92ebc16c941888f1b0291d405d14e2,3543,
qasper,148,Answer:,0.75,, Average Matthews correlation coefficient (MCC) and average positive F1 score.,en,"['Coverage, Avg. MCC and avg. +ve F1 score'
 'strategy formulation ability, we introduce a measure called Coverage( INLINEFORM0 ), To evaluate the predictive performance, we use Avg. MCC and avg. +ve F1 score']",qasper,ede810c7fa069014dc1b6fe66c54079ce1fe81903c684600,5869,
qasper,148,Answer:,0.75,, Yes.,en,['Yes' 'No'],qasper,be6e56c9310a931e883d529da75b125058563bcf4d8d16d0,1910,
qasper,148,Answer:,0.75,, Galatasaray and Fenerbahçe.,en,"['Galatasaray, Fenerbahçe' 'Galatasaray , Fenerbahçe ']",qasper,9694f6b846301d401e87c4d0456a400913361db16c05503c,2234,
qasper,148,Answer:,0.75,, The authors conduct experiments on the transformation from non-ironic to ironic sentences and from ironic to non-ironic sentences.,en,"['Irony Classifier, Sentiment Classifier for Irony, Sentiment Classifier for Non-irony, transformation from ironic sentences to non-ironic sentences']",qasper,78224546bfb859e5412a0d5ef1b030ea0b3844c9987c79ff,4600,
qasper,148,Answer:,0.75,, It pays attention to adjacent characters by casting a Gaussian weight on them.,en,"['pays attentions to adjacent characters and casts a localness relationship between the characters as a fixed Gaussian weight assuming the weight relies on the distance between characters'
 'Gaussian-masked directional attention can be described as a function to map queries and key-value pairs to the representation of input, Gaussian-masked directional attention expects to pay attention to the adjacent characters of each positions and cast the localness relationship between characters as a fix Gaussian weight for attention, Gaussian weight only relys on the distance between characters']",qasper,34e4bb298d4e2c19c2fce8670a00196cddd9f361eeb09a9a,3612,
qasper,148,Answer:,0.75,, Facebook and Twitter.,en,['Facebook status update messages' 'Facebook status update messages'],qasper,b80ef6cf65d0728f2a3a6c812d50121f97dc555c71d8871d,4005,
qasper,148,Answer:,0.75,," The baseline features are the features extracted from the baseline CNN, which directly classifies sarcastic and non-sarcastic tweets, and have 100 features.",en,[' The features extracted from CNN.'],qasper,c6aff9577f2b48117cc4b4d11e8acfc1ffb55ec48717b69b,4855,
qasper,148,Answer:,0.75,, The number of clusters (k) was varied.,en,"['number of clusters, seed value in clustering, selection of word vectors, window size and dimension of embedding'
 'different number of clusters, different embeddings']",qasper,9c415874c0c9fba5d1111bf3d9cb379fcbeff17fcccb560a,2753,
qasper,148,Answer:,0.75,," Their system ranked second (EI-Reg, EI-Oc), fourth (V-Reg), and fifth (V-Oc) on the SemEval AIT-2018 leaderboard.",en,['column Ens Test in Table TABREF19'],qasper,021d8b537118d33026257c7aa79d0405d126e2d35962d221,2424,
qasper,148,Answer:,0.75,," The corpus consists of 53 documents, with an average of 156.1 sentences per document, and a total of 8,275 sentences and 167,739 words.",en,"['8,275 sentences and 167,739 words in total'
 'The corpus comprises 8,275 sentences and 167,739 words in total.']",qasper,3b3fcd0ee773501a21c5eb6159746fa29bdc3498329525e5,2669,
qasper,148,Answer:,0.75,, Yes.,en,['Unanswerable' 'Unanswerable'],qasper,ca91b274c44baec976e7acbd926d7d823fd5a81e34dfcce1,2764,
qasper,148,Answer:,0.75,, Text categorization and sentiment classification.,en,"['text classification for themes including sentiment, web-page, science, medical and healthcare']",qasper,eb64a6b64d9837a23cd1824be1986861b0b23d98ff1c52b1,3591,
qasper,148,Answer:,0.75,," Previous methods include term frequency models, CNN, BERT, and other rule-based and learned models.",en,"['bag-of-words model, CNN']",qasper,b5481f9dfee2d9dd2154b3396a702c72f00b86508b001651,5838,
qasper,148,Answer:,0.75,, The newly trained ELMo models were trained on corpora that are 10-14 times larger than the ones used in the ELMoForManyLangs project.,en,['By 14 times.' 'up to 1.95 times larger'],qasper,0012658ce252037bf12bb47de21ea785b1ee2731e5bd809f,3294,
qasper,148,Answer:,0.75,, 6946 sentences.,en,['3606' '6946'],qasper,547c0b203cd3f5e26ebf4709ca03599db12e8d1bb08bc1ba,2835,
qasper,148,Answer:,0.75,," MLP, Eusboost, MWMOTE.",en,"['MLP' 'Eusboost, MWMOTE']",qasper,d999910bed46747299b4c315cc345dc978d979252f65d39e,2474,
qasper,148,Answer:,0.75,, Yes.,en,['Yes' 'Yes'],qasper,b3d9af44008c13b316e929ad00b8eeea477fdbf5aa50eab7,3784,
qasper,148,Answer:,0.75,, yes,en,['Yes' 'Unanswerable'],qasper,2f457d7ab54cb1afc5be7e5171425354617f49b8f75d90fa,4320,
qasper,148,Answer:,0.75,, 0.6103.,en,['0.5115' '0.6103'],qasper,160075b535e7b0c17c873ce4ffc5bfc9735ba43fcff32757,6810,
qasper,148,Answer:,0.75,, The Wall Street Journal (WSJ) portion of the Penn Treebank.,en,[' Wall Street Journal (WSJ) portion of the Penn Treebank' 'Unanswerable'],qasper,dd771b6e98a15ceb55e41e4c6e948e1ab1248d51111fb5c1,4327,
qasper,148,Answer:,0.75,," They mention that general-purpose deep learning frameworks like TensorFlow, PyTorch, and Keras offer huge flexibility in DNN model design, but require a large overhead of mastering these framework details.",en,['By conducting a survey among engineers' 'Unanswerable'],qasper,f0f715a6867aa0e4b6ef1eab6827162fba00296faa55114e,1692,
qasper,148,Answer:,0.75,, SimpleQuestions and WebQSP.,en,"['SimpleQuestions, WebQSP' 'WebQSP, SimpleQuestions']",qasper,9de7829de79f59d8deeb2d8ecc1652d081394c258cbce691,4524,
