answer_prefix,all_classes,_id,dataset,compression_ratio,answers,predicted_answer,length,question,max_new_tokens,language,task
Answer:,,3ac3eef636db11635a21a61804cb28e92c546a5686dd1e12,qasper,0.75,['Ground truth is not established in the paper'],The ground truth for fake news is established through manual annotation by an expert.,3141,,148,en,qasper
Answer:,,db6c4d611b78c840972b57ee0b245003566b982feaff1084,qasper,0.75,"['extension of the NetVLAD, adds Ghost clusters along with the NetVLAD clusters'
 'An extension of NetVLAD which replaces hard assignment-based clustering with soft assignment-based clustering with the additon o fusing Ghost clusters to deal with noisy content.']",GhostVLAD approach is an extension of NetVLAD for aggregating features in a pooling strategy.,2454,,148,en,qasper
Answer:,,e419f2bff9d2ab7c3b60b3250caccd2d9ae1285ec3e8e818,qasper,0.75,"['the attention model, MDREA, also outperforms the best existing research results (WAP 0.690 to 0.688)']",68.8% to 71.8%,3207,,148,en,qasper
Answer:,,9fb085a1f47673d1907f2378c90843b4b6e8622a14fe1fa9,qasper,0.75,"['using tweets that one has replied or quoted to as contextual information'
 'text sequences of context tweets']",Context tweets are proposed as additional features.,2060,,148,en,qasper
Answer:,,14e88916523197e066dbb743339685621db47c4beb503abb,qasper,0.75,"['FoxNews, CNN, ESPN, New York Times, Time magazine, Huffington Post Weird News, The Guardian, Cartoon Network, Cooking Light, Home Cooking Adventure, Justin Bieber, Nickelodeon, Spongebob, Disney'
 'FoxNews, CNN, ESPN, New York Times, Time magazine, Huffington Post Weird News, The Guardian, Cartoon Network, Cooking Light, Home Cooking Adventure, Justin Bieber, Nickelodeon, Spongebob, Disney.']","FoxNews, CNN, ESPN, NYTimes, Time magazine, The Guardian, BBC, BuzzFeed, Huffington Post, Mashable, Upworthy, ViralNova, Elite Daily, Bored Panda, IFLScience, The Verge, Gizmodo, Wired, TechCrunch, Mashable, Gawker, Kotaku, Lifehacker, Ars Technica, Engadget, CNET, The Next Web, TNW, VentureBeat, TechRadar, Digital Trends, Tom's Hardware, AnandTech, ExtremeTech, PCWorld, Macworld, ZDNet, TechRep",3411,,148,en,qasper
Answer:,,c109a25d23a8c5c95af8697ef1ac51cd3bee93c67521af6d,qasper,0.75,['Yes' 'Yes'],Yes,3735,,148,en,qasper
Answer:,,072d3de1a7122730a13a31db3eede4113af2d920814f0aaa,qasper,0.75,"['Answer with content missing: (Evaluation Metrics section) Precision, Recall, F1-scores, Strict match, METEOR, ROUGE-2']",Evaluation protocol and baseline are proposed.,4263,,148,en,qasper
Answer:,,8fa5af6a36dd0b6b73900b2ec6f6e43a652a3e7d2b827a58,qasper,0.75,"['CNN/DailyMail news highlights, New York Times Annotated Corpus, XSum'
 'the CNN/DailyMail news highlights dataset BIBREF24, the New York Times Annotated Corpus (NYT; BIBREF25), XSum BIBREF22']","CNN/DailyMail, NYT, XSum",4369,,148,en,qasper
Answer:,,5f00d4f6e62f4b99484eb78491f803f8143cc1b13ad33816,qasper,0.75,['GM$\\_$KL achieves better correlation than existing approaches for various metrics on SCWS dataset.'],Better correlation on benchmark datasets.,2189,,148,en,qasper
Answer:,,91dd7b7a6ead4025763812d70dc51c6674b0acf31bd5a5f0,qasper,0.75,['simply averaging the predictions from the constituent single models'],Ensemble method averages predictions from selected single models.,4212,,148,en,qasper
Answer:,,fe6e5087f91071369646d9d868d784a290d0d13013292b61,qasper,0.75,"['Friends TV sitcom, Facebook messenger chats']",Friends and EmotionPush,3185,,148,en,qasper
Answer:,,51b9066a5f2845e2fdf0d1dcde6833f70ae49ed01aa306db,qasper,0.75,['English' 'Simple English'],English,2243,,148,en,qasper
Answer:,,bae15e10e0f414a92fb0e943871ed25c3fc16183a3028012,qasper,0.75,['IMDb dataset of movie reviews' 'IMDb'],IMDb dataset,2327,,148,en,qasper
Answer:,,d022dfe02fb2a55b4baa40fe436f616aecd3f3ced1a58d7c,qasper,0.75,"['F1 scores of 85.99 on the DL-PS data,  75.15 on the EC-MT data and 71.53 on the EC-UQ data '
 'F1 of 85.99 on the DL-PS dataset (dialog domain); 75.15 on EC-MT and 71.53 on EC-UQ (e-commerce domain)']",Unanswerable (since the article does not provide specific accuracy numbers for the proposed system),5310,,148,en,qasper
Answer:,,43279ddf85ada1b163aa1b316a4df1418957058206501c26,qasper,0.75,['No'],Yes.,3445,,148,en,qasper
Answer:,,f27a64d129091a6c8973c001ff789b8f68955b8ff0ae70af,qasper,0.75,"['Custom dataset with user questions; set of documents, twitter posts and news articles, all related to finance.'
 'a self-collected financial intents dataset in Portuguese']",Datasets used are Twitter data and news articles related to finance.,13401,,148,en,qasper
Answer:,,c47ca982b6c4681c4741d4708801fa79a3e1cab17d0a2c4a,qasper,0.75,['Energy with accuracy of 0.538' 'Energy'],Unanswerable (The article does not provide specific performance for each sector.),10349,,148,en,qasper
Answer:,,1614ea21f8d039debfc655015f8133d0ef220837804ddf62,qasper,0.75,"['RNN-based NMT model, Transformer-NMT']",Transformer-NMT and RNN-based NMT models were compared.,3708,,148,en,qasper
Answer:,,159a474e0a7155a2d0b984cbb5215cdc853d721605b90154,qasper,0.75,"['a regularization term associated with neutral features, the maximum entropy of class distribution regularization term, the KL divergence between reference and predicted class distribution'
 'a regularization term associated with neutral features,  the maximum entropy of class distribution, KL divergence between reference and predicted class distribution']","Neutral features, maximum entropy regularization term, and KL divergence.",3604,,148,en,qasper
Answer:,,d426a2d42f3dffc8771498ba64ed0e383b91939398e83dce,qasper,0.75,"['SVM with unigram, bigram, and trigram features, SVM with average word embedding, SVM with average transformed word embeddings, CNN, ecurrent Convolutional Neural Networks, SVM and deep learning models with comment information'
 'SVM with unigram, bigram, trigram features, with average word embedding, with average transformed word embeddings, CNN and RCNN, SVM, CNN, RCNN with comment information']","SVM with unigram, SVM with bigram, SVM with trigram, CNN, RCNN, UTCNN without user information, UTCNN without topic information, UTCNN without comment information, UTCNN without user information and without topic information, UTCNN without user information and without comment information, UTCNN without topic information and without comment information.",4512,,148,en,qasper
Answer:,,680ef767fe2a990615d0bc1cb1bf5f7d23c8766209138826,qasper,0.75,['They decrease MAE in 0.34'],Improvement achieved is not specified.,2735,,148,en,qasper
Answer:,,8b6bf313950a892cbda035f2c7b3d8b01472ff34749f028d,qasper,0.75,"['the attention heads in the proposed adaptively sparse Transformer can specialize more and with higher confidence'
 'We introduce sparse attention into the Transformer architecture']",Adaptively learns different sparsity behaviors for attention heads.,4902,,148,en,qasper
Answer:,,04af9dc96013a1bc7faecbc589f7ea5c207e92c7d9a3495e,qasper,0.75,"[' MT system on the data released by BIBREF11'
 'Transformer base, two-pass CADec model']",Transformer base model,3716,,148,en,qasper
Answer:,,3b069a546d5417be546f57d02981cf5ac68b4d3d6c55624a,qasper,0.75,"['translation probabilities, Labeled Attachment Scores (LAS)'
 'accuracy, Labeled Attachment Scores (LAS)']",XNLI test accuracy and Labeled Attachment Scores (LAS) for dependency parsing.,3402,,148,en,qasper
Answer:,,ebd4ae480fe1596841b2132e96f40eac8437c800db8ef59e,qasper,0.75,['the model is pre-trained on CTC-based ASR task and MT task in the pre-training stage.'],MT dataset,4656,,148,en,qasper
Answer:,,036bfbdbfff8294f59afd5860663bbb4349924c9853b2151,qasper,0.75,['Unanswerable'],Unanswerable (The article does not provide specific information about the kind of stylistic features obtained.),3543,,148,en,qasper
Answer:,,8595332098adaabcfd8ae199f754a9b06cdde08cdd4cc64a,qasper,0.75,['LSTM' 'LSTM'],LSTM encoder,2289,,148,en,qasper
Answer:,,3ca65b23b3cb316653709b469b4a9b42b790e0350c76ae1a,qasper,0.75,['Unanswerable' 'Yes'],Yes,6391,,148,en,qasper
Answer:,,39352d304bd452de69fcc492ad458b72614e329b4509eb48,qasper,0.75,"['Unanswerable'
 'LF-MMI Attention\nSeq2Seq \nRNN-T \nChar E2E LF-MMI \nPhone E2E LF-MMI \nCTC + Gram-CTC']",wav2letter and wav2letter++,1856,,148,en,qasper
Answer:,,18576b9ee9994a46dc0c7d916a009ff6d0964991541010ee,qasper,0.75,"['22,880 users' '20,000']","22,880 users",4160,,148,en,qasper
Answer:,,86c75d2a9157cb601a49f8424fa1e6e90fcd724132490bbd,qasper,0.75,"['Byte-Pair Encoding perplexity  (BPE PPL),\nBLEU-1,\nBLEU-4,\nROUGE-L,\npercentage of distinct unigram (D-1),\npercentage of distinct bigrams(D-2),\nuser matching accuracy(UMA),\nMean Reciprocal Rank(MRR)\nPairwise preference over baseline(PP)'
 'BLEU-1/4 and ROUGE-L, likelihood of generated recipes using identical input specifications but conditioned on ten different user profiles, user matching accuracy (UMA), Mean Reciprocal Rank (MRR), neural scoring model from BIBREF33 to measure recipe-level coherence'
 ' Distinct-1/2, UMA = User Matching Accuracy, MRR\n= Mean Reciprocal Rank, PP = Pairwise preference over baseline (evaluated for 310 recipe pairs per model)']","Quantitative (perplexity, user-ranking) and qualitative analysis, recipe-level coherence, local entailment coherence, and human evaluation.",2673,,148,en,qasper
Answer:,,b72f9154e71c03d0403e06e50063325961ea2ad27c245763,qasper,0.75,"['(1) the time the patient has been experiencing the symptom, (2) activities that trigger the symptom (to occur or worsen), (3) the extent of seriousness, (4) the frequency occurrence of the symptom, and (5) the location of symptom, No Answer'
 'the time the patient has been experiencing the symptom, activities that trigger the symptom, the extent of seriousness, the frequency occurrence of the symptom, the location of symptom, 9 symptoms']","Symptoms, topics, and conversation types.",3424,,148,en,qasper
Answer:,,2ecd2808617740f222a4e2f3b2df546da046d876b1580952,qasper,0.75,"['57,505 sentences' '57,505 sentences']",Unanswerable (The article does not provide information on the amount of data needed to train the task-specific encoder.),4371,,148,en,qasper
Answer:,,11be2f14f540e957e9797cc962203b8186ca10561228f81f,qasper,0.75,"['four machine translation tasks: German -> English, Japanese -> English, Romanian -> English, English -> German'
 ' four machine translation tasks, IWSLT 2017 German $\\rightarrow $ English BIBREF27, KFTT Japanese $\\rightarrow $ English BIBREF28, WMT 2016 Romanian $\\rightarrow $ English BIBREF29, WMT 2014 English $\\rightarrow $ German BIBREF30']",Four machine translation tasks,4898,,148,en,qasper
Answer:,,bfc5d4d72997fdcc0107cd5cab9b9718777c43b86be45eb2,qasper,0.75,['5 percent points.' '0.05 F1'],Improvement in Estonian NER task.,3290,,148,en,qasper
Answer:,,65f7bdb541fd6f01fe866dcf694891f92533186085fcba20,qasper,0.75,['Unanswerable'],Scholars from various disciplines,8506,,148,en,qasper
Answer:,,091b4028a3b5e9d8248c58f17a62fd16c878da69693cfbfb,qasper,0.75,['No' 'No'],Yes,2239,,148,en,qasper
Answer:,,93004cdb0e6d24f5de0568ed952fd50655e42900dc9dbfdb,qasper,0.75,"['Nguni languages (zul, xho, nbl, ssw), Sotho languages (nso, sot, tsn)'
 'The Nguni languages are similar to each other, The same is true of the Sotho languages']",Nguni languages and Sotho languages are similar to each other.,1877,,148,en,qasper
Answer:,,3598040772b4950e6241b50125f7ab7038a8149060e3c381,qasper,0.75,"['Unidirectional LSTM networks with 2, 6, 7, 8, and  9 layers.']",Unspecified LSTM models,4286,,148,en,qasper
Answer:,,ecf37304ab84334d46491b0bd3d8bdc7cda33d54a15870f0,qasper,0.75,"['a sample of  29,794 wikipedia articles and 2,794 arXiv papers ']","The size of the Wikipedia dataset is not explicitly stated, but it contains around 5,000 samples from each quality class. The size of the arXiv dataset is not explicitly stated, but it contains three subsets with varying percentages of accepted papers.",4187,,148,en,qasper
Answer:,,1a1daeb5809cde7c7131d972f42ee43654a378c78d5182c8,qasper,0.75,"['50 human annotators ranked a random sample of 100 translations by Adequacy, Fluency and overall ranking on a 5-point scale.'
 'adequacy, precision and ranking values']",Not specified in the article.,5344,,148,en,qasper
Answer:,,d1d93cefe6e2c643ecf128643f9362e3fa137ff54253a3ec,qasper,0.75,['Yes' 'Yes'],Yes,4472,,148,en,qasper
Answer:,,92da01e7242f30f5266e431b4269fee1b0ca5fcc23aee095,qasper,0.75,"['by training an autocomplete system on 500K randomly sampled sentences from Yelp reviews'
 'efficiency of a communication scheme $(q_{\\alpha },p_{\\beta })$ by the retention rate of tokens, which is measured as the fraction of tokens that are kept in the keywords, accuracy of a scheme is measured as the fraction of sentences generated by greedily decoding the model that exactly matches the target sentence']",Efficiency and accuracy of communication schemes are quantified.,1873,,148,en,qasper
Answer:,,b5f62b7acf975c5454df077adf727c1bcc62985be5e5a660,qasper,0.75,"['Precision, Recall, F-measure, accuracy'
 'Precision, Recall and F-measure']",F-measure,3044,,148,en,qasper
Answer:,,c92d96ed55bc5dcd92f963d3c5d26e52661b74e71090f24a,qasper,0.75,"['Book, electronics, beauty, music, IMDB, Yelp, cell phone, baby, DVDs, kitchen'
 'we use set 1 of the source domain as the only source with sentiment label information during training, and we evaluate the trained model on set 1 of the target domain, Book (BK), Electronics (E), Beauty (BT), and Music (M)']",Source domain and target domain are not explicitly stated in the article.,5061,,148,en,qasper
Answer:,,eeab2b9167f294f68d3058752acc01e1145eb7d89437d5c4,qasper,0.75,"['Variational LSTM, CharCNN, Pointer Sentinel-LSTM, RHN, NAS Cell, SRU, QRNN, RAN, 4-layer skip-connection LSTM, AWD-LSTM, Quantized LSTM']",state-of-the-art methods,3319,,148,en,qasper
Answer:,,d5280384a4496ef3358dc45dc0199b9198bd0d927be302ef,qasper,0.75,"['Embedding Layer, Neural Network Layers, Loss Function, Metrics'
 'Embedding Layer, Neural Network Layers, Loss Function, Metrics']","Word/character embedding layers, neural network layers (RNN, CNN, QRNN, Transformer), attention mechanisms, loss functions, and metrics are included in NeuronBlocks.",1678,,148,en,qasper
Answer:,,0b90a0a4b2cdceda62a9e2b165f0cfa1a34d34d800a46086,qasper,0.75,"['the Carnegie Mellon Pronouncing Dictionary BIBREF12, the multilingual pronunciation corpus collected by deri2016grapheme , ranscriptions extracted from Wiktionary'
 'multilingual pronunciation corpus collected by deri2016grapheme']",multilingual pronunciation corpus collected by deri2016grapheme,3244,,148,en,qasper
Answer:,,c9d48df129798d2aed0161fa805a289e5f75306af3e22336,qasper,0.75,"['varied from Maximum Entropy Classifiers (BIBREF4) to Support Vector Machines (BIBREF5,BIBREF6,BIBREF7,BIBREF8), Recursive Neural Networks (BIBREF9,BIBREF10), Convolutional Neural Networks (BIBREF11) and most recently transfer learning-based architectures like Bidirectional Encoder Representation from Transformers (BERT) (BIBREF12)']",Unanswerable (The article does not provide specific information about the baselines used in the experiments.),2215,,148,en,qasper
Answer:,,443d051a54d96c296d9135dad3794d09f89ff91d6433d092,qasper,0.75,"['English\nFrench\nSpanish\nGerman\nGreek\nBulgarian\nRussian\nTurkish\nArabic\nVietnamese\nThai\nChinese\nHindi\nSwahili\nUrdu\nFinnish'
 'English, Spanish, Finnish']","Spanish, Finnish, English",4086,,148,en,qasper
Answer:,,c2df5ec4b6b7dd1c56e05d6b3c0e244d0c44d68f117caf0e,qasper,0.75,['None'],"Named Entity Recognition, Part-of-Speech Tagging, Sentiment Analysis, and Text Classification. (These tasks are mentioned in the Related Work section of the article.)",2473,,148,en,qasper
Answer:,,e0a92574e7c31adb9146851dcc95729b585305d15cf491d4,qasper,0.75,['Yes' 'Yes'],Yes,4457,,148,en,qasper
Answer:,,f545e80cf01375e891406755e35019032cb4b7621338b707,qasper,0.75,['No' 'No'],Yes,2738,,148,en,qasper
Answer:,,43ffd7775c3b4a541e227c120bffcc7c7b31fb184ba94d69,qasper,0.75,['using the Meaning Extraction Method' 'Unanswerable'],They obtain psychological dimensions of people by analyzing the usage of words related to people's core values in the blogs.,1440,,148,en,qasper
Answer:,,90b2dc5aba0e95b2f541da4efa36c414b93bb33d56f2c31e,qasper,0.75,"['claim, premise, backing, rebuttal, and refutation'
 'claim, premise, backing, rebuttal, refutation']","Argument components (claim, premise, backing, rebuttal, refutation)",14472,,148,en,qasper
Answer:,,7e339da53449dbd58a1e815d55e440e712af6a1950f342b7,qasper,0.75,"['Unanswerable'
 'Answer with content missing: (Parent subsections) combine precisions for n-gram orders 1-4']",PARENT aligns n-grams of any length.,3827,,148,en,qasper
Answer:,,a3aadf47eb153a70559416ba375c57883aec1538a2b17fb5,qasper,0.75,"['1,873 Twitter conversation threads, roughly 14k tweets'
 '1,873 Twitter conversation threads, roughly 14k tweets']","1,873",3721,,148,en,qasper
Answer:,,388c857ed1b4175e114a0ce9f3489766797a32cd183f10ff,qasper,0.75,"['Chinese Mandarin, Welsh, English, Estonian, Finnish, French, Hebrew, Polish, Russian, Spanish, Kiswahili, Yue Chinese'
 'Chinese Mandarin, Welsh, English, Estonian, Finnish, French, Hebrew, Polish, Russian, Spanish, Kiswahili, Yue Chinese']","The 12 languages covered are Mandarin, Russian, French, German, Italian, Spanish, Polish, Dutch, Finnish, Estonian, Welsh, and Kiswahili.",14660,,148,en,qasper
Answer:,,2589b46ee58a7600e17fa89a0d4fffd9a0faf1df49b3c035,qasper,0.75,"["" `Conversations Gone Awry' dataset, subreddit ChangeMyView""
 ""An expanded version of the existing 'Conversations Gone Awry' dataset and the ChangeMyView dataset, a subreddit whose only annotation is whether the conversation required action by the Reddit moderators. ""]",Wikipedia and Reddit (ChangeMyView),4718,,148,en,qasper
Answer:,,4c9552eec5c238657f8ed5237bf66067d3fdda2409a903b6,qasper,0.75,['No' 'No'],Unanswerable (The article does not specify if any of the pipeline components are based on deep learning models.),2276,,148,en,qasper
Answer:,,bee3efb92996570d990ab04bfdf054835ef720b9dd1c6f5a,qasper,0.75,"['Validated transcripts were sent to professional translators., various sanity checks to the translations,  sanity check the overlaps of train, development and test sets'
 'computed sentence-level BLEU, We manually inspected examples where the source transcript was identical to the translation, measured the perplexity of the translations, computed the ratio of English characters in the translations, calculate similarity scores between transcripts and translations']",Quality checks are applied for both CoVoST and Tatoeba evaluation sets.,2435,,148,en,qasper
Answer:,,7e2663bb13493e18205f6aab469fee8b2a9df281a0ba0e2a,qasper,0.75,"['combines the information from these sources using a feed-forward neural model'
 'encodes the information from audio and text sequences using dual RNNs and then combines the information from these sources using a feed-forward neural model']",They combine audio and text sequences in their RNN via a dual recurrent encoder.,3201,,148,en,qasper
Answer:,,6b9d0c1e63714067fc0b54c024dc065e63f64cbaf44ab4d0,qasper,0.75,"['For the WikiLarge dataset, the improvement over baseline NMT is 2.11 BLEU, 1.7 FKGL and 1.07 SARI.\nFor the WikiSmall dataset, the improvement over baseline NMT is  8.37 BLEU.'
 '6.37 BLEU']","2.11 BLEU, 1.07 SARI",2271,,148,en,qasper
Answer:,,ea58638e132307bb3f2c24abeb0e2d07eaf162e3e1d12b57,qasper,0.75,['Unanswerable' 'Unanswerable'],700,3711,,148,en,qasper
Answer:,,51cd01004f7bc29798a9671b991c5223ada1d40ccb8141e0,qasper,0.75,"['Viral tweets are the ones that are retweeted more than 1000 times'
 'those that contain a high number of retweets']",Tweets going viral have been retweeted more than 1000 times.,3144,,148,en,qasper
Answer:,,3dd2d62c046f3b559c34003f570ed35211000500b8f0145f,qasper,0.75,['BERT'],Unanswerable (The article does not provide a comparison of neural architectures performing best by themselves),1507,,148,en,qasper
Answer:,,d230ce079b2e4ecf5d9a987fb750dcbc319a537bdcfcc3d4,qasper,0.75,['Android application'],Crowdsourcing,3795,,148,en,qasper
Answer:,,89a4fd3fce6114c3401790c6f9b5243fda094597657f348a,qasper,0.75,"['Logistic Regression, neural networks']","Logistic Regression, Recurrent Neural Networks, Long Short-Term Memory networks, Convolutional Neural Networks.",7257,,148,en,qasper
Answer:,,9c46084d667b60a92a3cebfb8fa56436fa1497668ce2af56,qasper,0.75,"['Social Honeypot dataset (public) and Weibo dataset (self-collected); yes'
 'Social Honeypot, which is not of high quality']","Lee et al.'s social honeypot dataset, yes.",2242,,148,en,qasper
Answer:,,f755dcbd288905ec07a63f18ddee7ed22103c45e887a091e,qasper,0.75,['LSTM' 'LSTM'],Character sequences encoder-decoder.,2289,,148,en,qasper
Answer:,,db4afd55783aaf6d069c5228152492cf0804e9cf310cb238,qasper,0.75,['Unanswerable' 'Unanswerable'],Unanswerable (The article does not specify the language of the data used in the experiments),3838,,148,en,qasper
Answer:,,d25cf05e9fda9bdadb01c26a57122079766a565269fac749,qasper,0.75,"['For SLC task, the ""ltuorp"" team  has the best performing  model (0.6323/0.6028/0.6649 for F1/P/R  respectively) and for FLC task the ""newspeak"" team  has the best performing  model (0.2488/0.2863/0.2201 for F1/P/R respectively).']","Ensemble+ (0.67 F1 for SLC, 3rd rank for FLC)",1541,,148,en,qasper
Answer:,,f55efaaee938369fc4be8a430e531c164168be643b3cfe57,qasper,0.75,"['pivot-based translation relying on a helping language BIBREF10, nduction of phrase tables from monolingual data BIBREF14 , attentional RNN-based model (RNMT) BIBREF2, Transformer model BIBREF18, bi-directional model BIBREF11, multi-to-multi (M2M) model BIBREF8, back-translation BIBREF17'
 'M2M Transformer']",M2T model (b3),4542,,148,en,qasper
Answer:,,6ceab4edd1d0e37d217958e7e962697124ccb6a4f449f4af,qasper,0.75,['0.7033' '0.7033'],Highest recall score was 0.7033.,6810,,148,en,qasper
Answer:,,710f7452388fe5d22e2329697dbc4fa17d2c9a53daedafa6,qasper,0.75,"['Skip–gram, CBOW' 'integrated vector-res, vector-faith, Skip–gram, CBOW']",word2vec,4259,,148,en,qasper
Answer:,,d7fcca67f5487a55282f8217e4f05bc54ee67e2ddb578e73,qasper,0.75,['Unanswerable' 'CFILT-preorder system'],Unanswerable (The article does not provide information on how words are matched before reordering.),2231,,148,en,qasper
Answer:,,901f735b1582acacb606002ab77c6c7a3fe6017d38349aa2,qasper,0.75,['Yes'],"Unanswerable (The article is a primer on Biomedical Information Extraction, not a specific paper)",3035,,148,en,qasper
Answer:,,17a2b96e126ab914e1179b4794d18513627ade82d5c35554,qasper,0.75,['Individuals with legal training' 'Yes'],Experts with legal training,3846,,148,en,qasper
Answer:,,6eec5b0ef38f64f6a545677f730b4ea1c980db6d380de966,qasper,0.75,"['generating a poem from images we use an existing actor-critic architecture, various types of sequence to sequence models']","CNN for painting embedding, Seq2Seq for language style transfer.",1653,,148,en,qasper
Answer:,,d696cd0b146419d53d72071d8b8949fc562ea4addb87eb96,qasper,0.75,['Transformer over BERT (ToBERT)' 'The transformer layer'],Transformer layer,2655,,148,en,qasper
Answer:,,04174ea6c9849bfa946452cdbc20fc0c4ff9d27596099dcc,qasper,0.75,['Yes' 'Yes'],Yes.,4127,,148,en,qasper
Answer:,,b805e336d2e8cce895100cfde3a536e632ddd5296ddece21,qasper,0.75,"['personal attack, racism, and sexism'
 'racism, sexism, personal attack, not specifically about any single topic']","racism, sexism, personal attack",3244,,148,en,qasper
Answer:,,06baf6c4ae0f97a3131aa06bfa2b4878bd99ef96659cbf9c,qasper,0.75,"['They use two independent convolutional and max-pooling layers on (1) a combination of the left context, the left entity and the middle context; and (2) a combination of the middle context, the right entity and the right context. They concatenated the two results after pooling to get the new context representation.']",They propose extended middle context.,2435,,148,en,qasper
Answer:,,ac6538e9c173ba7b453d6bf62480d56eb3761b5f6f73c328,qasper,0.75,"['OurNepali contains 3 different types of entities, ILPRL contains 4 different types of entities'
 'three']","Three (PER, LOC, ORG)",2851,,148,en,qasper
Answer:,,8f650cd8021e553a4106d292af9908f29595f88fc39385b2,qasper,0.75,"['improvement when the difficult subset with expert annotations is mixed with the remaining crowd annotation is 3.5 F1 score, much larger than when a random set of expert annotations are added']",Higher quality for expert annotated data.,4399,,148,en,qasper
Answer:,,07484380079dcec47eb573ab62eaff39a1a44b32006ec74e,qasper,0.75,['Women represent 33.16% of the speakers'],Women represent 33.16% of the speakers in the analyzed corpora.,4055,,148,en,qasper
Answer:,,65e11f98300887fc3b0d3912db406f8d8825d3f61c7a12a2,qasper,0.75,['the English-German dataset'],English-German dataset,1833,,148,en,qasper
Answer:,,4f6f6dfa672ed697a94d1d1ee528e50645f01f568707b0b5,qasper,0.75,"['Baseline models are:\n- Chen et al., 2015a\n- Chen et al., 2015b\n- Liu et al., 2016\n- Cai and Zhao, 2016\n- Cai et al., 2017\n- Zhou et al., 2017\n- Ma et al., 2018\n- Wang et al., 2019']",Recent works,3629,,148,en,qasper
Answer:,,4a244628cbffa02d2240d412aeeed45c53fec95e66595a00,qasper,0.75,"['probabilistic model' 'Logistic Regression, Multilayer Perceptron']",Logistic Regression and Multilayer Perceptron (MLP),4475,,148,en,qasper
Answer:,,4f1d5a7b6c42269c845959f8a8d7ef95cb7e0c122c9a721c,qasper,0.75,"['BIBREF17, BIBREF18, TensiStrength BIBREF13, TwitterNLP BIBREF6, BIBREF19, CogComp-NLP BIBREF20, Stanford NLP NER BIBREF21'
 'BIBREF23, BIBREF17, BIBREF18, BIBREF19, BIBREF24, BIBREF25, BIBREF26']","BIBREF2, BIBREF3, BIBREF17, TwitterNLP, Google Cloud Natural Language API, Rosetta, TextBlob, VADER, SentiStrength, SentiWordNet, Linguistic Inquiry and Word Count (LIWC), and AFINN.",1452,,148,en,qasper
Answer:,,5f7af98db66df4388108e26cde4781423ca2580bb48de4fa,qasper,0.75,['SQuAD' 'SQuAD'],SQuAD dataset,3757,,148,en,qasper
Answer:,,a80067307d72e349f14a1f6765d914acf0b43764afe77ab7,qasper,0.75,"['BOW-Tags, BOW-KL(Tags), BOW-All, GloVe']",Existing approaches for modeling urban regions and identifying points-of-interest and itineraries have been proposed.,4658,,148,en,qasper
Answer:,,f3aba3579b9e3373ce708f10b33510d6a198c3bae58c5ad7,qasper,0.75,['Yes' 'Yes'],Yes,1687,,148,en,qasper
Answer:,,466bd29bcab1cdfdef327777808236bd2677e2a54414a32a,qasper,0.75,"['CSAT dataset, 20 newsgroups, Fisher Phase 1 corpus'
 'CSAT dataset , 20 newsgroups, Fisher Phase 1 corpus']","CSAT, 20 newsgroups, Fisher",2652,,148,en,qasper
Answer:,,e7efd3969adf95459805233e580d6e0c7539a4de09b4441e,qasper,0.75,['the IMDb movie review dataset BIBREF17' 'IMDb movie review'],IMDb movie review dataset,3432,,148,en,qasper
Answer:,,6a78dbe4f8e30d35c13ea1f80e52df286f9e1f664f9c3d98,qasper,0.75,['Yes' 'Yes'],Yes,1464,,148,en,qasper
Answer:,,188fe9331293312465b4564e11ab36dfbcb37191e62a969c,qasper,0.75,['No'],Unanswerable,1441,,148,en,qasper
Answer:,,0e83a6f7ee840931e1851402cc87bd34f52fe8bfa4dc1cab,qasper,0.75,"['The neural projector must be invertible.'
 'we constrain our neural projector with two requirements: (1) INLINEFORM0 and (2) INLINEFORM1 exists']",Invertibility condition: INLINEFORM0 and INLINEFORM1 exists.,4323,,148,en,qasper
Answer:,,894a0e08b526f2093c854d91c680190c898ae6acbc1ba131,qasper,0.75,"['The resulting taxonomy of the framework is shown in Figure FIGREF10'
 'FIGREF10']","Proposed qualitative annotation schema includes Linguistic Features, Factual Correctness, Reasoning, Knowledge, Complexity, and Lexical Overlap.",4958,,148,en,qasper
Answer:,,0ce1ee7ab0f1557704a9d7f937e6f5182c665687a3e2b0d9,qasper,0.75,"['training set has 89,042 sentence pairs, and the test set has 100 pairs, training set contains 296,402, 2,000 for development and 359 for testing'
 'WikiSmall  89 142 sentence pair and  WikiLarge 298 761 sentence pairs. ']","WikiSmall has 8 training data and 10 test data, WikiLarge has 600K training data and 8 test data.",2266,,148,en,qasper
Answer:,,ecb62b0ffa918a2faef02edcbcab0090da78c2c6e92612d1,qasper,0.75,"['Vanilla ST baseline, encoder pre-training, in which the ST encoder is initialized from an ASR model, decoder pre-training, in which the ST decoder is initialized from an MT model, encoder-decoder pre-training, where both the encoder and decoder are pre-trained, many-to-many multi-task model where the encoders and decoders are derived from pre-trained ASR and MT models, Triangle+pre-train: BIBREF18 DBLP:conf/naacl/AnastasopoulosC18 proposed a triangle multi-task strategy for speech translation'
 'Vanilla ST baseline, Pre-training baselines, Multi-task baselines, Many-to-many+pre-training, Triangle+pre-train'
 'Vanilla ST baseline: The vanilla ST BIBREF9 has only a speech encoder and a decoder. It is trained from scratch on the ST-TED corpus.\n\nPre-training baselines: We conduct three pre-training baseline experiments: 1) encoder pre-training, in which the ST encoder is initialized from an ASR model; 2) decoder pre-training, in which the ST decoder is initialized from an MT model; and 3) encoder-decoder pre-training, where both the encoder and decoder are pre-trained. The ASR model has the same architecture with vanilla ST model, trained on the mixture of ST-TED and TED-LIUM2 corpus. The MT model has a text encoder and decoder with the same architecture of which in TCEN. It is first trained on WMT data (out-of-domain) and then fine-tuned on in-domain data.\n\nMulti-task baselines: We also conduct three multi-task baseline experiments including one-to-many setting, many-to-one setting, and many-to-many setting. In the first two settings, we train the model with $\\alpha _{st}=0.75$ while $\\alpha _{asr}=0.25$ or $\\alpha _{mt}=0.25$. For many-to-many setting, we use $\\alpha _{st}=0.6, \\alpha _{asr}=0.2$ and $\\alpha _{mt}=0.2$.. For MT task, we use only in-domain data.\n\nMany-to-many+pre-training: We train a many-to-many multi-task model where the encoders and decoders are derived from pre-trained ASR and MT models. ']","Pre-training baselines, many-to-many baselines, many-to-many+pre-training baseline, cascaded system.",4704,,148,en,qasper
Answer:,,03ac54754b9162f6632212ca481920db17fc953e73af3a1f,qasper,0.75,['Unanswerable' 'English'],Unanswerable (The article does not specify any specific natural language(s) being studied),4513,,148,en,qasper
Answer:,,32e71ab83380bf828bc42ff6e76f4e8ae42d356a6988a79c,qasper,0.75,"['linear SVM, bidirectional Long Short-Term-Memory (BiLSTM), Convolutional Neural Network (CNN)'
 'linear SVM, bidirectional Long Short-Term-Memory (BiLSTM), Convolutional Neural Network (CNN)'
 'linear SVM trained on word unigrams,  bidirectional Long Short-Term-Memory (BiLSTM),  Convolutional Neural Network (CNN) ']","SVMs, BiLSTM, and CNN",2250,,148,en,qasper
Answer:,,37f06d3a413beef1661730ae1049e7adccd6308032ae1fc5,qasper,0.75,['No'],Unanswerable (based on the provided article),1561,,148,en,qasper
Answer:,,d17f6335089f3dd922f3d5400e3fc2ad1ca15202f4ac6467,qasper,0.75,"['Pretrained word embeddings  were not used'
 'GloVe, Edinburgh embeddings BIBREF14, Emoji embeddings BIBREF16']","GloVe, Edinburgh embeddings, and Emoji embeddings",1771,,148,en,qasper
Answer:,,d3dac3676da5685f20bae39814f760368752f5bd8db93500,qasper,0.75,"['average recipe-level coherence scores of 1.78-1.82, human evaluators preferred personalized model outputs to baseline 63% of the time']",Results on the new dataset are not explicitly stated in the article.,2666,,148,en,qasper
Answer:,,4eb3ad14a5fbb16b03f54ef42febd2f167f8b2a9f5a26343,qasper,0.75,"['irony accuracy, sentiment preservation'
 ' irony accuracy and sentiment preservation']",Harmonic mean of irony reward and sentiment reward.,4592,,148,en,qasper
Answer:,,3b83a9c5c4dc7fa170724ce8378a276b8cbef90a62b13603,qasper,0.75,"['Since we do not have an end-to-end dataset, the generated English poem may not work well with Shakespeare style transfer'
 'we do not have an end-to-end dataset, the generated English poem may not work well with Shakespeare style transfer as shown in Figure FIGREF12 for ""Starry Night"" with a low average content score']","""The authors demonstrate a limitation of their model in generating English poems that may not work well with Shakespearean style transfer.""",1651,,148,en,qasper
Answer:,,88d89e5b02c860bd1fdac17796e2b6048a6d2b86950c4c12,qasper,0.75,"['Affective Text, Fairy Tales, ISEAR'
 ' Affective Text dataset, Fairy Tales dataset, ISEAR dataset']","Affective Text, ISEAR, and Affective Text Development datasets.",3390,,148,en,qasper
Answer:,,5663b4bd81cbb6b052e49e8df64f91f4fa3146f4067b2f94,qasper,0.75,"['Distributions of Followers, Friends and URLs are significantly different between the set of tweets containing fake news and those non containing them, but for Favourites, Mentions, Media, Retweets and Hashtags they are not significantly different']","Unanswerable (The question asks for specific distribution results, but the article does not provide specific numerical values for all distributions.)",3164,,148,en,qasper
Answer:,,3278efeb1fb7f569dfd6ef8627cdefb5955b93b612fe2902,qasper,0.75,"['1,268 randomly selected tweets in the Stanford Sentiment Analysis Dataset BIBREF36, all 12,594 unique English hashtags and their associated tweets from the same Stanford dataset'
 'Stanford Sentiment Analysis Dataset BIBREF36']",From the Stanford Sentiment Analysis Dataset.,3756,,148,en,qasper
Answer:,,06feabc1e5ca23dbfd79cbb2ea42b436c85bf6ac6a8d4b14,qasper,0.75,['Unanswerable' 'Unanswerable'],Unanswerable (from the provided article),3794,,148,en,qasper
Answer:,,26eccf323630722b689e91abd27fbbae0da4097e74865c33,qasper,0.75,"['Word vectors, usually in the context of others within the same class']",A word subspace can represent the context of a text.,5151,,148,en,qasper
Answer:,,8861331a4438449d0fd62132eff72f24413fab1daf990780,qasper,0.75,"['For Article-Entity placement, they consider two baselines: the first one using only salience-based features, and the second baseline checks if the entity appears in the title of the article. \n\nFor Article-Section Placement, they consider two baselines: the first picks the section with the highest lexical similarity to the article, and the second one picks the most frequent section.'
 'B1. The first baseline uses only the salience-based features by Dunietz and Gillick BIBREF11 ., B2. The second baseline assigns the value relevant to a pair INLINEFORM0 , if and only if INLINEFORM1 appears in the title of INLINEFORM2 .\n\n, S1: Pick the section from template INLINEFORM0 with the highest lexical similarity to INLINEFORM1 : S1 INLINEFORM2, S2: Place the news into the most frequent section in INLINEFORM0']",Baseline features use the salience model by Dunietz et al. (B1).,7891,,148,en,qasper
Answer:,,3bb91d7f22ae15ff9fc6475233052ad0981ad7e812f7eaa7,qasper,0.75,['Yes' 'Unanswerable'],Unanswerable,2000,,148,en,qasper
Answer:,,e73ea6012e4dfc66d353142915ef35e7ea2c315e1566adfe,qasper,0.75,['Unanswerable' 'Unanswerable'],Unanswerable (The article does not mention Augmented LibriSpeech dataset),2410,,148,en,qasper
Answer:,,981e544c9c90888f266707622e41e2c06b1b9b8ce6af525f,qasper,0.75,"[' high-quality datasets  from SemEval-2016 “Sentiment Analysis in Twitter” task'
 ' SemEval-2016 “Sentiment Analysis in Twitter”']",They used the datasets from SemEval-2016 for ternary and fine-grained sentiment classification.,2738,,148,en,qasper
Answer:,,168484fbdc83fc2e0c374e1d92ed08edca0c33669cd88a33,qasper,0.75,['small BERT' 'small BERT'],BERTBASE,1999,,148,en,qasper
Answer:,,a65a814bec0bd2085660d75fc5eeb39935a7cea44abab2b1,qasper,0.75,['No' 'No'],Yes,6391,,148,en,qasper
Answer:,,df3b5e07ec132472a8fc5b7f30b6ce3d942c8488a3d8ff7c,qasper,0.75,['Yes' 'Yes'],Unanswerable (from the provided article),3472,,148,en,qasper
Answer:,,f4aa62dcbb2bac20bc9ef1361ad811d6822f66df83f0930d,qasper,0.75,"[""Answer with content missing: (Table 3) Best author's model B-M average micro f-score is 0.409, 0.459, 0.411 on Affective, Fairy Tales and ISEAR datasets respectively. ""]",Competitive or state-of-the-art results for some emotion labels.,3410,,148,en,qasper
Answer:,,c276162e5903240b254238163922fb0ef59df8b8c706790f,qasper,0.75,"['A new tagging scheme that tags the words before and after the pun as well as the pun words.'
 'a new tagging scheme consisting of three tags, namely { INLINEFORM0 }']","{ INLINEFORM0, INLINEFORM1, INLINEFORM2 }",2974,,148,en,qasper
Answer:,,b69e327bf637183397c7d975df8e1c45fa1ad9866b71e6d1,qasper,0.75,['No' 'No'],No.,2413,,148,en,qasper
Answer:,,6f949074854fa472b5be66cc1c3cf9d2c3dfe301bd437515,qasper,0.75,"['ability to accurately classify texts even when the amount of prior knowledge for different classes is unbalanced, and when the class distribution of the dataset is unbalanced'
 'Low sensitivity to bias in prior knowledge']",Robustness of a model is not explicitly defined in the article.,3609,,148,en,qasper
Answer:,,c509e3bda123ac08967781ad78a55a157b876e9d0aa97adc,qasper,0.75,"['GloVe, BERT, Universal Sentence Encoder, TF-IDF, InferSent'
 'Avg. GloVe embeddings, Avg. fast-text embeddings, Avg. BERT embeddings, BERT CLS-vector, InferSent - GloVe and Universal Sentence Encoder.']","InferSent, Universal Sentence Encoder",3862,,148,en,qasper
Answer:,,76f663a13234c9da9f1d78c72b52d73ab37da0977e0001d8,qasper,0.75,"['English datasets including CoNLL2003 and OntoNotes5.0, our proposed method outperforms BERT-MRCBIBREF38 by +0.29 and +0.96 respectively, Chinese datasets, achieving F1 improvements by +0.97 and +2.36 on MSRA and OntoNotes4.0, respectively'
 'For English datasets including CoNLL2003 and OntoNotes5.0, our proposed method outperforms BERT-MRCBIBREF38 by +0.29 and +0.96 respectively., huge performance boosts on Chinese datasets, achieving F1 improvements by +0.97 and +2.36 on MSRA and OntoNotes4.0, respectively']","+0.29 for English, +2.36 for Chinese.",3586,,148,en,qasper
Answer:,,e57ea6390f796b88ab34da666c6576609db900eb9d0d9b24,qasper,0.75,"['Task 1: Quora Duplicate Question Pair Detection, Task 2: Ranking questions'
 ""Quora Duplicate Question Pair Detection, Ranking questions in Bing's People Also Ask""]",Quora Duplicate Question Detection and Ranking questions.,2577,,148,en,qasper
Answer:,,debdd11c3c5802df0fbef5055ef8d57888c833e2a230e0b9,qasper,0.75,"['Various tree structured neural networks including variants of Tree-LSTM, Tree-based CNN, RNTN, and non-tree models including variants of LSTMs, CNNs, residual, and self-attention based networks'
 'Sentence classification baselines: RNTN (Socher et al. 2013), AdaMC-RNTN (Dong et al. 2014), TE-RNTN (Qian et al. 2015), TBCNN (Mou et al. 2015), Tree-LSTM (Tai, Socher, and Manning 2015), AdaHT-LSTM-CM (Liu, Qiu, and Huang 2017), DC-TreeLSTM (Liu, Qiu, and Huang 2017), TE-LSTM (Huang, Qian, and Zhu 2017), BiConTree (Teng and Zhang 2017), Gumbel Tree-LSTM (Choi, Yoo, and Lee 2018), TreeNet (Cheng et al. 2018), CNN (Kim 2014), AdaSent (Zhao, Lu, and Poupart 2015), LSTM-CNN (Zhou et al. 2016), byte-mLSTM (Radford, Jozefowicz, and Sutskever 2017), BCN + Char + CoVe (McCann et al. 2017), BCN + Char + ELMo (Peters et al. 2018). \nStanford Natural Language Inference baselines: Latent Syntax Tree-LSTM (Yogatama et al. 2017), Tree-based CNN (Mou et al. 2016), Gumbel Tree-LSTM (Choi, Yoo, and Lee 2018), NSE (Munkhdalai and Yu 2017), Reinforced Self- Attention Network (Shen et al. 2018), Residual stacked encoders: (Nie and Bansal 2017), BiLSTM with generalized pooling (Chen, Ling, and Zhu 2018).']","Syntactic tree-based models, other neural models, and latent tree models.",4781,,148,en,qasper
Answer:,,f028740d1aa46f5337578cc37bb55f6c8ac0864856b26096,qasper,0.75,"['answer questions by obtaining information from KB tuples '
 'hierarchical matching between questions and relations with residual learning']",Relation detection,4527,,148,en,qasper
Answer:,,78ec3790de7582388e6f9f2e428ddd2f6cccef851a8fcd57,qasper,0.75,"['name-based Nearest-Neighbor model (NN), Encoder-Decoder baseline with ingredient attention (Enc-Dec)']",Encoder-Decoder and Nearest-Neighbor models.,2655,,148,en,qasper
Answer:,,c6464e3b2dbf1c8412496fdef56cafcccd0ccb9dd1937886,qasper,0.75,"['spot patterns by just looking at a collection of images, tag all descriptions with part-of-speech information, I applied Louvain clustering'
 'Looking for adjectives marking the noun ""baby"" and also looking for most-common adjectives related to certain nouns using POS-tagging']",Manual detection methods are considered to find examples of biases and unwarranted inferences.,2204,,148,en,qasper
Answer:,,aaaf5a6e22afc0f84ee63ab9e8dfe9484462ef105aa44ec6,qasper,0.75,"['English, French, German '
 'French, English, Spanish, Italian, Portuguese, Hebrew, Arabic']",English,2285,,148,en,qasper
Answer:,,1b96562949f4722fed7766bb0be032ca10cb98c89192068f,qasper,0.75,"['Stacked LSTMs, Cell-aware Stacked LSTMs, Sentence Encoders, Top-layer Classifiers']",They experimented with stacked LSTMs and Cell-aware Stacked LSTMs.,3210,,148,en,qasper
Answer:,,08034d93200eb0b2207fc07921f81e95f4a801c0961f3724,qasper,0.75,['Yes' 'Unanswerable'],Yes.,6169,,148,en,qasper
Answer:,,36dd6c4714fb80bd70d4dc3805324eb2055fe272b85fa5c0,qasper,0.75,"['LSA, TextRank, LexRank and ILP-based summary.' 'LSA, TextRank, LexRank']",Sumy package algorithms,3045,,148,en,qasper
Answer:,,37555b3a43b9c65a02a522310fe737913a5863a33bf81c32,qasper,0.75,['hLSTM' 'hLSTM'],BIBREF7,3725,,148,en,qasper
Answer:,,c6bf18dbbe6ad2c777f3b2db9f35a1b23c9e3ec2d138b186,qasper,0.75,['Based on table results provided changing directed to undirected edges had least impact - max abs difference of 0.33 points on all three datasets.'],"""No"" (as the article does not provide information to determine the least impactful component)",4180,,148,en,qasper
Answer:,,d0c52dceef7d3b347e2f4543e601576d4d68324e7c543a6d,qasper,0.75,"['DTA18, DTA19'
 'Diachronic Usage Relatedness (DURel) gold standard data set']",DTA18 and DTA19,1908,,148,en,qasper
Answer:,,5acdda9ea1342cee04400bab5f4e3d23f394c14fa42f784d,qasper,0.75,"['Hindi, English, Kannada, Telugu, Assamese, Bengali and Malayalam'
 'Kannada, Hindi, Telugu, Malayalam, Bengali,  English and Assamese (in table, missing in text)']","Kannada, Hindi, Telugu, Malayalam, Bengali, and English.",2453,,148,en,qasper
Answer:,,7fc2e4d78ed71fd9cb767560f9f8f69124754bf212e2e3dc,qasper,0.75,"['Table TABREF6, Table TABREF8'
 'when testing on English, the F1 score of the model training on Chinese (Zh) is 53.8,  F1 score is only 44.1 for the model training on Zh-En']",Competitive performance,2492,,148,en,qasper
Answer:,,c3dc6e575eeee19145547b339ae1c7af914dfde59a652000,qasper,0.75,['Metric difference between Aloha and best baseline score:\nHits@1/20: +0.061 (0.3642 vs 0.3032)\nMRR: +0.0572(0.5114 vs 0.4542)\nF1: -0.0484 (0.3901 vs 0.4385)\nBLEU: +0.0474 (0.2867 vs 0.2393)'],Outperformance of proposed model compared to baselines.,5151,,148,en,qasper
Answer:,,a8f155f6d0b86040e21fdb913b07c5fa675b82dbacc0674e,qasper,0.75,"['ARAM has achieved improvement over all baseline methods using reverese perplexity and  slef-BLEU metric.  The maximum reverse perplexity improvement 936,16 is gained for EMNLP2017  WMT  dataset and  48,44 for COCO dataset.'
 'Compared to the baselines, ARAML does not do better in terms of perplexity on COCO and EMNLP 2017 WMT datasets, but it does by up to 0.27 Self-BLEU points on COCO and 0.35 Self-BLEU on EMNLP 2017 WMT. In terms of Grammaticality and Relevance, it scores better than the baselines on up to 75.5% and 73% of the cases respectively.']",Improvement gained from ARAML.,3796,,148,en,qasper
Answer:,,f7c52845824592155b90b879209bfaf82e6a8598c9cb9db0,qasper,0.75,['The authors showed few tweets where neither and implicit hatred content exist but the model was able to discriminate'],The authors present evidence that the model can capture some biases in data annotation and collection by examining misclassified items and observing that many errors are due to biases from data collection and rules of annotation.,4119,,148,en,qasper
Answer:,,e48405471fa8e3af3ddf67e7e9deb109523dfab05dc9d659,qasper,0.75,"['SVM, No-Answer Baseline (NA) , Word Count Baseline, Human Performance'
 'No-Answer Baseline (NA), Word Count Baseline, Human Performance']",Yes,3855,,148,en,qasper
Answer:,,9c060535b14310dff1d863489d6ecd52f7ecffda0dcc9fcb,qasper,0.75,"['Dataset contains 3606 total sentences and 79087 total entities.'
 'ILPRL contains 548 sentences, OurNepali contains 3606 sentences']",Unanswerable (The article does not provide the size of the dataset),2843,,148,en,qasper
Answer:,,c624b6d8a5c2cbf6ad3c24de6e42d7b1b6504fe608ee3733,qasper,0.75,"['Using DSC loss improves the F1 score by +0.58 for MRPC and +0.73 for QQP'
 '+0.58']",+0.58 for MRPC and +0.73 for QQP.,3566,,148,en,qasper
Answer:,,7fb2af0c4759875dc623bdfa5024e13f06a9288f1930470a,qasper,0.75,"['Answer with content missing: (Whole Method and Results sections) The primary dataset we use is the ERP data collected and computed by Frank et al. (2015), and we also use behavioral data (eye-tracking data and self-paced reading times) from Frank et al. (2013) which were collected on the same set of 205 sentences.\nSelect:\n- ERP data collected and computed by Frank et al. (2015)\n- behavioral data (eye-tracking data and self-paced reading times) from Frank et al. (2013)'
 'the ERP data: BIBREF0']",BIBREF0,1971,,148,en,qasper
Answer:,,ec83bdfec205fe7374404faa05fe5420a2a7922e251c573d,qasper,0.75,"['7 phonemic/syllabic ( /iy/, /piy/, /tiy/, /diy/, /uw/, /m/, /n/ ) as well as 4 words(pat, pot, knew and gnaw)'
 'KARA ONE BIBREF17 , composed of multimodal data for stimulus-based, imagined and articulated speech state corresponding to 7 phonemic/syllabic ( /iy/, /piy/, /tiy/, /diy/, /uw/, /m/, /n/ ) as well as 4 words(pat, pot, knew and gnaw)']",Imagined speech,2379,,148,en,qasper
Answer:,,57de270868df43af983000c70076588676aaf9bfb5fbfca5,qasper,0.75,"['Pointer-Gen, Pointer-Gen+Pos, Pointer-Gen+Same-FT, Pointer-Gen+Pos-FT, Pointer-Gen+RL-ROUGE, Pointer-Gen+RL-SEN']","Pointer-Gen, Pointer-Gen+Pos, Pointer-Gen+Same-FT, Pointer-Gen+Pos-FT, Pointer-Gen+RL-ROUGE, Pointer-Gen+RL-SEN, Pointer-Gen+ARL-SEN",4085,,148,en,qasper
Answer:,,bd9de91e4f20f4d0e8cbd1d442c97022e5410cc9a814aa0e,qasper,0.75,"['Naïve Bayes (NB), Logistic Regression (LR), Support Vector Machine (SVM), Random Forests (RF), Gradient Boosted Trees (GBT),  Convolutional Neural Networks (CNN), Recurrent Neural Networks (RNN)'
 'Naïve Bayes (NB), Logistic Regression (LR), Support Vector Machine (SVM), Random Forests (RF), Gradient Boosted Trees (GBT), CNN, RNN']",Neural network models and traditional machine learning classifiers,2074,,148,en,qasper
Answer:,,0d39f8e4a71796ad340444ae3e5fe23b51beb9f47247d8a1,qasper,0.75,"['uni-directional model to augment the decoder'
 'bi-directional language model to augment the sequence to sequence encoder ,  uni-directional model to augment the decoder']",Bi-directional and uni-directional self-attention models,1914,,148,en,qasper
Answer:,,677dad703988e8f26b322211803fad38ffe9e58d1725f51a,qasper,0.75,"['One can think $(1-p_{i1})$ as a weight associated with each example, which changes as training proceeds. The intuition of changing $p_{i1}$ to $(1-p_{i1}) p_{i1}$ is to push down the weight of easy examples. For easy examples whose probability are approaching 0 or 1, $(1-p_{i1}) p_{i1}$ makes the model attach significantly less focus to them. Figure FIGREF23 gives gives an explanation from the perspective in derivative: the derivative of $\\frac{(1-p)p}{1+(1-p)p}$ with respect to $p$ approaches 0 immediately after $p$ approaches 0, which means the model attends less to examples once they are correctly classified.'
 'associates each training example with a weight in proportion to $(1-p)$, and this weight dynamically changes as training proceeds']","Dynamically adjusted by $(1-p)$, where $p$ is the probability.",3640,,148,en,qasper
Answer:,,3c1ef39c9ae5336afa8c7d3501bd8d24dc655c17ebf6c75f,qasper,0.75,"['Reward of 11.8 for the A2C-chained model, 41.8 for the KG-A2C-chained model, 40 for A2C-Explore and 44 for KG-A2C-Explore.'
 'KG-A2C-chained and KG-A2C-Explore both pass the bottleneck of a score of 40']","KG-A2C and KG-A2C-chained pass the bottleneck, while A2C-Explore does not.",2443,,148,en,qasper
Answer:,,aad6558e94d7056e2b8acd03fbdac6448c16b0bf28d1f033,qasper,0.75,['Bayesian model of garg2012unsupervised as our base monolingual model'],Individual model consists of a Bayesian model for each language.,3701,,148,en,qasper
Answer:,,4b9e15e7e39589f3a953e9e6637e00c28269be034f93c00b,qasper,0.75,"['Unanswerable'
 'Original transcription was labeled with additional labels in [] brackets with nonstandard pronunciation.']",Annotations are included for non-standard pronunciations.,3018,,148,en,qasper
Answer:,,715229da03cdd7077f0ea02c5b4f67489abe24d42e4ece22,qasper,0.75,"['A semi-character based RNN (ScRNN) treats the first and last characters individually, and is agnostic to the ordering of the internal characters'
 'processes a sentence of words with misspelled characters, predicting the correct words at each step']",Semi-character architecture is a word recognition system proposed in the article.,4186,,148,en,qasper
Answer:,,b96a5e2e8d4b32aff5401e97c66942bf33f6c3c62a43609d,qasper,0.75,"['Bulgarian, Croatian, Czech, Danish, English, French, German, Indonesian, Italian, Norwegian, Persian, Polish, Portuguese, Slovenian, Spanish and Swedish'
 'Bulgarian, Croatian, Czech, Danish, English, French, German, Indonesian, Italian, Norwegian, Persian, Polish, Portuguese, Slovenian, Spanish , Swedish']",16 languages,2697,,148,en,qasper
Answer:,,914ecea04fa73d3a61afe04a4dabd1dc5b80a0aa66784a9b,qasper,0.75,['NCEL consistently outperforms various baselines with a favorable generalization ability'],NCEL outperforms state-of-the-art collective methods across five different datasets.,4113,,148,en,qasper
Answer:,,757c3e92861be1ad45a06d157bb10fe162bd2163bc3baa6c,qasper,0.75,['Yes' 'Yes'],Yes,4592,,148,en,qasper
Answer:,,1fc62062641bf85a160d7465aefb91870235e6c815b392cf,qasper,0.75,['error detection system by Rei2016' 'error detection system by Rei2016'],The baseline used is the error detection system by Rei2016.,2132,,148,en,qasper
Answer:,,e7860b94e9aedb1f9b1e5a8839cb1424486c3f2dd69ee124,qasper,0.75,"['clinical notes from the CE task in 2010 i2b2/VA'
 'clinical notes from the CE task in 2010 i2b2/VA ']",They obtained the annotated clinical notes from the CE task in 2010 i2b2/VA.,3432,,148,en,qasper
Answer:,,ea4db579b5224fe0fa413ee436a5f4f56777dfa3e25d99d7,qasper,0.75,"[""ecause this process is similar to the cloze task in BERT's pre-train process, therefore by using the ability of the contextual language model the decoder can generate more fluent and natural sequences.""]",Masking words in the decoder helps to refine the summary.,3919,,148,en,qasper
Answer:,,f3b5a2a6642523c5347d7612ee64a3378c6592ea58a0857e,qasper,0.75,"['Unanswerable' ' Paraphrase Database (PPDB) ,  book corpus'
 'Unanswerable']",Unanswerable (no dataset mentioned in the article),1902,,148,en,qasper
Answer:,,10f50fd914b227d12f503b3ef4ac5fe772e70f44557c17b5,qasper,0.75,['Unanswerable'],TF-IDF features,2108,,148,en,qasper
Answer:,,a49d38fea6e6ffd631d227f17753ce20624d17bd8a04ee03,qasper,0.75,"['no evidence of depression, depressed mood, disturbed sleep, fatigue or loss of energy'
 'The annotations are based on evidence of depression and further annotated by the depressive symptom if there is evidence of depression']",Based on a hierarchical depression schema.,1947,,148,en,qasper
Answer:,,591249c5522d87dcf4eeb6e1fc35bbf56a2290d23c83544d,qasper,0.75,"['BC5CDR-disease, NCBI-disease, BC5CDR-chem, BC4CHEMD, BC2GM, JNLPBA, LINNAEUS, Species-800'
 'BC5CDR-disease, NCBI-disease, BC5CDR-chem, BC4CHEMD, BC2GM, JNLPBA, LINNAEUS, Species-800']",Eight biomedical NER tasks,2800,,148,en,qasper
Answer:,,c09598fc924dab440fb92fcd82dff116759ed11f5947b3c0,qasper,0.75,"['using the machine translation platform Apertium '
 'machine translation platform Apertium BIBREF5']",Using the machine translation platform Apertium.,2423,,148,en,qasper
Answer:,,679cbfcf05ceb304bfbc0f4ea24597aeff90611a76a374a2,qasper,0.75,['AllWords model by counting the frequencies of all the remaining words and training a multinomial Naive Bayes classifier'],Multinomial Naive Bayes classifier,4177,,148,en,qasper
Answer:,,03e03cd498cae30eb47667209de54bfe6545647ddfe4457d,qasper,0.75,"['The baseline system for the SLC task is a very simple logistic regression classifier with default parameters. The baseline for the FLC task generates spans and selects one of the 18 techniques randomly.'
 'SLC task is a very simple logistic regression classifier, FLC task generates spans and selects one of the 18 techniques randomly']",The baseline for the Sentence-Level Classification task is a logistic regression classifier with sentence length as the only feature.,3001,,148,en,qasper
Answer:,,2561836b391d69be52ba4d97583238407f2fa80afef9a15b,qasper,0.75,"['They compare with the following models: by Pedersen (2017), by Pramanick and Das (2017), by Mikhalkova and Karyakin (2017),  by Vadehra (2017), Indurthi and Oota (2017), by Vechtomova (2017), by (Cai et al., 2018), and CRF.']",Prior baselines that do not employ joint learning,2991,,148,en,qasper
Answer:,,acb71edfecd0645219cfd258956141fe666557f8debad399,qasper,0.75,"['By assigning a political bias label to each news article and training only on left-biased or right-biased outlets of both disinformation and mainstream domains'
 'we also account for political biases inherent to different news sources, referring to the procedure proposed in BIBREF2 to label different outlets. Overall we show that we are able to classify credible vs non-credible diffusion networks (and consequently news articles) with high accuracy (AUROC up to 94%), even when accounting for the political bias of sources (and training only on left-biased or right-biased articles). We observe that the layer of mentions alone conveys useful information for the classification, denoting a different usage of this functionality when sharing news belonging to the two news domains. We also show that most discriminative features, which are relative to the breadth and depth of largest cascades in different layers, are the same across the two countries.']",By referring to a procedure described in BIBREF2.,4882,,148,en,qasper
Answer:,,72bf7a9599ea8ea1cf309f0dfe07f16f2e05d59ff82f4a37,qasper,0.75,"['ancient Chinese history records in several dynasties (about 1000BC-200BC) and articles written by celebrities of that era'
 'Ancient Chinese history records in several dynasties and articles written by celebrities during 1000BC-200BC collected from the internet ']",From the internet.,3722,,148,en,qasper
Answer:,,85a7083bae278e83df0fea37003937a9294638f488a18a83,qasper,0.75,['English' 'English ' 'English'],English,2240,,148,en,qasper
Answer:,,6ab7a0f094ebc681c85b0bdbf251970c5fc6bc638da5e3b5,qasper,0.75,['Answer with content missing: (Data section) Chinese with version 5.1 of the Chinese Penn Treebank (CTB)'],Unanswerable (The article does not specify which Chinese datasets were used.),2545,,148,en,qasper
Answer:,,c8ddf1d2e1192893ee5bf9e0ffdeb6762a7a2f719d299c28,qasper,0.75,['eight layers'],Three convolutional layers.,4487,,148,en,qasper
Answer:,,3f3d64d45cd4761fa7a9da94fbc4c41b27f3a7b856117638,qasper,0.75,[' the same datasets as BIBREF7' 'same datasets as BIBREF7'],70 million Flickr photos with coordinates in Europe,4661,,148,en,qasper
Answer:,,806667777a33e5aede1bd3a62cbb5562f99b2223f68b98fe,qasper,0.75,"['MEDDOCAN, NUBes-PHI' 'MEDDOCAN, NUBes ']",NUBes-PHI and MEDDOCAN,4528,,148,en,qasper
Answer:,,ed98266f89745750cb92ebc16c941888f1b0291d405d14e2,qasper,0.75,['Unanswerable'],"Unigrams, stylistic patterns, pragmatic features, and hashtags.",3543,,148,en,qasper
Answer:,,ede810c7fa069014dc1b6fe66c54079ce1fe81903c684600,qasper,0.75,"['Coverage, Avg. MCC and avg. +ve F1 score'
 'strategy formulation ability, we introduce a measure called Coverage( INLINEFORM0 ), To evaluate the predictive performance, we use Avg. MCC and avg. +ve F1 score']",Avg. MCC and avg. +ve F1 score.,5869,,148,en,qasper
Answer:,,be6e56c9310a931e883d529da75b125058563bcf4d8d16d0,qasper,0.75,['Yes' 'No'],Unanswerable (no specific mention of creating a QA Wikipedia dataset using their indexing-based method),1910,,148,en,qasper
Answer:,,9694f6b846301d401e87c4d0456a400913361db16c05503c,qasper,0.75,"['Galatasaray, Fenerbahçe' 'Galatasaray , Fenerbahçe ']",Galatasaray and Fenerbahçe,2234,,148,en,qasper
Answer:,,78224546bfb859e5412a0d5ef1b030ea0b3844c9987c79ff,qasper,0.75,"['Irony Classifier, Sentiment Classifier for Irony, Sentiment Classifier for Non-irony, transformation from ironic sentences to non-ironic sentences']",Transformation from non-ironic sentences to ironic sentences and from ironic sentences to non-ironic sentences.,4600,,148,en,qasper
Answer:,,34e4bb298d4e2c19c2fce8670a00196cddd9f361eeb09a9a,qasper,0.75,"['pays attentions to adjacent characters and casts a localness relationship between the characters as a fixed Gaussian weight assuming the weight relies on the distance between characters'
 'Gaussian-masked directional attention can be described as a function to map queries and key-value pairs to the representation of input, Gaussian-masked directional attention expects to pay attention to the adjacent characters of each positions and cast the localness relationship between characters as a fix Gaussian weight for attention, Gaussian weight only relys on the distance between characters']","Gaussian-masked directional multi-head attention combines queries, keys, and values with a Hadamard product of a Gaussian weight matrix and the standard scaled dot-product attention, focusing on local characters.",3612,,148,en,qasper
Answer:,,b80ef6cf65d0728f2a3a6c812d50121f97dc555c71d8871d,qasper,0.75,['Facebook status update messages' 'Facebook status update messages'],Facebook,4005,,148,en,qasper
Answer:,,c6aff9577f2b48117cc4b4d11e8acfc1ffb55ec48717b69b,qasper,0.75,[' The features extracted from CNN.'],Baseline features are extracted from the baseline CNN.,4855,,148,en,qasper
Answer:,,9c415874c0c9fba5d1111bf3d9cb379fcbeff17fcccb560a,qasper,0.75,"['number of clusters, seed value in clustering, selection of word vectors, window size and dimension of embedding'
 'different number of clusters, different embeddings']",k-means clusters and number of clusters were varied.,2753,,148,en,qasper
Answer:,,021d8b537118d33026257c7aa79d0405d126e2d35962d221,qasper,0.75,['column Ens Test in Table TABREF19'],"Our official scores placed us second (EI-Regression, EI-Ordinal Classification), fourth (V-Regression), and fifth (V-Ordinal Classification).",2424,,148,en,qasper
Answer:,,3b3fcd0ee773501a21c5eb6159746fa29bdc3498329525e5,qasper,0.75,"['8,275 sentences and 167,739 words in total'
 'The corpus comprises 8,275 sentences and 167,739 words in total.']",The corpus consists of 53 documents.,2669,,148,en,qasper
Answer:,,ca91b274c44baec976e7acbd926d7d823fd5a81e34dfcce1,qasper,0.75,['Unanswerable' 'Unanswerable'],Unanswerable (The article does not discuss the conversion of cloze-style questions to naturally-looking questions.),2764,,148,en,qasper
Answer:,,eb64a6b64d9837a23cd1824be1986861b0b23d98ff1c52b1,qasper,0.75,"['text classification for themes including sentiment, web-page, science, medical and healthcare']",Text categorization and sentiment classification,3591,,148,en,qasper
Answer:,,b5481f9dfee2d9dd2154b3396a702c72f00b86508b001651,qasper,0.75,"['bag-of-words model, CNN']",Previous methods compared to are TREC question classification methods and hand-crafted rule-based methods.,5838,,148,en,qasper
Answer:,,0012658ce252037bf12bb47de21ea785b1ee2731e5bd809f,qasper,0.75,['By 14 times.' 'up to 1.95 times larger'],Larger,3294,,148,en,qasper
Answer:,,547c0b203cd3f5e26ebf4709ca03599db12e8d1bb08bc1ba,qasper,0.75,['3606' '6946'],Unanswerable (The article does not provide the number of sentences in the dataset),2835,,148,en,qasper
Answer:,,d999910bed46747299b4c315cc345dc978d979252f65d39e,qasper,0.75,"['MLP' 'Eusboost, MWMOTE']","MLP, Eusboost, and MWMOTE",2474,,148,en,qasper
Answer:,,b3d9af44008c13b316e929ad00b8eeea477fdbf5aa50eab7,qasper,0.75,['Yes' 'Yes'],Yes,3784,,148,en,qasper
Answer:,,2f457d7ab54cb1afc5be7e5171425354617f49b8f75d90fa,qasper,0.75,['Yes' 'Unanswerable'],Yes,4320,,148,en,qasper
Answer:,,160075b535e7b0c17c873ce4ffc5bfc9735ba43fcff32757,qasper,0.75,['0.5115' '0.6103'],0.6103 (for Factoid Question Answering task),6810,,148,en,qasper
Answer:,,dd771b6e98a15ceb55e41e4c6e948e1ab1248d51111fb5c1,qasper,0.75,[' Wall Street Journal (WSJ) portion of the Penn Treebank' 'Unanswerable'],Wall Street Journal (WSJ) portion of Penn Treebank,4327,,148,en,qasper
Answer:,,f0f715a6867aa0e4b6ef1eab6827162fba00296faa55114e,qasper,0.75,['By conducting a survey among engineers' 'Unanswerable'],"""Experiments were conducted to verify the performance of NeuronBlocks.""",1692,,148,en,qasper
Answer:,,9de7829de79f59d8deeb2d8ecc1652d081394c258cbce691,qasper,0.75,"['SimpleQuestions, WebQSP' 'WebQSP, SimpleQuestions']",SimpleQuestions and WebQSP,4524,,148,en,qasper
