task,_id,all_classes,compression_ratio,predicted_answer,max_new_tokens,answer_prefix,answers,language,dataset,length,question
triviaqa,c6270c6ae570ce9459e98f4c704e3d86d510a755f6ce5443,,0.75,United States,52,Answer:,"['The United States of America' 'United States Of Amerca' 'Us of a'
 'U.–S.–A.' 'Americaland' 'United States (U.S.A.)' 'Amurika'
 'Unite states of america' 'United States of America (redirect)'
 'The U S A' 'Unietd States' 'EE UU' 'The U.S.A.' 'U.-S.-A.' 'Usa'
 'United Staets of America' 'Unites States' ""États-Unis d'Amérique""
 'Verenigde State' 'U.–S.' 'The United States of America.' 'The U-S-A'
 'EEUU' 'U. S. A.' 'Nagkaisang mga Estado' 'The U. S. of America'
 'The USA' 'America (United States)' 'The U. S. A.' 'U S of America'
 'UNITED STATES' 'Estados Unidos' 'The U–S' 'American United States'
 'US and A' 'Unitd states' 'The US of A' 'EE.UU.' 'U-S' 'The U-S'
 'Etymology of the United States' 'U.S.A.)' 'EE. UU.'
 'United states of america' 'US of america' 'Verenigde State van Amerika'
 'Nited States' 'United-States' 'Unite States' 'Estados Unidos de América'
 'UnitedStates' 'Estaos Unios' 'US of America' 'The Usa'
 'United states of America' 'Untied States of America'
 'The U S of America' 'THE AMERICAN UNITED STATES' 'The United-States'
 'U S A' 'AmericA' 'Estados Unidos de America' 'United states'
 'The U.S. of America' 'Amerka' 'United–States' 'U.s.a.'
 'United States of America' 'United State of America' 'United States (US)'
 'The U.S. of A' 'America' 'Amercia' ""Stati Uniti d'America""
 'Los Estados Unidos de America' 'United Stated' 'U.S.'
 'United States (of America)' 'United States' 'States of America'
 'America-class' 'Los Estados Unidos' 'U,S,' 'United States (country)'
 'Federal United States' 'ISO 3166-1:US' 'Untied States' 'The U.–S.–A.'
 'VS America' 'Amurica' ""Etats-Unis d'Amerique"" 'US' 'U.S. OF A' 'USofA'
 'Etats-Unis' 'U.S. of A' 'United States of America (U.S.A.)' 'Amarica'
 'The United States' 'U-S-A' 'United States/Introduction' 'The Us'
 'Unitesd states' 'The U S of A' 'America class' 'America magazine'
 'الولايات المتحدة الأمريكية' 'The U. S. of A' 'U S' '(USA)'
 'The United–States' 'United States (U.S.)' 'U.-S.'
 'United States of America (USA)' ""'merica"" 'The US'
 'United States of America.' 'UNited States' 'The U.S.' 'AMERICA'
 'United States of America/OldPage' 'United+States' 'The U S'
 'United Sates' 'THE UNITED STATES OF AMERICA' 'U–S–A'
 'United States Of America' 'U.S. of America' 'U–S'
 'Los Estados Unidos de América' 'The U.-S.' 'United sates'
 'The United States Of America' 'America (country)'
 'United States of American' 'United state of america' 'The U.–S.'
 'Amurka' 'U. S. of A' 'The U. S.' 'United States America' 'US of A'
 'États-Unis' 'USoA' 'USA' 'Estaos Uníos' 'America, United States of'
 'U. S. of America' 'U.S.American' '(US)' 'The U–S–A' 'U. S.'
 'U.S. America' 'U.S. A' 'Yankee land' 'America (US)' 'U.S'
 'America (United States of)' 'US (country)' 'UNITED STATES OF AMERICA'
 'U.S.A' 'Estados unidos' 'Americia' 'The US of america'
 'Vereinigte Staaten' 'US America' 'These United States of America'
 'VS Amerika' 'Name of the United States' 'The united states of america'
 'Estatos Unitos' 'America (USA)' 'The U.-S.-A.'
 'United States of America/Introduction' 'The US of America'
 'Americophile' 'V.S. America' 'U.S.A.' 'U S of A' 'V.S. Amerika'
 'United+States+of+America' 'The Unites States of America']",en,triviaqa,3835,
triviaqa,bf1556b2b68228cd71538d898121398f8e47fbaa45c6f717,,0.75,Black Eyed Peas,52,Answer:,"['The Black Eyed Peas' 'Yesterday (The Black Eyed Peas song)'
 'Black Eyed Peas' 'Instant def' 'The Black-Eyed Peas'
 'The black eyed peas' 'Black Eyed Peas (band)' 'TBEP' 'Roots to Fruits'
 'Black eyed peas (band)' 'Black-Eyed Peas' 'Black Eyed Peas, The'
 'Black Eyed peas (group)' 'Black eyed pees' 'BLACK EYED PEAS'
 'Black-eyed Peas' 'Yesterday (The Black Eyed Peas)' 'Black Eye Peas']",en,triviaqa,11494,
triviaqa,1f4fecc3601c6f6fd6eb04d9996d67dc8c27b9eb4442fecb,,0.75,55 miles per hour,52,Answer:,['55' 'fifty-five'],en,triviaqa,9233,
triviaqa,33982587b948364f83d707e5fc6a52e53de33b4d3e9338d3,,0.75,Vivaldi,52,Answer:,"['Vivaldi' 'A.Vivaldi' 'Antonio Lucio Vivaldi' 'The Red Priest'
 'A. Vivaldi' 'Prete Rosso' 'Antonio Vivaldi' 'Il Prete Rosso']",en,triviaqa,14334,
triviaqa,86e90fe5a621c287c115e2bdf061db16ce9e4d611ddfb297,,0.75,Dartmoor,52,Answer:,"['Dartmoor National Park' 'DARTMOOR' 'Dartmoor National park' 'Dartmoor'
 'Okehayes Nursery' 'Dartymoor']",en,triviaqa,7768,
triviaqa,27a3112482b43aa286477c3362da80a443743554f95cb79c,,0.75,Pig,52,Answer:,['Chazer' 'Piggeh' 'Sus (genus)' 'Pig' 'Pigs' '🐷' '🐖' '🐽'],en,triviaqa,7327,
triviaqa,e72d3db98c747a77e8daeaeadb198a6037059a23a1ea6160,,0.75,Fontanelle,52,Answer:,"['Fonticulus' 'Fontanel' 'Soft spot' 'Fonticuli cranii' 'Fontanell'
 'Fontanelle' 'Depressed fontanelle' 'Fontanelles' 'FONTANELLE'
 'Soft spots' 'Fonticuli' 'Fontanels']",en,triviaqa,5914,
triviaqa,f731ff7827b01ec4ccb1b190dd8d46f6ef6b5bee655422e3,,0.75,Berkshire,52,Answer:,"['Berkshire, England' 'Highway, Berkshire' 'Royal Country of Berkshire'
 'Berkshire' 'Royal Berkshire' 'County of Berkshire'
 'Royal County of Berkshire' 'County of Berks']",en,triviaqa,2643,
triviaqa,6b5bd779bedaab220f7b2fb9d9a0548a845ff0246ee5d79b,,0.75,Elysian Fields,52,Answer:,"['Alysian fields' 'Elysian Fields' 'Elysian Fields (disambiguation)'
 'The Elysian Fields' 'Elysiane fields' 'Elysian fields']",en,triviaqa,3231,
triviaqa,a76d6efca6c7f441949a1d0773716e73ca61720ddebe4444,,0.75,Ben-Hur,52,Answer:,"['Ben hur' 'Ben-Hur (film)' 'Ben hurr' 'Ben-hur'
 'Ben-Hur (disambiguation)' 'Ben Hurr' 'Ben-Hur' 'Ben Hur']",en,triviaqa,6780,
triviaqa,9a31f4259cf4c98795ce0ab127f1e57edeadcc02982ffdf8,,0.75,Crystal Gayle,52,Answer:,['Crystal Gayle discography' 'Crystal Gayle' 'Crystal gale'],en,triviaqa,14345,
triviaqa,b7fa31fa1320f5bbf5a51575708f2772053aa30fb3401bb9,,0.75,End of the piece,52,Answer:,"['The End.' 'The End (television)' 'The End (book)' 'The End'
 'The End (disambiguation)' 'The END' 'The End (album)' 'The End(album)'
 'The End (Single)' 'The End (band)' 'The End (film)' 'The End (song)'
 'The end']",en,triviaqa,7081,
triviaqa,149c4c5390701fdbd5d652a6fa1890cab83ca1cd1d915301,,0.75,"
Nadine Coyle",52,Answer:,"['Nadine Elizabeth Louise Coyle' 'Outta My Mind'
 'Nadine Coyle discography' 'NADINE COYLE' 'Girl On the Loose'
 'Nadine Coyle']",en,triviaqa,3226,
triviaqa,42b7163ca5fcda38a777f17176b4c409f9a58af228b841bf,,0.75,Ludwig van Beethoven,52,Answer:,"['TL;DR' 'Tl;dr' ""Too long, didn't read"" 'TL-DR' ""Too long; didn't read""]",en,triviaqa,8661,
triviaqa,891f0cad2cbfb5acc44b9c833ae07610e9d124b58d1cbcf8,,0.75,SMERSH,52,Answer:,"[""Smert' Shpionam"" 'SMERSH' 'СМЕРШ' 'Smersh' 'NKVD Special Section']",en,triviaqa,3405,
triviaqa,2ad896f5d818f0b4b4de7127fbbd66210484e842ce60aeba,,0.75,Collapsible baby buggy,52,Answer:,['Baby Buggy' 'Baby buggy'],en,triviaqa,3768,
triviaqa,69d1185dde79f9be8a11fe6d208b9307f91a3abaf6d92fc9,,0.75,Brighton,52,Answer:,"['Brighthelmstone' 'UN/LOCODE:GBBSH' 'Brighton music' 'Brighton Ferry'
 'Brighton, UK' 'Brighton, Sussex' 'Mayor of Brighton'
 'Brighton, East Sussex' 'Brighton Borough Council'
 'County Borough of Brighton' 'Brighton, England' 'Brighton']",en,triviaqa,12812,
triviaqa,694e382df5496343d72c4dfb58082bba5c54d60533c343c4,,0.75,James Blunt,52,Answer:,"['James bLUNT' 'James blunt' 'JAMES BLUNT' 'Blunty' 'James Blunt'
 'James Hillier Blount' 'Blunt, James']",en,triviaqa,1798,
triviaqa,c6cb57b58768f3f5c663a13d6c14ce7d8ab9f0b5d7ac0dce,,0.75,"
Squash

The court for squash is 18 meters long by 9 meters wide.",52,Answer:,"['Court (volleyball)' 'Volley ball' 'Libero (volleyball)'
 'Serve (Volleyball)' 'Spike (volleyball)' 'Vollyball'
 'Spike (Volleyball)' 'Outside hitter' 'VolleyBall' 'Volleyball dig'
 'Rally point system' 'Indoor volleyball' 'History of volleyball'
 'Volleyball' '🏐' 'V-ball' 'Lebro' 'High school volleyball' 'Volley-Ball'
 'Volley Ball' 'Setter (Volleyball)' 'Mintonette' 'Volleyball court'
 'VOLLEYBALL' 'Serve (volleyball)' 'Volleyball rules' 'Volley-ball']",en,triviaqa,11718,
triviaqa,d6199c03885b4a6fc468183e8ff104a91406c92f1e9750a6,,0.75,"
Orange",52,Answer:,"['Orange (album)' 'Orangeishness' 'Orange (film)' 'Orangishness'
 'Orangeishly' 'Orangishly' 'Orange' 'Oranfe' 'Orange (disambiguation)']",en,triviaqa,12290,
triviaqa,1561a2d83c6647ccf04c593c3ab6ebe9b06da5b36d18abd5,,0.75,Parkinson's disease,52,Answer:,"[""Notable sufferers of parkinson's disease""
 ""Symptoms of parkinson's disease"" ""Signs of parkinson's disease""
 'Parkinsons' ""Pakinson's Disease"" ""Parkinson's"" 'Parkinsonism, primary'
 ""Parkinston's disease"" 'Shaking Palsy' 'Hypokinetic rigid syndrome'
 ""Motor symptoms of Parkinson's disease"" ""Parkinson's disease and Diet""
 'Morbus Parkinson' ""Motor symptoms parkinson's disease"" 'Parkinsonians'
 'Antiparkinsonism' 'Shaking palsy' 'Parkinson’s'
 ""Neuropsychiatric symptoms of parkinson's disease""
 ""Epidemiology of parkinson's disease"" ""History of parkinson's disease""
 'Parkinson’s Disease' ""Parkinsons' disease""
 ""Diagnosis of parkinson's disease"" ""Prognosis of parkinson's disease""
 'Parkinson disease' 'Parkinsons Disease' ""Traumatic Parkinson's""
 ""Parkinson's disease research directions"" ""Parkinson's Disease""
 ""Causes of parkinson's disease""
 ""Research directions in parkinson's disease"" 'Parkinston’s disease'
 ""Parkinson's disease"" 'Parkinson’s disease'
 ""Pathophysiology of parkinson's disease"" ""Parkinsons' Disease""
 ""Classification of parkinson's disease"" 'Parkinsons disease'
 'Parkinsonian tremor' ""Research directions of parkinson's disease""
 'Paralysis agitans' 'Parkinsonian tremors'
 ""Genetic causes of parkinson's disease"" 'Parkinson facies']",en,triviaqa,8720,
triviaqa,083f966d9057da4c3d8ad60d9f3edd6c6d9b78e902b422b1,,0.75,Robert Stroud,52,Answer:,"['Birdman of Alcatrez' 'Della Mae Jones' 'The alcatraz bird man'
 'Robert Franklin Stroud' 'Birdman Of Alcatraz' 'Bird Man of Alcatraz'
 'Robert Stroud' 'ROBERT STROUD' 'The Birdman of Alcatraz'
 'Birdman of Alcatraz']",en,triviaqa,3551,
triviaqa,797d9c3b6d2e3cff2015e914b6d110260df674aa2df7c9df,,0.75,"
Zadok the Priest",52,Answer:,"['Zadok The Priest' 'Zadok the Priest' '""""""Zadok the Priest""""""'
 'Zadoc the Priest' 'Zadok the priest']",en,triviaqa,6710,
triviaqa,6ebc860d3b3488f1b4fdf04ed5bd953a699da063f62b32e1,,0.75,Moby Dick,52,Answer:,"['Fedallah' 'Timor Tim' 'Dagoo' 'Moby-Dick: Captain Ahab'
 'Moby Dick; or, The Whale' ""Ahab's Wife, Or, The Star-Gazer"" 'Moby-dick'
 'Moby Dick: Captain Ahab' 'Fast-Fish and Loose-Fish' 'Tashtego'
 'Call me Ishmael' 'Moby-Dick (character)' 'Moby-Dick'
 'Moby-Dick; or, The White Whale' 'Starbuck: Moby Dick' 'Moby dick'
 'Moby-Dick; or, The Whale' 'Moby Dick (Novel)' 'Starbuck (Moby-Dick)'
 'Ahabian' 'Moby Dick' 'MobyDick' 'Moby-Dick (novel)']",en,triviaqa,8720,
triviaqa,d1c7310c2d98d1f1851de8cbdc17064a3a09329496c39233,,0.75,Sheep,52,Answer:,"[""Childe Harold's""]",en,triviaqa,12408,
triviaqa,164603e29d5a8d36ee3589b5f47302f4a6fb74d5d6e6dbd9,,0.75,Gordon Jackson,52,Answer:,"['Gordon Jackson (disambiguation)' 'GORDON JACKSON' 'Gordon Jackson'
 'Jackson, Gordon']",en,triviaqa,9854,
triviaqa,614dd2c2c4e48d4c43353365dd69245e1a34d4e664437f4b,,0.75,Rum,52,Answer:,"['Spiced Rum' 'Spiced rum' 'Rum' 'Gunpowder Rum' 'Rum (beverage)'
 'White rum' 'Jamaica Spirits' 'Caña blanca' 'Dark rum' 'White Rum'
 'Cuban rum' 'Jamaica Spirit' 'Gold rum' 'Cane spirit' 'Light rum'
 'Black rum' 'Rude rum' 'Hard rum' 'Overproof rum' 'Coconut rum']",en,triviaqa,13606,
triviaqa,61dd0325b82ea97a7b6700acf7f12662ddfaa88d785c9a31,,0.75,River Trent,52,Answer:,['Trent' 'Trent (disambiguation)' 'TRENT'],en,triviaqa,3876,
triviaqa,cc3f3d0344e981902a53fb52b6b42c42817a14bdb54ca5ef,,0.75,Dog,52,Answer:,"['Domestic dogs' 'Female dogs' 'Canis familiaris' 'Canis Familaris'
 'Canis familiaris domesticus' 'Dogs (Animals)' '🐕' 'She dog' 'She-dog'
 'Dogs' 'Doggy' 'Canis familiarus domesticus' 'Domestic dog'
 'Dogs as pets' 'Dog (pet)' 'Dog (Domestic)' 'Pet dog' 'She dogs'
 'Canis lupus familiaris' 'Canine lupus' 'Dog hood' 'Shedog' '🐶'
 'The domestic dog clade' 'A dog' 'Canis domesticus' 'Dogs as our pets'
 'Canis Canis' 'Domestic Dog' 'Canis Lupus Familiaris' 'Doggie' 'Dog'
 'C.l. familiaris' 'Doggies' ""A man's best friend"" 'Doghood' 'Shedogs'
 'Bitch (female dog)' 'She-dogs' 'Dogness' 'Bitch (dog)' 'Female dog'
 'C. l. familiaris' 'Shelter dog']",en,triviaqa,2262,
triviaqa,7a93a2c005e6b24d8c89f164c516292523b5476c828dcced,,0.75,Dakota,52,Answer:,['Dakota' 'Dakota (disambiguation)' 'DakotaS'],en,triviaqa,9032,
triviaqa,f349620f4bd4154efd844c9c314d33c680a8b4dd4ac6303f,,0.75,"
Scotch Bonnet Chilli Pepper",52,Answer:,"['Chili Pepper' 'Red Chili' 'Hot peppers' 'Red chile' 'Red chili'
 'Chili (capsicum)' 'Chili Peppers' 'Chili pepper' 'Chilli pepper'
 'Chillies' 'Chilli (pepper)' 'Chile peppers' '🌶' 'Chili peppers'
 'Hot pepper' 'Chilli' 'Green chilies' 'Dahon ng sili' 'Red chillies'
 'Chilli peppers' 'Chile pepper' 'Chilly pepper' 'Green chile'
 'Green chillies' 'Red Chillies' 'Gochoo' 'Chile (capsicum)' 'Green chili']",en,triviaqa,7836,
triviaqa,997402fd8177e5799d4855fa3d8be5f81366006f64de4db6,,0.75,"
Basketball",52,Answer:,"['Basketball' 'Basketball gear' 'Bball' ""Boy's Basketball"" 'B Ball'
 'Shoot hoops' 'Basketball parity worldwide' ""Men's Basketball""
 'High school basketball' 'Basketball Worldwide' 'Basketball club'
 'B-ball' 'Basket-ball' 'Basketball team' '🏀' 'Basketball rim'
 'Basketballer' 'Rim (basketball)' 'Basket ball' 'Basketball net'
 'Baksetball' 'Basketball player' 'Basket-Ball' ""Women's hoops""
 ""Men's basketball"" 'BasketBall' 'Basketball Parity Worldwide'
 'Basket Ball' 'Baketball' 'Basketball Player' 'B ball'
 'Unicycle basketball']",en,triviaqa,2398,
triviaqa,4fb8758ef61482e37d00a79376cc99b31c8c80b1020f5aa9,,0.75,Charlton Heston,52,Answer:,"['Holly Heston Rochell' 'John Charles Carter' 'Charleton Heston'
 'Charleston Heston' 'Holly Rochell' 'Chuck Heston' 'Heston, Charlton'
 'Carlton Heston' 'Holly Heston' 'Charlton heston' 'Charlton Heston']",en,triviaqa,11787,
triviaqa,7477cce4e63c5782f5696469687bc0d8be9ca1b57a1a8274,,0.75,Arlene Phillips,52,Answer:,['Arlene Philips' 'Arlene Phillips'],en,triviaqa,4835,
triviaqa,bd8d4b03fbbe4065a646b560f2779f3ed36a6d531ebf9181,,0.75,Follis,52,Answer:,['Denarius' 'Dinarius' 'Denarii' '𐆖'],en,triviaqa,9122,
triviaqa,e12e382762b2f04c141b620a8ebca521a59d9b087216a0c9,,0.75,Wanderers,52,Answer:,"['The Wanderer' 'Wanderer (disambiguation)' 'The Wanderer (album)'
 'Wanderer' 'Wanderer (album)' 'The Wanderer (song)' 'Wanderers'
 'The Wanderer (disambiguation)' 'WANDERERS' 'The wanderers'
 'The Wanderers' 'The Wanderer (novel)' 'The Wanderers (novel)']",en,triviaqa,15481,
triviaqa,8996a6cf865c00e14828f00b9f1628e98fa4fe29aa51519d,,0.75,George III,52,Answer:,"['George III, King of Great Britain and Ireland' 'King george the 3rd'
 'George iii' 'George III, King of Great Britain' 'Farmer George'
 'George III of Corsica' 'GEORGE III' 'King George 3' 'King George III'
 'George III of England' 'George iii of the united kingdom' 'George III'
 'George III of Great Britain' 'George III of Scotland'
 'King George III of the United Kingdom'
 'George III of Great Britain and Ireland' 'George III of Hanover'
 'King George III of Great Britain' 'George the Third'
 'George III of Britain' 'George III of the United Kingdom'
 'George III of the UK' 'George III Guelph' 'Mad King George'
 'List of titles and honours of King George III'
 'George William Frederick'
 'George III %22the Mad%22 of the United Kingdom'
 'King George 3 of the United Kingdom' 'George Iii']",en,triviaqa,1145,
triviaqa,d66ff6f451adf1f6a0b857c0252dc081f0aab171d8d28151,,0.75,Jackson Pollock,52,Answer:,"['Paul Jackson Pollock' 'Pollock, Jackson' 'Number 1 (painting)'
 'Jack the Dripper' 'Lavender Mist' 'Jackson pollock' 'Jackson Polluck'
 'Jackson Pollock' 'Jackson Pollack' 'One: Number 31'
 'Number 1 (Jackson Pollock)' 'Pollockian']",en,triviaqa,15370,
triviaqa,e8ee92ef3ce909dc1f4c0f44e6ad315e33ee06470a95cb7d,,0.75,"
Acre",52,Answer:,"['English inch' 'Inch (unit)' 'International inch' 'Decimal inch'
 'U.S. survey inch' 'Inches' 'Ynch' '㏌' 'Scottish inch' 'Decimal Inch'
 'Inch (Scottish length)' 'Inch' 'Inch (length)' 'Inch (Scots)'
 'Scots inch' 'In (unit)']",en,triviaqa,14340,
triviaqa,9db8d568e23c49da19f66f2522e1fd988c88cb485bd303fd,,0.75,Dubonnet,52,Answer:,"['Dubonnet' 'DuBonnet' ""Queen Elizabeth's favourite drink""]",en,triviaqa,8305,
triviaqa,09d36a759ca23f36ea128f785b110faf407c8011179338e3,,0.75,Vitamin K,52,Answer:,"['Vitamin k 2' 'Vitamin-K' 'Vitamin K4' 'Vitamin k' 'Vit K' 'Vitamin K'
 'List of foods containing Vitamin K']",en,triviaqa,5837,
triviaqa,1e0b36696772bb993b9a111bf51fc057294f186e4a7dd336,,0.75,Max Bygraves,52,Answer:,['Max Bygraves'],en,triviaqa,5264,
triviaqa,9f224d325cccb3539a2510fa7ef49e50a274e2a45b24fede,,0.75,DR. FINLAY,52,Answer:,"['Dr Finlay' 'Dr. Finlay' ""Dr Findlay's Casebook"" ""Dr Finlay's Casebook""
 ""Dr. Finlay's Casebook""]",en,triviaqa,2522,
triviaqa,e4024f7ae5a3052684af81c3c3e729f1958f1163764c5193,,0.75,0,52,Answer:,['four' '4'],en,triviaqa,4642,
triviaqa,1f273fc7790ace52010907475860f709f29586961abf7abc,,0.75,Augustus,52,Answer:,"['GAIVS•IVLIVS•CAESAR•OCTAVIANVS' 'Julius Caesar Octavianus'
 'Gaius Julius Caesar Octavianus' 'GAIVS*IVLIVS*CAESAR*OCTAVIANVS'
 'Ceasar Augustus' 'Gaius Octavius Thurinus' 'Augustus Octavian Caesar'
 'Octavious' 'Agustus' 'Augustus' 'Octavian Caesar' 'Caesar Octavian'
 'IMPERATOR•CAESAR•DIVI•FILIVS•AVGVSTVS' 'Avgvstvs' 'Octavianus'
 'Octavian Augustus' 'Augustus Ceasar' 'Augusts Caesar'
 'Coinage reform of Augustus' 'Augustus Caesar' 'Emperor Augustus'
 'Emperor Augustus of Rome' 'Gaius Julius Caesar Augustus'
 'IMPERATOR*CAESAR*DIVI*FILIVS*AVGVSTVS' 'Octavius Caesar'
 'Roman Emperor Augustus' 'Augustus, Emperor of Rome' 'Octavius'
 'Octavian' 'Gaius Julius Caesar Octavanius Augustus' 'Augustan reform'
 'Caesar Octavianus' 'Gaius Octavius Augustus' 'Octavianus Augustus'
 'Cæsar Augustus' 'Octavian Augustus Caesar' 'Caesar Augustus']",en,triviaqa,9607,
triviaqa,f285e6f7d771f41a93020a08f2f6427d56cae7aead2d00e0,,0.75,John Glenn,52,Answer:,"['John Herschel Glenn' 'John Glenn, Jr.' 'John H. Glenn'
 'John H. Glenn Jr.' 'John Glrnn' 'John Glenn' 'John Glenn Junior'
 'J H Glenn' 'John Herschel Glenn Jr.' 'John Herschel Glenn, Jr.'
 'Glenn, Jr., John Herschell' 'John Herschell Glenn, Jr.'
 'John H. Glenn, Jr.']",en,triviaqa,7858,
triviaqa,ff9c57b3d61c17500a428c56efc3f2b38cf67901938d663d,,0.75,Alloway,52,Answer:,['Allmhaigh' 'Alloway'],en,triviaqa,6329,
triviaqa,23c409527f26b4163fd9cdece1156db7aed7a606dd6ae26b,,0.75,Marni Nixon,52,Answer:,['Marnie Nixon' 'Marni Nixon'],en,triviaqa,10826,
triviaqa,52ec6c4c5fac20726f788c8aeaa11b705af86d4b244b47e2,,0.75,James Hogg,52,Answer:,"['Ettrick shepherd' 'The ettrick shepherd' 'The Ettrick Shepherd'
 'James Hogg']",en,triviaqa,9732,
triviaqa,f09a263c3f20b360abf11e0b885596151d8ba21dc2128bfc,,0.75,"
Albert Einstein",52,Answer:,"['Albert Enstien' 'A Tribute to Einstein' 'ALBERT EINSTEIN'
 'Albert Einstien' 'Einstein (physicist)' 'Einsetein' 'Albert Einstin'
 'Einstien' 'Albert Eienstein' 'Albert Einstein' 'Einstein, Albert'
 'Albert Enstein' 'Einsteinian' 'Alber Enstien' ""Albert Einstein's""
 'Einstein' 'Einstien, Albert' 'A. Einstein' 'Al Einstein'
 'Albert einstein' 'Alber Einstein']",en,triviaqa,8391,
triviaqa,48eecd282ea1caad90288fc989dcf396596312e7b0f0558a,,0.75,China,52,Answer:,"[""Chinese People's Republic"" 'China (Peking)' 'The prc' 'Socialist China'
 'Chinese PR' 'PRoC' 'PRC' ""China's"" 'P. R. of China'
 ""People's Republic Of China"" ""The People's Republic of China"" 'China'
 'Territorial disputes of China' 'China PRC' ""People's repuublic of china""
 'China (PRC)' ""China (People's Republic)""
 ""People's Republic of China (Mainland China)""
 'Zhonghua Renmin Gonghe Guo' ""People' Republic of China"" 'Prc'
 ""People's republic of china"" ""People' s Republic of China""
 'P.R. of China' ""China, People's Republic of"" 'Chung-Kuo' 'P.R.C.'
 ""The people's republic of china"" 'Zhong Guo' 'Peoples republic of China'
 'Red China (modern)' 'Chung-kuo' 'The PRC' 'Zhonghuarenmingongheguo'
 'State of China' 'Zhonghuá rénmín gònghéguó' '中国'
 'Peoples republic of china' 'P.R.China' ""People's Republic or China""
 'Zhonghua Renmin Gongheguo' ""China, the People's Republic of""
 'Nation of China' 'People’s Republic of China' 'China, PRC'
 'Zhōnghuá Rénmín Gònghéguó' 'Modern day China'
 'Peoples Republic of China' 'PROC' '中华' 'Chaina' 'Zhongguo'
 'Homes in china' ""People's republic of China"" 'Zhōngguó' 'Sinic'
 'China PR' 'PRC (China)' '中國' 'Jhongguó' 'Red Chinese'
 ""(The People's Republic of) China"" 'The People’s Republic of China'
 'China (Republic : 1949- )' 'CHINA' ""China People's Republic"" 'Pr china'
 'P.r. of china' 'Chungkuo' 'ISO 3166-1:CN' 'Land of China'
 'Zhonghua renmin gongheguo' 'P.R. China' 'Zhongguó' '中华人民共和国' 'PRChina'
 '中華' 'PR of China' '中華人民共和國' 'Pr of c' 'Cihna' 'Communist China (modern)'
 'P. R. China' ""People's Republic of China (PRC)""
 ""Peoples' Republic of China"" 'The Peoples Republic of China'
 ""People's Republic of China"" 'Pr of china' 'PR China' 'P.R. of CHINA']",en,triviaqa,7199,
triviaqa,88a45fb52808bf7995734def4f87b88e4aeb306697664066,,0.75,Emerald,52,Answer:,"['Synthetic emerald' 'Emerald' 'Emeralds' 'Trapiche emerald' 'Smaragdos'
 'The Emerald Streak']",en,triviaqa,7926,
triviaqa,7f79b578bbf2be26a0023ff22e53155b1255029dcd6cf3b2,,0.75,Breakfast at Tiffany's,52,Answer:,"['Breakfast At Tiffanys' 'Breakfast at Tiffanies' 'Breakfast at Tiffany’s'
 'Breakfast at Tiffany' ""Breakfast At Tiffany'S"" ""Breakfast at tiffany's""
 ""Breakfast at Tiffany's (disambiguation)"" ""Breakfast at Tiffany's""
 ""Breakfast At Tiffany's"" 'Breakfast at Tiffanys']",en,triviaqa,4796,
triviaqa,35f27fbf447412c8d3d2e335ce07606e3df252f168c73209,,0.75,Jimi Hendrix,52,Answer:,"['Hendrix' 'Lithofayne Pridgeon' 'Jimi hendrix'
 'Early life of jimi hendrix' 'Villanova Junction'
 'James Marshall Hendrix' 'Jimmi Hendrix' 'Jimy Hendrix'
 'Johnny Allen Hendrix' 'Jimmy hendrix' 'Jimmy Hendricks'
 'Gypsy Sun and Rainbows' 'Jimmy Hendrix' 'Electric Church'
 'Janie Hendrix' 'Early life of Jimi Hendrix' 'Heaven Research'
 'Jim Hendrix' 'Al Hendrix' 'Gypsy Suns and Rainbows' 'James Hendrix'
 'Jimi Hendrix']",en,triviaqa,11294,
triviaqa,1257e4a216d232d4051b8ca4d7bf110f7d88bb52927d9e91,,0.75,Archery,52,Answer:,"['ARCHERY' 'Toxophilite' 'National Archery in the Schools Program'
 'Primitive archery' 'Endong' 'Archer (comics)' 'Toxopholite' 'The Archer'
 'Paralympic archery' 'Primitive Archery' 'Archery' 'Archers' 'Archeress'
 'Bowmen' 'Archer' 'Bowmanship' 'The archer'
 'The Archers (disambiguation)' 'Archery range' 'Anchor Point (archery)'
 'Para-archery' 'Indoor archery' 'Toxophily' 'Archerie' 'Butt shooting'
 'National archery in the schools program' 'Paralympic Archery'
 'Villavar Tamils']",en,triviaqa,1815,
triviaqa,08191ea52b1d95476280f937029cfdd38e0284487676be34,,0.75,Bassoon,52,Answer:,"['Basoon' 'Bassoonist' 'Bassoon' 'French bassoon' 'Buffet system'
 'BASSOON' 'Fagott' 'Bassoons' 'Fagotto' 'Pancake key (bassoon)'
 'Heckel system' 'Basoonist' 'Baßoon' 'Fagotte']",en,triviaqa,14082,
triviaqa,36dbedfcfff9cf25756ef5722c15ee174563a56adcba7770,,0.75,Apple,52,Answer:,"['Apple Blossom' 'Appleblossom' 'Green Apples' 'Malus domesticus'
 'Appleblossoms' 'Culture of apple' 'Malus domestica' 'Apple blossom'
 'Apple/Nutritional information' 'Nutritional information about the apple'
 'Apple production' 'Apple-blossoms' 'Apple blossoms' 'Apple peel'
 'An apple a day' 'Apple (fruit)' 'Apple trees' 'Malus pumila'
 'Malus communis' 'Pyrus malus' 'Apple tree' '🍏' '🍎' 'Apple Popularity'
 'Apples' 'Dried apple' 'سێو' 'Apple (Fruit)' 'Green Apple' 'Apple-tree'
 'Green apples' 'Apple' 'Apples and teachers' 'Aplle' 'Apple-blossom'
 'Apple (tree)']",en,triviaqa,8210,
triviaqa,683491d13d7e217dddecef6d6458f39706399068a80159b5,,0.75,Buddy Holly,52,Answer:,"['Charles Hardin Holley' 'Charles Holley' 'Holly, Buddy'
 'Buddy Holly: A Rock and Roll Collection' 'Buddy Holly & the Crickets'
 'Buddy holly' 'Charles Hardin Helley' 'Buddie Hollie' 'Buddy Hollie'
 'Buddy Holly: A Rock & Roll Collection' 'Holly Buddy'
 'Charles Hardin Holly' 'Buddy Holly & The Crickets' 'Buddy Holley'
 'Buddy holly (singer)' 'Buddy Holly' 'Charles Holly' 'Charles H. Holley'
 'Charles Harden' 'Buddie Holly' 'Buddy Holly and the Crickets']",en,triviaqa,8924,
triviaqa,e8d85ea67e38e0d56c3dc0199fe43dad679d72292491249c,,0.75,Nowhere Boy,52,Answer:,"[""'NOWHERE BOY'"" 'Nowhere Boy']",en,triviaqa,12187,
triviaqa,7cd98589d3258d7092dca6d3e6d28e56f7a10f2fe06810c4,,0.75,Martin Austin Ruane,52,Answer:,"['Loch Ness (wrestler)' 'Martin Ruane' 'Giant Haystacks' 'Giant Haystack'
 'The Loch Ness Monster (wrestler)']",en,triviaqa,9614,
triviaqa,43685bc8cc3a8130145610c0841816de3d874dea513bab88,,0.75,"
A Streetcar Named Desire",52,Answer:,"['A Streetcar named Desire' 'A streetcar called desire'
 'Streetcar Named Desire' 'A Streetcar Named Desire'
 'A Street car named desire' 'A Streetcar Named Desire (film)'
 'A Streetcar Named Desire (disambiguation)' 'A STREETCAR NAMED DESIRE'
 'Street Car Named Desire']",en,triviaqa,6438,
triviaqa,7bbb074723b4b60b9470f8e9d4d82c365ba86f31eca292e6,,0.75,John Warner,52,Answer:,['Richard Burton' 'Richard Walter Jenkins' 'Richard Burton (actor)'],en,triviaqa,4817,
triviaqa,0bdab8d64ecb835308138ca4b77ae7b7bd0cc0359c344ae3,,0.75,"
Johannesburg",52,Answer:,"['Joberg' 'Johannesburg' 'Johannasberg' 'Johannesburg, Southafrica'
 'Johannes-burg' ""Johannesb'g"" 'JOHANNESBURG' 'Yohannesburg'
 'Johannesburg, South Africa' 'EGoli' 'Johannesbourg' 'Jhb' 'Johansberg'
 'Johannesburg, Gauteng' ""Jo'Bourg"" 'Johannesburg Civic Theatre' 'Jozi'
 'Johannesburg, Transvaal' 'Johannesgurg' 'Joburg' 'Johanessburg'
 'Visitor attractions in Johannesburg' ""Jo'burg"" 'UN/LOCODE:ZAJNB'
 'Johanesburg']",en,triviaqa,12743,
triviaqa,f7ddb0b337bd11fbd252911d5ac124b0f2243b7d599e8ccf,,0.75,"1984, 1989, 2004 (bonus points: 1989, 2004)",52,Answer:,"['1984' 'one thousand, nine hundred and eighty-four']",en,triviaqa,15148,
triviaqa,99ec5bf16cc7ececd816ee3acb8cb07be56e6a95f1b1f111,,0.75,Daphne du Maurier,52,Answer:,"['Lady Browning' 'Daphne Du Maurier' 'Daphne de Maurier'
 'Daphne du Maurier' 'Du Maurier, Daphne' 'Dame Daphne du Maurier'
 'Daphne du maurier' 'DAPHNE DU MAURIER' 'Daphne Dumaurier'
 'Dame Daphne Du Maurier' 'Dame Daphne du Maurier, Lady Browning DBE'
 'Dame Daphne du Maurier, Lady Browning']",en,triviaqa,8183,
triviaqa,d9993993a543f83b052c9db2ad6639eb12802f0c081cd753,,0.75,Newbury,52,Answer:,['Newbury' 'Newbury (disambiguation)'],en,triviaqa,1506,
triviaqa,b39d599d6159eb68a8c2bb5c37ff808ba865983075f05926,,0.75,"
Bankside power station",52,Answer:,"['Bankside Power Station' 'Bankside Power station'
 '(Bankside) Power Station']",en,triviaqa,5435,
triviaqa,841c3d3b4614834fdd2093042d64ceda538a83fbd2ef206e,,0.75,Tomatoes,52,Answer:,"['Tomato' 'Solanum lycopersicum' 'Tomat' 'Lycopersicum esculentum'
 'Common tomato' 'Tomato varieties' 'Hot House tomato' 'Tomatoes'
 'Poma amoris' 'Tomatos' 'Lycopersicum lycopersicum' 'Tomatoe' 'Gogonele'
 'Tomahto' 'Lycopersicon lycopersicum' 'Tomatto' 'Domates'
 'Green tomatoes' '🍅' 'Tomattoe' 'Green tomato' 'Tamatar' 'Potato potato'
 'Lycopersicon esculentum' 'Jitomate' 'Tamator' 'Hot House tomatoes'
 'Tomattoes' 'Love-apple' 'Tamato' 'Tomato plant' 'Love Apple'
 'Lycopersicum' 'Tomattos']",en,triviaqa,5722,
triviaqa,d6b9e82e303b1a66609c967bdd1afb0b12afd18642788e18,,0.75,Gary Sparrow,52,Answer:,"['Phoebe Sparrow' 'Gary sparrow' 'Donald Bamford' 'Gary Sparrow'
 'Phoebe Bamford' 'List of Goodnight Sweetheart characters' 'Reg Deadman'
 'Ron Wheatcroft' 'Yvonne Sparrow']",en,triviaqa,7098,
triviaqa,acd34a9285bed314c34c99343abb8ff59bc88448d9ebd77d,,0.75,Muriel Spark,52,Answer:,"['Muriel Sarah Maud Spark' 'Muriel Camberg' 'Camberg' 'Muriel Sarah Spark'
 'Muriel Sarah Camberg' 'Dame Muriel Spark' 'MURIEL SPARK' 'Muriel Spark']",en,triviaqa,10511,
triviaqa,9f08297041c2ec050e1dd51d1fe8af8289bd24c46443c26b,,0.75,"Salto Angel (Salto Churún Merú)
Height: 979 m
Country: Venezuela
Location: Canaima National park
River: Gauja (Rio Gauya), tributary of Rio Ch",52,Answer:,"['Kerepakupai-Merú' 'Kerepakupai Merú' 'Salto Ángel' 'Kerepakupai-merú'
 'Kerepakupai-Meru' 'Churun Merú' 'Highest Waterfall' 'Kerepakupai Meru'
 'Kerepakupai merú' 'Parakupa-vena' 'Kerepakupai meru' ""Devil's mouth""
 'Kerepakupai-meru' 'The Angel Falls' 'Angel falls' 'Salto Angel'
 'Angel Falls']",en,triviaqa,7850,
triviaqa,b984db95835b09721426c4e0dbaeb7d41d4417236dc2a9c8,,0.75,Yahoo!,52,Answer:,"['Yahoo! Education' 'Yahoo Traffic Server' 'Yahoo.cm' 'Yahoo. com'
 'Yahoo Inc.' 'Yahoo! Developer Network' 'Yahoo logos' 'Yahoo! Shine'
 'Yahoo inc' 'Yahoo! Inc' 'Yahooo' 'Yahoo! UK & Ireland' 'Yahho' 'Myyahoo'
 'YHOO' 'Yaoo' 'Yahoo Local' 'Yahoo, Inc.' 'Yahoocom'
 'Yahoo Contributor Network' 'Maven Networks' 'Yahoo! board of directors'
 'Y !' 'One Search' 'Yahoo TV' 'Yahoo! Inc.' 'Www.yahoo.com'
 'Yahoo! Screens' 'Yaho' 'Yahoo Shopping' 'Uk.yahoo.com' 'Yahoo! services'
 'Yahoo' 'Yahoo com' 'Yahoo logo' 'Yahoo! Canada' 'OneSearch'
 'Yahoo! Real Estate' 'Yhoo' 'YAHOO!' 'Yahoo Mobile' 'Yahoo.com'
 'Yahoo! Broadcast' 'Yahoo.con' 'Yahoo Real Estate' 'Yahoo!.com'
 'Yahoo Advertising' 'Yahoo! Lifestyle' 'Yahoo ceo' 'Yahoo!, Inc.'
 'Yahoo1' 'Yahoo.' 'List of Yahoo! Services' 'Yahoo Visa' 'Yahoo Shine'
 'Yahoo! logo' 'Yahoo! Hong Kong' 'Yahoo! HK' 'AS10310'
 'Yahoo! Advertising' 'Yahoo! Homes' 'Yahoo.net' 'Yahoo!' 'Yahoo! TV'
 'Yahoo! Local' 'Yahoo.om' 'Yahoo! Web Analytics' 'Yahoo! Schweiz'
 'Yahoo.c' 'Yahoo! Incorporated' 'Y!' 'Yahoo! logos' 'Yahoo india.com'
 'YAHOO' 'Yahooom' ""Jerry's Guide to the World Wide Web"" 'Yahoo.org'
 'Yahoo! Shopping' 'Net Controls' 'Yahoo Store' 'Maven Networks, Inc.'
 'Yahoo Gallery' 'Yahoo! Europe' 'Www yahoo com']",en,triviaqa,1271,
triviaqa,a88d0b62ef9bb4ea0f4f99a18db0cb27f83cba1f63fb2f76,,0.75,"
Fruit and vegetables",52,Answer:,"['Fruiting' 'Friut' 'Fruiting Shrubs' 'Prutas' 'Bacca' 'Nutritious fruits'
 'Simple fruit' 'Culture of fruits' 'Fruits' 'Fleshy fruit' 'Seed pod'
 'Pod types' 'Fruit' 'Fruity']",en,triviaqa,2426,
triviaqa,27a7b5a3b2d0887d3eb39709256e6bcb841c012cbda62077,,0.75,Prosimians,52,Answer:,"['Lemuroid' 'Lemuriens' 'LEMURS' 'Lemur' 'Lemuroidea' 'Lemurs'
 'Lemurs of Madagascar']",en,triviaqa,9471,
triviaqa,e6b07a5ea39b53a12c983ca3b505458e7bb7059930b8f3ce,,0.75,Jasper Fforde,52,Answer:,['The Last Great Tortoise Race' 'Jasper Fforde'],en,triviaqa,13534,
triviaqa,8a4f911ae61d123b4903895b1b8c35adbaaaea2cc5e07058,,0.75,Spain,52,Answer:,"['Islands of Spain' 'España' 'Reino de España' 'Name of Spain' 'Espagna'
 'Espańa' 'Reino de Espana' 'Espana' 'Kingdom of the Spains'
 'The Spanish Society' 'Espainia' 'Mountains of Spain' ""Regne d'Espanya""
 'The kingdom of Spain' 'SPAIN' ""Regne d'Espanha"" 'Espanya'
 'Espainiako Erresuma' 'Etymology of Spain' 'Spane' 'ISO 3166-1:ES'
 'Spain' 'Spanish Kingdom' 'Kingdom of Spain' 'El Reino de España'
 'El Reino de Espana']",en,triviaqa,9763,
triviaqa,a79b2353fd191d8d6cd0315ed2d853333767df5b804e2334,,0.75,"
whey",52,Answer:,"['Whey powder' 'Milk plasma' 'Whey cream' 'Acid whey' 'Whey Allergy'
 'Whey allergy' 'Lactoserum' 'Whey' 'Sweet whey' 'Milk permeate'
 'Sour whey']",en,triviaqa,6508,
triviaqa,4c5867c3fe46de2e5f11e5b04cdd45b1cc37104c25d62dce,,0.75,Steel,52,Answer:,"['Steel' 'Steel workers' 'Steel plate' 'Steel truss' 'Steelworker'
 'Steel (alloy)' 'Steel industry' 'STEEL' 'Steel (metal)' 'Steels'
 'Titanic steel' 'Steelworkers' 'Steel in Africa' 'Steel sheeting'
 'Crude steel' 'Steel worker' 'Unwrapped steel' 'Long steel products'
 'Steel Construction' 'Steel manufacture']",en,triviaqa,14656,
triviaqa,479484905f84b59a8459804f54db2315c0d136bde0260424,,0.75,Taiwan,52,Answer:,"['Zhonghua Minguo' 'Republic of China' 'Taiwan country' 'Tawian'
 'China, the Republic of' 'China (Taiwan)' 'Tai-Wan' 'Ilha formosa'
 'Chung-hua Min-kuo' 'Republic of China(Taiwan)' '臺灣'
 ""Ts'ai Tai-wan te Chung-hua Min-kuo"" 'Taioaan' 'R.O.C' 'Tâi-oân'
 'ISO 3166-1:TW' 'Tiawan' 'Taiwan, ROC' 'Min Guo' 'TAIWAN'
 'Taiwan (nation)' 'Republic of CHina' 'Free China (modern)'
 'Republic of China (R.O.C.)' 'Taiwan (country)' 'Jhong-hua Min-guo'
 'Taiwan Island' '台湾' 'JhongHua MinGuo' '台灣' 'Taioan'
 'Taiwan, Republic of China' 'Taïwan' 'Minguo' 'Chung-Hua Min-Kuo'
 'Chuka Minkoku' 'Republic Of China' 'Jhonghua Minguo' 'RoC' 'Tai-oan'
 'China (Republic of)' 'Republic of China/Taiwan' 'Taiwan (ROC)'
 'Republic of China (1945–71)' 'Chunghwa Minkuo' 'Zhōnghuá Mínguó'
 'Taiwan ROC' 'Taiwan Country' 'Chunghwa Republic' 'Republic China'
 'R China' 'R.o.China' 'Republic of China, Taiwan' 'Chunghwaminkuo'
 'Republic of china' 'Republic of China on Taiwan' 'Taiwan (state)'
 'China (ROC)' 'Republic of China (ROC)' 'Republic of China (Taiwan)'
 'Táiwān' 'RO China' 'The R.O.C.' 'Chūka Minkoku'
 'Taiwan (Republic of China)' 'China (Republic : 1949-)' 'TPKM'
 'China, Republic of (Taiwan)' 'ROC (China)' 'Tawan' 'Jhonghuá Mínguó'
 'Zhonghuá Mínguó' '中华民国' 'R.O. China' 'The Republic of China'
 'Chung Min Kuo' ""Zhōnghuá Mín'guó"" 'JhongHuá MínGuó'
 'Republic of China (1949–present)' '中華民國' ""T'aiwan"" 'Táiwan'
 'China, Republic of' 'Taiwan' 'Chunghua Minkuo']",en,triviaqa,5148,
triviaqa,22457dbffc15c77d0a1e81105bbb235069900d99ee11725f,,0.75,7,52,Answer:,['Seven' 'seven' '7'],en,triviaqa,9952,
triviaqa,ed8949d0e06372fcb0eb23d22e460850dea5c577f97a8935,,0.75,Auk,52,Answer:,"['Sea bird' 'Marine birds' 'Sea-bird' 'Marine bird' 'Seabirds' 'Sea birds'
 'Sea-birds' 'Sea-fowl' 'Seabird' 'Seafowl']",en,triviaqa,5301,
triviaqa,31f3da6d4b9c332d0558a5b84e70f68fc344f3c749e7c967,,0.75,"
The Owl and the Pussy-Cat",52,Answer:,"['The owl and the pussycat' 'The Owl And The Pussycat'
 'The Owl and the Pussy Cat' 'Owl and the Pussy Cat' 'Goatlyboatly'
 'Owl and the Pussycat' 'Goatly boatly' 'Owl and the pussycat'
 'The Owl and the Pussycat' 'The Owl and the Pussy-Cat']",en,triviaqa,10506,
triviaqa,9f857e5417b2c20803426cb00a0103bc38d7983b03daeade,,0.75,Mark Rothko,52,Answer:,"['Marcus Rothkovich' 'Rothko, Mark' 'Marcus Rothkowitz' 'Rothkowitz'
 'Rotko' 'MARK ROTHKO' 'Dedication to Rothko' 'Marks Rotko' 'Rothko'
 'Mark Rothkowitz' 'Mark Rothko']",en,triviaqa,10200,
triviaqa,f2c71478592e6ac503da9f5b6dac26caa0d746be47913209,,0.75,Muriel Spark,52,Answer:,"['Muriel Sarah Maud Spark' 'Muriel Camberg' 'Camberg' 'Muriel Sarah Spark'
 'Muriel Sarah Camberg' 'Dame Muriel Spark' 'Muriel Spark']",en,triviaqa,2258,
triviaqa,ce0a0ab8427317d08cbcb6f8e3c45e3f4c203613ade7f654,,0.75,Jake Lamotta,52,Answer:,['Jake La Motta' 'Jake LaMotta' 'Jake Lamotta'],en,triviaqa,2641,
triviaqa,1a917a17cd156e59b3eb1bb3ba04a16ae58e566d6555329e,,0.75,HM Chief Inspector of Prisons,52,Answer:,"['Chief inspector of prisons' ""Her Majesty's Inspectorate of Prisons""
 'Chief Inspector of Prisons' 'HM Inspector of Prisons'
 '(CHIEF) INSPECTOR OF PRISONS' ""Her Majesty's Chief Inspector of Prisons""
 'HM Inspectorate of Prisons']",en,triviaqa,12898,
triviaqa,ff57a9994b0e8ad808633d1cad415c6165025b08bb00d6cb,,0.75,ORIGAMI,52,Answer:,"['Oragami' 'Paper folding art' 'Paper Folding' 'Paper-folding'
 'Paperfolding' 'List of origami societies' 'Origami-bonsai' 'Origaming'
 '折紙' 'Origami' 'Origamy' 'Paper folding' '折り紙']",en,triviaqa,3353,
triviaqa,60abe33b118134872d84707dce259ae03ea1d4c488976321,,0.75,Arthur Ashe,52,Answer:,"['Arthur Ashe, Jr.' 'Arthur Robert Ashe, Jr.' 'Ashe, Arthur Robert'
 'Arthur ash' 'Arthur R. Ashe' 'Arthur R. Ashe, Jr.' 'Arthur ashe'
 'Arthur Ashe Jr.' 'Arthur (Robert) Ashe' 'Arthur Robert Ashe Jr.'
 'Arthur R Ashe' 'Arthur Robert Ashe, Jr' 'Arthur Robert Ashe'
 'Arthur Ashe' 'Arthur R. Ashe Jr.']",en,triviaqa,5174,
triviaqa,fb56d8983b841c1ea86292021609db4d422f0616a17159dd,,0.75,"Pangaea was a supercontinent that existed during the Mesozoic Era, while Gondwana was a supercontinent that existed during the Paleozoic Era. Both Pangaea and Gondwana were formed",52,Answer:,"['Continant' '7 continents' 'Continents' 'Continants'
 'Continental landform' 'Continental Landform' 'Seven Continents'
 'Five continents' 'List of Continents' '5 continents' 'Seven continents'
 'Six continents' 'List of continents' 'Sub-continent'
 'List of continents by area' 'Subcontinents' 'Continent' '6 continents']",en,triviaqa,8158,
triviaqa,58b59b646e77cd3b9f801823066bb18f1dcd94afae46f602,,0.75,White House,52,Answer:,"['White House' '202.456.1111' '1600 Pennsylvania Ave.'
 'White House solar panels' '@WhiteHouse' '202-456-1111' '20500'
 'White house tours' 'The Whitehouse' '+1.202.456.1111' 'Whiskey Hotel'
 'White Home' '+1.202-456-1111' '1600 Pennsylvania Avenue'
 'The WhiteHouse' 'United States White House' 'US White House'
 'White house' '1600 Pennsylvania' '1600 Pennsylvania Avenue NW'
 '1600 Pennsylvania Ave' 'The White House'
 'White House, District of Columbia' 'White House Complex'
 'THE WHITE HOUSE' '202-456-1414']",en,triviaqa,8987,
triviaqa,227352a28bef0f784302f1e7cdd187e8c06a4d48f8a76006,,0.75,Alexander Dubcek,52,Answer:,"['Alexander Dubcek' 'Aleksandr Dubcek' 'Alexander Dubček' 'Dubcek'
 'Alexander Dubchek' 'Alexander dubek' 'Dubček' 'Alexander Dubek']",en,triviaqa,2488,
triviaqa,7040aea54d4f2c64eeeebd9b0989f56551279e5a2cd1f362,,0.75,Hattie Jacques,52,Answer:,['Hattie jakes' 'Hattie Jacques' 'Josephine Edwina Jaques'],en,triviaqa,7091,
triviaqa,861fb104524152967b1ce96417797991d1affa57fedde283,,0.75,Gillian Gibbons,52,Answer:,"['Muhammad (teddy bear)' 'Teddy muhammad' 'Jillian Gibbons'
 'Gillian gibbons' 'GILLIAN GIBBONS' 'Gillian Gibbons' 'Teddy bear case'
 'Sara Khawad' 'Sudan teddy bear controversy' 'Muhammad teddy'
 'Teddy bear controversy' 'Sudanese teddy bear blasphemy case'
 'Muhammad teddy bear']",en,triviaqa,11625,
triviaqa,55a799feee5e5bbe02baf8edcbe4fe4ede28f32968b7bdba,,0.75,Manchester,52,Answer:,"['Manchester developments' 'Manchester (borough)' 'UN/LOCODE:GBMNC'
 'Manchester, Greater Manchester' 'Manchester, UK' 'Climate of Manchester'
 'City of Manchester' 'The weather in Manchester'
 'Manchester (city, England)' 'Machester' 'Drizzlechester' 'Mancs'
 'Manchester' 'Manchester, United Kingdom' 'Manchester (England)'
 'Metropolitan Borough of Manchester' 'Manchester, U.K.' 'Manchester (UK)'
 'England Manchester' 'Manchester, England' 'County Borough of Manchester']",en,triviaqa,6669,
triviaqa,e682ff961391ee6f1aaffb669de3f61c0bb25eba6a242bd2,,0.75,Tittle,52,Answer:,['Tittles' 'Tittle' 'A TITTLE' 'Jot and tittle' 'Jot or tittle'],en,triviaqa,11055,
triviaqa,a25fa84c3f93f3d803e7fd78a0cdd36bbf66b9d4a8432235,,0.75,Leeds,52,Answer:,"['Leeds, UK' ""St Margaret's Primary School, Horsforth""
 'ST Margarets Primary School' 'St Margarets Primary School'
 'St margarets school' 'City of leeds transport area'
 'The weather in Leeds' 'Leeds, Yorkshire' 'Knightsbridge of the North'
 'Shakespeare Primary School' 'Higher Education in Leeds' 'Leeds, England'
 'Leeds, West Yorkshire' 'Leeds' 'Leodis' 'LEEDS' 'Leeds – Bradford, UK'
 'Leodensian' 'UN/LOCODE:GBLBA']",en,triviaqa,13333,
triviaqa,e0a0f9802f67976f1f8adcf23935aa1ba7cc36709c823711,,0.75,Ann Dunham,52,Answer:,"['Stanley (TV series)' 'Stanley (company)' 'Stanley (disambiguation)'
 'Stanley (TV Show)' 'Stanley' 'Stanley (film)']",en,triviaqa,12947,
triviaqa,b898d69b9c5c53fc0369415bb86bea74d5bf76bb208395f8,,0.75,John Gorman,52,Answer:,"['John Gorman (disambiguation)' 'JOHN GORMAN' 'John Gorman' 'Gorman, John']",en,triviaqa,5566,
triviaqa,b86498129e7b548f4f4652218458137ad86636b95126a4a1,,0.75,"
Mushrooms",52,Answer:,"['Psychoactive mushroom' 'Bacidocarp' 'Macrofungi' 'Mushroom' 'Toadstools'
 'Mushroom Curry' 'Mushrooms' 'Psychoactive fungi' 'Toadstool'
 'Psychoactive fungus' 'Psychoactive mushrooms' 'Mushroom curry' '🍄'
 'Fungophobia']",en,triviaqa,10874,
triviaqa,62d78140a76d693deef36443f368bbe3743c757f1f29c764,,0.75,M61,52,Answer:,['M61' 'M61 (disambiguation)' 'M-61'],en,triviaqa,8784,
triviaqa,d75dbe192dd1d340b9f06c5cf5ddbb6124c16bf67f7f3d6d,,0.75,Isosceles Triangle,52,Answer:,"['Isosceles triangle' 'Isoceles' 'Isoceles triangle' 'Isosceles triange'
 'Isosceles']",en,triviaqa,12082,
triviaqa,0b96db37ad7998fe3829267d3b4963a8ff043520208058a8,,0.75,Saddle,52,Answer:,"['Saddle' 'Saddlemaker' 'Cantle' 'Pommel (saddle)' 'Saddle tree'
 'Saddlery and Harness' 'Knee roll']",en,triviaqa,12521,
triviaqa,25da093dbc421f8bbcdb3627f8a3194d0664d2b741319921,,0.75,Wilkins,52,Answer:,['Wilkin' 'Wilkins (disambiguation)' 'WILKINS' 'Wilkins'],en,triviaqa,13004,
triviaqa,c5cc2bc85dd26fa70df362abab09b127cba75890bd5a8a4a,,0.75,Octopussy,52,Answer:,"['Kamal kahn' 'List of Bond girls in Octopussy' 'Magda (James Bond)'
 'List of James Bond allies in Octopussy' 'Vijay (James Bond)' 'Bond 13'
 'Octopussy (character)' 'Penelope Smallbone' 'Octopussy' 'General Orlov'
 'Kamal Khan' 'Octopussy (film)'
 'List of James Bond villains in Octopussy' 'Jim Fanning (James Bond)']",en,triviaqa,11546,
triviaqa,c32400ef65e3246f97c43e0ce020a68493e1a239ce27e7e9,,0.75,"Niagara Falls, which is located on the border between the United States and Canada.",52,Answer:,"['Niagra Falls' 'Niagara Falls (N.Y. and Ont.)'
 'Roger Woodward (Niagara Falls)' 'Daredevils of Niagara Falls'
 'Over the Falls in a barrel' 'Niagra falls'
 'Niagara Falls Power Generation' 'Cataratas del Niagara' 'Niagara falls'
 'NiagaraFalls' 'Niagara Falls power generation' 'The Hell of Waters'
 'Over Niagara Falls' 'Cataratas del Niágara' 'Niagara Falls']",en,triviaqa,14936,
triviaqa,a77686c70ef3e88b2a9c9fd2b799c800840c3d59d2754321,,0.75,George Blake,52,Answer:,['GEORGE BLAKE' 'George Blake' 'Max de Vries'],en,triviaqa,13494,
triviaqa,90ec85c1807214267a8a819325ffa27c8e123c60a123eb63,,0.75,Independence Day,52,Answer:,"[""'INDEPENDENCE DAY'"" 'Independence day' 'Independence days'
 'عيد الاستقلال' 'Independance day' 'Independance Day'
 'The Independence Day' 'Independence Day'
 'Timeline of national foundings' 'List of independence days'
 'List of nations by Independence Day'
 'List of countries by Independence Day'
 'List of national independence days' 'Independents Day']",en,triviaqa,15536,
triviaqa,9e8d18c720b2f59eb8c08695e2374430fd24cc923b567faa,,0.75,Hovercraft,52,Answer:,"['Hoverbarge' 'Hovercrafts' 'Air-cushion vehicle' 'Ground-effect machine'
 'Ground effect machines' 'Air cushion vehicle' 'Air Cushion Vehicles'
 'Hovercraft' 'Hover barge' 'Ground effect machine' 'Air-Cushion Machine'
 'Air-Cushion Vehicle']",en,triviaqa,7650,
triviaqa,404478ecf4d73dfe61725792f3eefcbb73341b68df989af4,,0.75,William Holden,52,Answer:,"['William F. Holden' 'William Holden' 'William Holden (actor)'
 'William holden (actor)']",en,triviaqa,5247,
triviaqa,f460701fa6a56120cb3fbda21b2c5952f6cc6b91d598b3e7,,0.75,Alton Towers,52,Answer:,"['Haunted Hollow (Alton Towers)' 'Henry hound' 'The Blade (Alton Towers)'
 'Ug Land' 'Alton towers' 'Alton Towers' 'Alton Towers Resort' 'ATROL'
 'Nemesis, What Lies Beneath%3F' 'The marmaliser'
 'Alton Towers Resort Operations Limited' 'Alton Towers monorail']",en,triviaqa,11792,
triviaqa,f8095046bf68df4ae880082cfbaf15e913fcd4445be1bc02,,0.75,Florence,52,Answer:,"['UN/LOCODE:ITFLR' 'Folrenz' 'Firenze, Italy' 'פירנצה' 'Montughi'
 'Firenze' 'Gualfonda' 'FLORENCE' 'Florentine' 'Frorence'
 'Florence (Italy)' 'Florence' 'Florence, Italy']",en,triviaqa,8181,
triviaqa,921bb9f3be97114c00137cc8cd2d67f8fb2716441311e059,,0.75,"
Pentecost",52,Answer:,"['Pentecost Sunday' 'Pentekoste' 'Whitsun Tide' 'The fiftieth day'
 'Pentecost' 'Whit week' 'Whitsun Week' 'Feast of Pentecost'
 'Orthodox Pentecost' 'Whit sunday' 'Pentacost' 'Whitsontide'
 'Kneeling Prayer' 'Fiftieth day' 'The Decent of the holy spirit'
 'White Sunday (holy day)' 'Day of Pentecost' 'PENTECOST' 'Whitsonday'
 '%60Id-ul-%60Ansara' 'Πεντηκοστή' 'Qhythsontyd' 'Pentekostē'
 'Descent of the Holy Spirit' 'The Descent of the Holy Spirit']",en,triviaqa,2518,
triviaqa,cba83c70bf0e7e4ad50bf9e33c6da3112a47955236fd7fa6,,0.75,The Perfect Storm,52,Answer:,['Perfect storm (disambiguation)' 'The Perfect Storm' 'Perfect Storm'],en,triviaqa,11976,
triviaqa,2aeba4671224cfb9640f9bbd24b48b65fb670ec332dd3dd2,,0.75,Christ Church,52,Answer:,['Christ Church' 'Christ Church (disambiguation)'],en,triviaqa,3711,
triviaqa,56c19047272f3785a637e0b7692829391727d1ef1be1b8c0,,0.75,Curling,52,Answer:,"['Curling sheet' 'Curling' 'Chess on ice' 'Curling (sport)'
 'Button (curling)' 'Curling rock' 'Curling rink' 'Curling shoes'
 'Roaring game' 'The roaring game' 'Curling stone' 'Hammer (curling)'
 'Sweeping (sport)' 'Curling broom' 'Free guard zone' 'History of curling']",en,triviaqa,7701,
triviaqa,f2e1715e9c1f5fe162a994ac51fcbf17b37754de22e3953d,,0.75,Arthur Ransome,52,Answer:,"['Arthur Michell Ransome' 'Ransome, Arthur Michell' 'Arthur Ransome'
 'ARTHUR RANSOME']",en,triviaqa,8577,
triviaqa,92b45bf926e483ae707fc9f4601500fe045a2e63f691709a,,0.75,Maxwell,52,Answer:,['Maxwell' 'Maxwell (disambiguation)' 'MAXWELL'],en,triviaqa,11347,
triviaqa,b74a2400b06d8426b297e757dc5e91c9e981b40e54251577,,0.75,Syria,52,Answer:,"['الجمهورية العربية السورية' 'Amorrhitis' 'سوريا' 'Sport in Syria'
 'Syrian Arab Republic' 'Administrative divisions of Syria' 'Sūrīyah'
 'Arab Republic of Syria' 'Assad government' 'Assad regime'
 'Etymology of Syria' 'Subdivisions of Syria'
 'الجمهوريّة العربيّة السّوريّة' 'Sūriyā' 'ISO 3166-1:SY'
 'Assad Government' 'Syria' 'Northern Syria' 'Syrie' 'Syrien' 'Souria'
 'Sourie' 'Suriyah' 'Syrian (language)']",en,triviaqa,12264,
triviaqa,9d966e1db3908f69d9ba98b65b7250b71e851a1f1710623a,,0.75,Adrian Cronauer,52,Answer:,['Adrian' 'Adrián'],en,triviaqa,3071,
triviaqa,335faa3607a752e54d19653c46d4426af77d4c19d12fea34,,0.75,King Arthur's Round Table,52,Answer:,"['List of the Knights of the Round Table'
 'List of knights of the Round Table' 'The Round Table' 'Round Table'
 'Knights of the round table' 'The Knights of the Round Table'
 'Knight of the Round Table' 'Round Table (Camelot)'
 'List of Knights of the Round Table' 'Knights of the Round Table'
 'Winchester Round Table' 'Knights of the Round table'
 'Sir lancelot and the knights around the table'
 'Twelve Knights of the Round Table' 'Sir Mador de la Porte' 'Round table'
 'Mador de la Porte' 'Roundtable']",en,triviaqa,1412,
triviaqa,26d993ae0abdb00662c15d4f292d00e6e87b0667b51ecd46,,0.75,Khartoum,52,Answer:,"['Kartoum' 'Khartoum, SU' 'Al Kharţūm' 'Al-Khartoum, Sudan'
 'Khartoum (city)' 'Al-Kharṭūm' 'Khartoum' 'Capital of Sudan' 'Chartum'
 'Al Khartum' 'Khartum' 'Al Khurtum' 'Al-Khartum' 'Khartoum, Sudan'
 'El Khartum' 'Khartoum, The Sudan']",en,triviaqa,13654,
triviaqa,236a57d109fd7cfb0c0fc4727ea586f082e869b070a30735,,0.75,John Chilcot,52,Answer:,['John Chilcot' 'Sir John Chilcot'],en,triviaqa,11541,
triviaqa,5e0420073206a3200666273ef9fc27d94847a74c9d22d1ed,,0.75,Antoine Laurent Lavoisier,52,Answer:,"['Lavoisierian' 'Lavosier, Antoine' 'LAVOISIER' 'Laviosier'
 'Antoine de Lavoisier' 'The republic has no need for genius' 'Lavosier'
 'Antoine Lavoseir' 'AntoineLavoisier' 'Antoine Lavosier'
 'Antoine Laurent Lavoisier' 'Antoine Lavoisier'
 'Antoine-Laurent de Lavoisier' 'Antoine-Laurent Lavoisier'
 'Antoine-Laurent' 'Lavoisier' 'Lavoisier, Antoine-Laurent'
 'Antione Lavoisier' 'Antoine Laviosier' 'A. Lavoisier' 'De Lavoisier'
 'A.-L. Lavoisier' 'Antoine Laurent de Lavoisier'
 'The republic has no need for savants']",en,triviaqa,6644,
triviaqa,1ec409eaf83494bd911fab3428a6c9fcc5acafdc58edf307,,0.75,Papua New Guinea,52,Answer:,"['ISO 3166-1:PG' 'Papua Niu Gini' 'New Guinea Papua'
 'Independent State of Papua New Guinea' 'Health in Papua New Guinea'
 'Papa New Guinea' 'Papouasie-Nouvelle-Guinee' 'Papua-New-Guinea'
 'Independen Stet bilong Papua Niugini' 'Papua New Guinea'
 'Papua-new guinea' 'State of Papua New Guinea' 'Papua Niugini' 'Niugini'
 'Papa New Guinans' 'Environment of Papua New Guinea' 'PapuaNewGuineA'
 'Papua New Guinean' 'Papau New Guinea' 'Papa new guinea' 'Niu Gini'
 'Paupa New Guinea' 'East Papua' 'Pappa New Guinans' 'Pua pua new guniea'
 'Papua, New Guinea' 'Pappa New Guinea' 'The Papua New Guinea'
 'Papua new guinea' 'Papua-New Guinea' 'Papua New-Guinea' 'Papua NG']",en,triviaqa,4698,
triviaqa,01339127903dc68a1386c78f977ce22d74d0b21accdf8c2e,,0.75,Charlie Chan,52,Answer:,['Charlie Chan' 'Number One Son' 'Birmingham Brown' 'Charley Chan'],en,triviaqa,9673,
triviaqa,78decc37f1391f260593b8411bd721fc5b2c85650375f342,,0.75,"Huey, Dewey, Louie",52,Answer:,"['Huey, Dewey and Louie' 'Huey, Louie and Dewey' 'Huey , Dewey and Louie'
 'Huey, Dewey & Louie' 'Huey Duck' 'Huey, Duey and Louie' 'Louie Duck'
 ""Donald Duck's nephews"" 'Phooey Duck' 'Ripp, Rapp og Þorfinnur'
 'Huey, Dewey, and Louie' 'Huey dewey and louie' 'Huey Dewey and Louie'
 'Dewey Duck' 'Ripp, Rapp og Rupp' 'Huey, Dewey, & Louie'
 'Huey, Duey, and Louie' 'Huey, duey, and louie' 'Louis Duck'
 'Huey, Dewey and Louie filmography' 'Huey, Dewey, and Louie Duck'
 'Huey, Duey, and Louis' 'Ripp, Rapp og THorfinnur' 'Huey, Dewey'
 'Huebert Duck' 'Deuteronomy Duck' 'Huey dewie and louie'
 'Huey, Dewey and Louie Duck']",en,triviaqa,1742,
triviaqa,b032f0fd6a1f13d098df0c45c90617e8d442d13dfccadf65,,0.75,Shetland Islands,52,Answer:,"['Shetland lamb' 'Burnside, Shetland' 'Shetland Islands (council area)'
 'Shetlandshire' 'County of Shetland' 'Sand, Shetland Islands'
 'Shetland islands' 'Shetland (Scotland)'
 'Shetland (islands council area of Scotland)' 'Shetland, Scotland'
 'Shetland' 'Shetland Islands' 'County of Zetland' 'Shetland Isles'
 'Ȝetland' 'Hjaltland' 'Shetland Islands council area' 'Shetlanders'
 'Shetlands' 'Shetland Island' 'Shetland (council area)' 'Yetland'
 'Shetland Isles council area' 'Shetland’s']",en,triviaqa,11458,
triviaqa,68869082c8b6968287437f1fdee43ccf1a900be5c9f5b414,,0.75,Pauline Quirke,52,Answer:,['PAULINE QUIRKE' 'Pauline Quirke' 'Pauline Quirk'],en,triviaqa,14045,
triviaqa,868e2d4a1077705a5eb4fba78c32bcdd68fab1fe9b878ac0,,0.75,Rennet,52,Answer:,['Rennet.' 'Animal rennet' 'Emporase' 'Rennett' 'Rennets' 'Rennet'],en,triviaqa,6167,
triviaqa,e15d6d20a0bf91c5f344ba34b07596438b1a5ff23d191a79,,0.75,Gloucester Rugby,52,Answer:,"['Bnefica' 'Slbenfica' 'Grupo sport lisboa' 'Sport Lisboa' 'S. L. Benfica'
 'S.L.Benfica' 'Grupo sport benfica' 'Benfica Lisbon' 'Benfica Lisboa'
 'Benfica Lisbonne' 'SL Benfica Lisbon' 'S.L. Benfica Lisbon'
 'Sport Lisboa e Benfica' 'S l benfica' 'Benfiac' 'Sport lisboa'
 'S.L. Benfica' 'S L Benfica' 'Sl benfica' 'Grupo Sport Lisboa'
 'Benfica lisbon' 'Encarnados' 'S.l.benfica' 'SLBenfica' 'Benifca'
 'BENFICA' 'Sport Lisboa Benfica' 'S.L. Benfica - Futebol, S.A.D.'
 'Grupo Sport Benfica' 'Sport lisboa e benfica' 'Benfica Lissabon'
 'Benefica' 'Benfica' 'SL Benfica']",en,triviaqa,14732,
triviaqa,7fd54b4df7c2c6aa34ae4b05c6795684d4f80799df39f499,,0.75,Harrisburg,52,Answer:,"['Harrisburg (PA)' 'Harrisburg, PA' 'Harrisburg, Pennsylvania'
 'Memorial Middle School for Girls'
 '2011 Harrisburg Pennsylvania bankruptcy'
 'List of FM stations in Harrisburg'
 'Harrisburg High School (Pennsylvania)' 'Harrisburg FM Stations'
 'Harrisburg, Pennsylvania metropolitan area' 'Harrisburg, pa'
 'Harrisburg' 'Harrisburg,Pennsylvania' 'Harrisburg TV Stations'
 'List of newspapers in Harrisburg' 'List of TV stations in Harrisburg'
 'UN/LOCODE:USHAR' 'Harrisburg Newspapers' 'Harrisburg, Pa.'
 'Harrisburg, Penna.' 'Capital of Pennsylvania'
 'List of AM stations in Harrisburg']",en,triviaqa,2253,
triviaqa,e7b89cb37519972d1bfe1dc4e87c29372e85e3acb8e152f0,,0.75,Muhammad Ali,52,Answer:,"['Float like a butter fly sting like a bee' 'Louisville lip' 'Ali shuffle'
 'Float like a butterfly and sting like a bee'
 'Cassius Marcellus Clay Junior' 'Muhummad Ali' 'Maryum Ali' 'Cassius X'
 'Cassius Marcellus Clay, Junior' 'Louisville Lip' 'Muhammad Ali'
 'Muhammud Ali' ""Khalilah 'Belinda' Ali"" 'Cassius Clay Junior'
 'Float like a butterfly sting like a bee' 'Muhammad Ali (boxer)'
 'Cassius Marcellus Clay, Jr.' 'Sonji Roi' 'Ale Muhammad'
 'Cassius Marcellus Clay, Jr' 'Cassius Marcellus Clay Jr.'
 'Cassius Marcellus Clay (Muhammad Ali)' 'Cassius Clay, Junior'
 'Mohammed Alì' 'Cassius Marcellus Clay Jr' 'Muhamad Ali'
 'Yolanda Williams' 'I am the greatest!' 'Ali, Muhammad' 'Cassius Clay'
 'Muhammet ali' ""Yolanda 'Lonnie' Ali"" 'I am the greatest'
 'Cassius Clay, Jr.' 'Muhammed Ali' 'Cassius Clay Jr' 'Cassius clay'
 'Lonnie Ali' 'Cassius Clay, Jr' 'May May']",en,triviaqa,1796,
triviaqa,3294708883134d6db6cbaa85b59d1b6fc8d5e01da2550659,,0.75,John le Carré,52,Answer:,"['John le Carre' 'John Le Carr' 'John leCarré' 'John Le Carre'
 'John leCarre' 'John lecarre' 'Le Carre' 'Le carre' 'Le Carré'
 'John LeCarré' 'John Lecarre' 'David John Moore Cornwell' 'John Le Carré'
 'John le Carré' 'John LeCarre' 'John Lecarré']",en,triviaqa,3530,
triviaqa,f68e9d16249aee321a9b7d9ff837f01acf66e1b120b723d6,,0.75,Cambridge,52,Answer:,"['Cambridge, United Kingdom' 'Cambridge, UK' 'Cantabrigiae'
 'The weather in Cambridge' ""Christ's Piece"" 'Caergrawnt'
 'Cambridge, East Anglia' 'England Cambridge' 'UN/LOCODE:GBCMG'
 'Cambridge, Cambridgeshire' 'Cambridge (England)' 'Cambridge'
 'Park Street Church of England Primary School' 'Cambridge, England'
 'Grantabridge']",en,triviaqa,4660,
triviaqa,240c9a8140f1a2e144864ff85f0b9f2fc9dc5cb14d3da43b,,0.75,Charlie Chaplin,52,Answer:,"['Roy Export Company Establishment' 'Charlie Chaplain' 'Charlie Chaplan'
 'Charlie Chaplin' 'Charles chaplin' 'Charles Chaplin'
 'Charles Spencer Chaplin' 'CharlieChaplin' 'Sir Charles Spencer Chaplin'
 'Sir Charlie Chaplin' 'Sir Charles Chaplin' 'Chaplinian'
 'Charile Chaplin' 'Charlie chaplin']",en,triviaqa,6191,
triviaqa,51a3641d8fc6041a17c452d326ace9cb72c6c5bcb818c505,,0.75,Julian Fellowes,52,Answer:,"['Julian Fellowes, Baron Fellowes of West Stafford' 'JULIAN FELLOWES'
 'Julian Fellowes' 'The Lord Fellowes of West Stafford'
 'Baron Fellowes of West Stafford']",en,triviaqa,16415,
triviaqa,1fe1aa4c6f9ee5f892cf0b673fc292718bba7bbfd04ad364,,0.75,Kent,52,Answer:,['K249DR' 'KENT' 'KAZZ (AM)'],en,triviaqa,12667,
triviaqa,4cd73cbbba96a57aaf0105aabeb27e263f8730e1f828a6a9,,0.75,Underground Railroad,52,Answer:,"['National Underground Railroad Network to Freedom'
 'The Underground Railroad System' 'Underground Railway'
 'Underground railroad' 'The Underground Railroad' 'Underground Railroad'
 'UGRR' 'Conductor (underground railroad)']",en,triviaqa,13264,
triviaqa,1e27ca95eda7f56134419848ef414885bc605154326981dd,,0.75,"
Aldo Moro",52,Answer:,['Aldo Moro'],en,triviaqa,2125,
triviaqa,9a111c24a76a681180d6d1b5c21643f471fac26326b0c4e5,,0.75,South Africa,52,Answer:,"['South africa' ""South Africa's"" 'Southafrica'
 'Third Republic (South Africa)' 'Republiek van Suid-Afrika' ""Sou'frica""
 'Zuid Afrika' 'Zuid-Afrika' 'ISO 3166-1:ZA' 'South-African' 'S Africa'
 'Zuid Africa' 'Mzansi' 'Afrique du sud' 'Zuidafrika' 'Ningizimu Afrika'
 'Capital of South Africa' 'Suid-Afrika' 'South-Africa'
 'Rep. of SOUTH AFRICA' 'The Republic of South Africa' 'Suid Africa'
 'Azania/South Africa' 'S Afr' 'Saffa' 'South African' 'Seth efrika'
 'South Africa' 'Soufrica' 'Republic of south africa' 'South Africaà'
 'The Beloved Country' 'S. Africa' 'Rep. of South Africa' 'South Africans'
 'Republic of South Africa']",en,triviaqa,9517,
triviaqa,cc6d4492fc97d862a71db51944523d7ce842b4abf871f872,,0.75,Ronald Reagan,52,Answer:,"['President Regan' ""Ronald Reagan's Alzheimer's letter"" 'Ronald W Reagan'
 '40th President of the United States' 'Reagan' 'Reaganian'
 'Ronald Reagon' 'Reagen' 'Ronnie Reagan' 'Public image of Ronald Reagan'
 'Ronald Reagan presidential campaign, 1976' 'Ronald Reagan'
 'Reagan, Ronald' 'Reagan, Ronald Wilson' 'President Reagan'
 'Reagan (president)' 'Health of Ronald Reagan' 'President Ronald Reagan'
 'Ronald Reagan Centennial Commission Act' 'Ronald reagan' 'Reaganesque'
 'Reaganite' 'Ronald Raegen' 'Ronald regean' 'Ronald Wilson Reagan'
 'Ronald Regan' 'Ronald Reagan Centennial Commission' 'Dutch Reagan'
 'Ronaldus Magnus' 'Ronald Reagen'
 'Cultural and political image of Ronald Reagan' 'Ronal Reagan'
 'Reagan Ronald' 'Ronald Raegan' 'Ronald W. Reagan']",en,triviaqa,14158,
triviaqa,57fab83585b130bf0bdd910d400dbe9e8194ed6e140e7517,,0.75,Beetroots,52,Answer:,"['Beetroot' 'Beet Root' 'Beetroots' 'Red beet' 'Beets' 'Beet root'
 'Beet (vegetable)' 'Beet Juice' 'Garden beet' 'Beet' 'Beet juice'
 'Table beet' 'Beet leaves' 'Beet greens']",en,triviaqa,8200,
triviaqa,d253dc669a2a4bb2f5b2110c0eabddf755a8b47e31fa56ee,,0.75,Onions,52,Answer:,"['Onion skins' 'Allium angolense' 'Onion' 'Bulb onion' 'Allium nigritanum'
 'Onion fruit' 'Kaanda' 'Allium salota' 'Pyaz' 'Dry onion' 'Allium cepa'
 'Garden onion' 'Bulb onions' 'Allium aobanum' 'Onions' 'Onion set'
 'Spanish onion']",en,triviaqa,8488,
triviaqa,2472a66b740d2f99b1af1593f7ceefdd0741a0bd658d8dc3,,0.75,Harold Wilson,52,Answer:,"['A week is a long time in politics' 'Sir Harold Wilson'
 'Shadow Cabinet of Harold Wilson'
 'Harold Wilson, Baron Wilson of Rievaulx' 'James Harold Wilson'
 'First Shadow Cabinet of Harold Wilson' ""Harold Wilson's""
 'Wilson, Harold' 'James Harold Wilson, Baron Wilson of Rievaulx'
 'Harold Wilson' 'HAROLD WILSON' 'Baron Wilson of Rievaulx Wilson Harold'
 'Baron Wilson of Rievaulx' 'Shadow Cabinet of Harold Wilson I']",en,triviaqa,5506,
triviaqa,798a106d088e0bdef4e53e0c2c6461110288f735da342d54,,0.75,Hartford,52,Answer:,"['Hartford.' 'Hartford CT' 'Hartford, Connecticut'
 'City of Hartford, Connecticut' 'Hartford (Connecticut)'
 'Hartford Connecticut' 'Hartford, Conn.' 'Hartford, Ct.' 'Hartford ct'
 'Hartford, USA' 'Hartford, cn' 'Hartford' 'Hartford,CT' 'Hartford, CT'
 'Capital of Connecticut' 'Hartford, ct'
 'Hartford, Hartford County, Connecticut' 'Hartford, Ct' 'Hartford (CT)']",en,triviaqa,5423,
triviaqa,34f16de4e2d36a78ed8275cd89abab0a7ba95dfa0fa322b5,,0.75,James Woods,52,Answer:,"['James Woods filmography' 'James woods' 'James Woods (actor)'
 'James Woods']",en,triviaqa,9011,
triviaqa,5903aee0dcdbc196af2dfbb5cc6f46e44b13d22796b3cf39,,0.75,Madrid,52,Answer:,"['Madrid, Madrid' 'Madrilene' 'Mayrit' 'Madrileña' 'The weather in Madrid'
 'Madrileño' 'Madrid (Spain)' 'Madrid' 'Madrid, Spain' 'Madrilenian'
 'Madrid (city)' 'Capital of Spain' 'Madrid capital' 'Madrilena'
 'Madrid City' 'Madrid (City)' 'Madrid- Spain' 'UN/LOCODE:ESMAD'
 'Madrileno' 'Demographics of Madrid' 'City of Madrid']",en,triviaqa,6183,
triviaqa,bb9b255858484fad8d46a7b2b6c882cde3d604b656969bce,,0.75,My Fair Lady,52,Answer:,"['My Fair Lady (2010 film)' 'Enry Iggins' ""Why Can't the English%3F""
 'My Fair Lady' 'My Fair Lady (upcoming film)' 'My Fair Lady (musical)'
 'My fair lady' ""I'm an Ordinary Man"" 'My Fair Lady (2014 film)'
 'My Fair Lady (2012 film)' 'My Fair Lady (2015 film)']",en,triviaqa,12173,
triviaqa,31c961b9dcbc7561711ee48802fb42a2f58cb485134c7d03,,0.75,Henry Mancini,52,Answer:,['Henry Mancini' 'HENRY MANCINI' 'Nothing to Lose (Henry Mancini song)'],en,triviaqa,10616,
triviaqa,afa3613f0a8966f8b685ff123f9f4c90270e1c32133c6200,,0.75,Sarah Palin,52,Answer:,"['Sarrah Palin' 'Governor Palin' 'Trig Van Palin' 'Sara palen'
 'Governor Sarah Palin' 'Sarah paylin' 'Piper Palin' 'Sarah Palyn'
 'Sara palin' 'Sarah Palin election' 'Sarah palen' 'Gov. Sarah Palin'
 'Sarah Palin' 'Sarah palyn' 'Sarah Louise Heath Palin' 'Sara Palin'
 'Sara Pallin' 'Serra paylin' 'Willow Palin' 'Sarah L. H. Palin'
 'Sarah palin' 'Sara palyn' 'Trig Paxson Van Palin' 'Track Palin'
 'Sarah Louise Heath' 'Sarah Heath' 'Sarah Barracuda' 'Gov. Palin'
 'Sarahpalin' 'Sarah Heath Palin' 'Sarah Louise Palin' 'Palin 2012'
 'SARAH PALIN' 'Trig Van Palen' 'Trig Palin' 'Sara Palyn' 'Sarah H. Palin'
 'S Palin']",en,triviaqa,9271,
triviaqa,703b98f030c92d06f8b8aac1135cafd60a251d7b34d09d63,,0.75,Subway,52,Answer:,['The Subway' 'Subway (disambiguation)' 'Subwya' 'Subways' 'Subway'],en,triviaqa,3647,
triviaqa,58f5ad6be40306ec436b65ac04164764c476b0d34e8bc2a6,,0.75,Dame Anita Roddick,52,Answer:,"['Dame Anita Lucia Roddick' 'Anita Roddick' 'Anita Lucia Roddick'
 'Anita Rodick' 'Gordon Roddick' 'Anita Roddick Foundation']",en,triviaqa,16633,
triviaqa,2eca158db6dd6808579e5058017ba83c4a3d46bf616d1f83,,0.75,Peach,52,Answer:,"['Peacherine' 'Peach' 'Prunus daemonifuga' 'Nectarines' 'Peach trees'
 'Peaches' 'Nectarine' 'Persica platycarpa' 'Amygdalus potanini'
 'Peacherine tree' 'Culture of peach' 'White peach' 'Clingstone peach'
 'Amygdalus persica' 'Elegant Lady' 'Persica nucipersica' 'PEACH' '🍑'
 'Peacherines' 'Freestone peach' 'Amygdalus nucipersica' 'A Peach'
 'Brugnon' 'Prunus persica' 'Persica potaninii' 'Persica vulgaris']",en,triviaqa,4905,
triviaqa,541baf53f1b236cf02081ac4458938bd28293f79a4b9d68f,,0.75,New Zealand,52,Answer:,"['N Z' 'Nouvelle-Zelande' 'Kiwiland' ""New Zealand's"" 'New Zealand.' 'Nz'
 'New Zealand,' 'NEW Z' 'N Zealand' 'NEW ZEALAND' 'New Zealend'
 'Administrative divisions of new zealand' 'New Zaeland' 'N z' 'Kiwistan'
 'Enzed' 'NewZealand' 'NZ' 'Name of New Zealand' 'Staten Landt'
 'New+Zealand' 'NZL' 'Nu Tirani' 'Neo Zealand' 'ISO 3166-1:NZ'
 'New Zealnd' 'AoTeAroa' 'Sheepland' 'Aotearoa / New Zealand'
 'Subdivisions of New Zealand' 'Its got that new zeal' 'New Zealand'
 'Newzealand' 'New Zeland' 'New-Zealand' 'New Zeeland'
 'Administrative divisions of New Zealand' 'New Zealnad' 'Staten Land'
 'N.Z.' 'Staaten land' 'New.Zealand' 'Mew Zealand' 'Maoriland'
 'N. Zealand' 'Etymology of New Zealand' 'New Xealand' 'Māoria'
 'New zelanad' 'Niu Tireni' 'New zealand' 'New zeland' 'Nova Zeelandia'
 'New zeeland']",en,triviaqa,13765,
triviaqa,a1fe5b387666d360bf0da4bf1c6d50ca65bc532df1735db7,,0.75,Goldtrail,52,Answer:,['Goldtrail'],en,triviaqa,6891,
triviaqa,0f23ddf675bd3583dc1c29f70bd9ab64abd42303cdadc474,,0.75,1948,52,Answer:,"['one thousand, nine hundred and forty-eight' '1948']",en,triviaqa,14333,
triviaqa,ab59a2c96e9d241af9ef84253d45ee8aded188864cb4a1a4,,0.75,Cary Grant,52,Answer:,"['Archibald alec leach' 'ArchibaldAlexanderLeach'
 'Archibald Alexander Leach' 'Carygrant' 'Cary Grant' 'Archie Leach'
 'Carey Grant' 'Cary Grant.' 'Carry Grant' 'Cary grant'
 'Cary grant filmography' 'Cary Grant filmography']",en,triviaqa,1799,
triviaqa,a45415dd3949c90205994e9ba5f65d5c04406c09771ecb37,,0.75,Cardigan,52,Answer:,['Cardigan' 'Cardigan (disambiguation)'],en,triviaqa,8747,
triviaqa,cc22b6e4143224f10a51f51fb25d184158487cf4c9e20600,,0.75,Melanin,52,Answer:,"['Melanins' 'Brown eumelanin' 'Melanization' 'Catechol melanin'
 'Pheomelanin' 'Phaeomelanic' 'Catechol melanins' 'Melanin synthesis'
 'Eumelanic' 'Melanin' 'Plant melanin' 'Phaeomelanin' 'Black melanin'
 'Eumelanin']",en,triviaqa,8594,
triviaqa,a905335a64f12be265f270bc6c5ac8e6661a6d53b8db5fdf,,0.75,Great Dane,52,Answer:,"['Great daine' 'Great Danes' 'Deutsche Dogge' 'Boarhound' 'GREAT DANE'
 'German Mastiff' 'Great dane' 'Grand danois' 'Great Dane']",en,triviaqa,13838,
triviaqa,85e65b2154e8641ba882fde1e399ca0354ca5bdda827216c,,0.75,Chile,52,Answer:,"['ISO 3166-1:CL' 'Cxilio' 'Cile' 'Etymology of Chile' 'Republic of Chile'
 'Chilean Republic' 'State of Chile' 'Chile' 'CHILE' 'Name of Chile'
 'República de Chile' 'Chilé']",en,triviaqa,7192,
triviaqa,89f6836d9c737da4f726b2b596a49393db7aa758b2c39532,,0.75,Ending (disambiguation),52,Answer:,"['MARTIN LUTHER KING' 'The Reverend Doctor Martin Luther King, Junior'
 'Martin Luther King,Jr.' 'MLK Jr.' 'Luther king jr'
 'Rev. Martin Luther King, Jr.' 'Michael luther king, jr.'
 'M. L. K., Junior' 'Dr. Martin Luther King, Jr.' 'M L K Jr'
 'Michael King II' 'Mlkj' 'M.L.K.' 'M. L. K.' 'M.L.K., Junior'
 'Martin Luther, Jr. King' 'Martin Luther King Jr'
 'King, Martin Luther, Jr.' 'Rev. Dr. Martin Luther King, Jr.'
 'Martin Luther King' 'Michael King, Jr.' 'M L K, Jr.'
 'Dr.martin luther king jr.' 'M.L.K., Jr' 'M. L. K., Jr'
 'Rev. Dr. Martin Luther King, Jr' 'Martin Luther King, Jr'
 'Rev. Dr. Martin Luther King Jr.' 'Martin Luther King, Junior' 'Dr King'
 'Dr Martin Luther King' 'M.L.K.,Jr.' 'DMLKJ' 'M L K Jr.'
 'Martin Luther King Junior' 'M. L. King' 'M.L.K. Jr.' 'M. L. K. Jr.'
 'Why Jesus Called A Man A Fool' 'Biography of Martin Luther King'
 'MLK,Jr.' 'Martin Luther-King' 'Martin Luther King Jr.' 'Kingian'
 'M. L. K. Junior' 'M.L.K. Junior' 'Rev. Martin Luther King Jr.'
 'Dr. Martin L. King' 'Doctor Martin Luther King' 'Dr. King'
 'Martin King, Jr.' 'Martain Luther King' 'M.L.K.,Jr'
 'Martin Luther King, Jr.' 'Martin Luther King, Jr,' 'M L K, Junior'
 'MLK,Jr' 'Doctor King' 'Martin luther king' 'Dr. Martin Luther King Jr.'
 'Martin Luther King, jr.' 'Martin L. King' 'MLK, Jr.'
 'Doctor Martin Luther King, Jr.' 'M L K, Jr' 'Martin L. King Jr.' 'Mlk'
 'Martin Luther King, jr' 'M L K Junior' 'Martin luther ling'
 'MLK, Junior' 'M L K' 'Why Jesus Called Man a Fool'
 'Rev. Dr. Martin Luther King Jr' 'MLK, Jr' 'Mlk Jr.' 'M. L. K., Jr.'
 'M.L.K., Jr.' 'The Reverend Dr. Martin Luther King, Jr.'
 'Reverend Martin Luther King Jr.' 'Reverend Martin Luther King, Jr.'
 'Martin Luther King,Jr' 'Martin Luther King II'
 'Reverend Martin Luther King, Jr' 'Dr. Martin Luther King' 'Mlk jr'
 'Martin Luther king' 'MLK' 'Luther King' 'Reverend King'
 'Martin luthur king jr' 'Martin Luther King Jr. (redirects)'
 'Martin luther king changes the world' 'MLK Jr' 'Mlk junior' 'Mlk jr.'
 'Dr. Martin Luther King, Jr' 'M.L.K. Jr' 'M. L. K. Jr'
 'Martin luther king jr']",en,triviaqa,10189,
triviaqa,313e7e66b5aebbc45e72623c7b4686a4b38b7527bb4464e4,,0.75,Arturo Toscanini,52,Answer:,"['Arturo toscanini' 'Arturo Toscinini' 'Arturo Toscannini' 'Toscanini'
 'ARTURO TOSCANINI' 'Arturo Toscanini'
 ""Charles O'Connell (music producer)""]",en,triviaqa,6854,
triviaqa,dcca7628cb52bc1fae4a02748ec7ce16530b7bfdb5c48048,,0.75,Roddy Doyle,52,Answer:,['Roddy Doyle'],en,triviaqa,8312,
triviaqa,de714d60e1d80eaf239a09631ee4c6aeac778fa8573e1d42,,0.75,Lazarus,52,Answer:,['BLACKSTAR' 'Blackstar (TV series)' 'BlackStar' 'Powerstar'],en,triviaqa,1495,
triviaqa,36d401a946f2ce1d5fc30a6e6235f8abf654cfd7dcfb2334,,0.75,China,52,Answer:,"[""Chinese People's Republic"" 'China (Peking)' 'The prc' 'Socialist China'
 'Chinese PR' 'PRoC' 'PRC' ""China's"" 'P. R. of China'
 ""People's Republic Of China"" ""The People's Republic of China"" 'China'
 'Territorial disputes of China' 'China PRC' ""People's repuublic of china""
 'China (PRC)' ""China (People's Republic)""
 ""People's Republic of China (Mainland China)""
 'Zhonghua Renmin Gonghe Guo' ""People' Republic of China"" 'Prc'
 ""People's republic of china"" ""People' s Republic of China""
 'P.R. of China' ""China, People's Republic of"" 'Chung-Kuo' 'P.R.C.'
 ""The people's republic of china"" 'Zhong Guo' 'Peoples republic of China'
 'Red China (modern)' 'Chung-kuo' 'The PRC' 'Zhonghuarenmingongheguo'
 'State of China' 'Zhonghuá rénmín gònghéguó' '中国'
 'Peoples republic of china' 'P.R.China' ""People's Republic or China""
 'Zhonghua Renmin Gongheguo' ""China, the People's Republic of""
 'Nation of China' 'People’s Republic of China' 'China, PRC'
 'Zhōnghuá Rénmín Gònghéguó' 'Modern day China'
 'Peoples Republic of China' 'PROC' '中华' 'Chaina' 'Zhongguo'
 'Homes in china' ""People's republic of China"" 'Zhōngguó' 'Sinic'
 'China PR' 'PRC (China)' '中國' 'Jhongguó' 'Red Chinese'
 ""(The People's Republic of) China"" 'The People’s Republic of China'
 'China (Republic : 1949- )' 'CHINA' ""China People's Republic"" 'Pr china'
 'P.r. of china' 'Chungkuo' 'ISO 3166-1:CN' 'Land of China'
 'Zhonghua renmin gongheguo' 'P.R. China' 'Zhongguó' '中华人民共和国' 'PRChina'
 '中華' 'PR of China' '中華人民共和國' 'Pr of c' 'Cihna' 'Communist China (modern)'
 'P. R. China' ""People's Republic of China (PRC)""
 ""Peoples' Republic of China"" 'The Peoples Republic of China'
 ""People's Republic of China"" 'Pr of china' 'PR China' 'P.R. of CHINA']",en,triviaqa,3073,
triviaqa,bf51b235b793fb709fb21256c339420b1cb169f246bccddc,,0.75,Not provided in the passage.,52,Answer:,"['Midtribulation rapture' 'Midtribulationism' 'Pre-tribulation'
 'Pre-tribulation rapture' 'Rapture' 'Pretribulation rapture'
 'Mid-tribulation rapture' 'Rapture (Protestant belief)'
 'The Teaching of the rapture' 'Pretribulationistism' 'Pre Tribulation'
 'Pre-tribulational' 'Pre-trib']",en,triviaqa,1987,
triviaqa,19e633981d56128d4b5059d83314b9037b7e31bcaa0d3339,,0.75,Syriza party,52,Answer:,"['Coalition of the radical left' 'ΣΥΡΙΖΑ' 'SY.RIZ.A.'
 'Coalition of Radical Left' 'Syriza coalition' 'SYRIZA'
 'Radical Left Coalition' 'SyRizA' 'Syriza'
 'Coalition of the Radical Left-Ecologist Greens'
 'Coalition of the Radical Left']",en,triviaqa,12699,
triviaqa,45528811e0b562de8b2f289ebb1c8a4efe8ef9dffc75c3e6,,0.75,Respect Party,52,Answer:,"['Respection' 'Respecting' 'Reſpect' 'Disrespect' 'Respect'
 'Respectability']",en,triviaqa,14752,
triviaqa,81d1b31774563e0ed38144b248eccf295fb5d7605637708c,,0.75,Sail.,52,Answer:,"['Blustery' 'Eolic' 'Aeolian Action' 'Wind Cycle' 'Cyclostrophic Wind'
 'Wind (weather)' 'Aeolian activity' '🌬' 'Winds' 'Wind gust' 'Gust (wind)'
 'Wind strength' 'Land and sea breeze' 'WInds' 'WInds.'
 'Barometric gradient' 'Wind' 'Winds.']",en,triviaqa,2165,
triviaqa,d525ae0444011a8172368765960668016bc8d4e56019e4cd,,0.75,Friends Reunited,52,Answer:,"['FRIENDS REUNITED' 'Friends Reunited' 'FriendsReunited.co.uk'
 'Friendsreunited' 'Friends reunited']",en,triviaqa,9104,
triviaqa,5a9c4d16168bbf784b1430b65c9caa1a8fe89e1cb03d2a6c,,0.75,Zambezi River,52,Answer:,"['Zambesi' 'Zambezi river' 'Zambezi basin' 'Zambezi Valley'
 'Zambesi river' 'Zambeze River' 'Zambesi River'
 'Zambezian coastal flooded savanna' 'Kabra Bassa rapids' 'River Zambezi'
 'Sambesi' 'Great Zambezi River' 'Zambezi River' 'Zambezi'
 'Zambezi valley' 'Zambeze']",en,triviaqa,13129,
triviaqa,c1258406548e407e859b34077dbe6abe17604a196e76d98d,,0.75,Chelsea (1965),52,Answer:,"['Aston Villa' 'Aston Villa F.C' 'Aston Villa FC' 'Villa News and Record'
 'Aston villa' 'AVFC' 'Aston Villa F C' 'Aston vil' 'Aston Villa F. C.'
 'Aston Villa Football Club' 'Villa football club'
 'Aston Villa Hall of Fame' 'Aston Villa F.C.']",en,triviaqa,11860,
triviaqa,f30dd5f33dcb60dd011cc0adbeaa0f51a48efb904e58b438,,0.75,Canada,52,Answer:,"['Canada' 'Canadá' 'The Dominion of Canada' 'Commonwealth of Canada'
 'Dominion of canada' 'ISO 3166-1:CA' 'Etymology of Canada' 'CANADA'
 'Canadiophile' ""Canada's"" 'ᑲᓇᑕ' 'Canada/References' ""America's top hat""
 'Canada.' 'Cnada' 'Čanada' 'Canadian Federation' 'Kenadian' 'Canadialand'
 'Xanada' 'Dominion of Canada' 'Canadaa']",en,triviaqa,8097,
triviaqa,240af27c946d6936170e79a796bc73c500a3ad33839d7367,,0.75,Travel Sickness,52,Answer:,"['Carsicky' 'Simulation sickness' 'Mal de mer' 'Car sickness'
 'TRAVEL SICKNESS' 'Carsick' 'Travel sickness' 'Motion sickness'
 'Gaming sickness' 'Carsickness' 'Benzylamine hydrochloride' 'Kinesia'
 'Car-sickness' 'Car sick' 'Kinetosis']",en,triviaqa,5594,
triviaqa,b6aedfa586138fa82d7e4a72519dccce78998470eea92bef,,0.75,Foot,52,Answer:,"['Foot fracture' 'Human feet' 'Foot muscles' 'Pedis' 'Dorsum of foot'
 'Joints of foot' 'Plates of meat' 'Muscles of the Feet' 'Foot dorsum'
 'Foot' 'Joints of the foot' 'Articulatio pedis' 'Broken foot'
 'Foot (anatomy)' 'Articulationes pedis' 'Foot type' 'Insteps'
 'Articulations of foot' 'Human foot' 'Foot sweat' 'Instep' 'Feet'
 'Foot deformities' 'Foot taboo' 'Foot fractures']",en,triviaqa,13218,
triviaqa,ce2060395758c9a44ec6b049d6e4b30c3695a76f3bcb30cd,,0.75,Plan B (Ben Drew),52,Answer:,['Dennis Waterman' 'Denis Waterman' 'Dennis waterman'],en,triviaqa,8062,
triviaqa,f8785492a8c40b3a331d9c5661477490125caf8b1b37a0b5,,0.75,House of Lords,52,Answer:,"['House of Peers of the United Kingdom' 'United Kingdom House of Peers'
 'House Of Lords'
 'The Right Honourable The Lords Spiritual and Temporal of the United Kingdom of Great Britain and Northern Ireland in Parliament Assembled'
 'Lords Spiritual and Temporal' 'House of Lords of the United Kingdom'
 'Noble friend' 'House of LORDS'
 'House of Lords, Parliament of the United Kingdom of Great Britain and Ireland'
 'House of Lords of the United Kingdom of Great Britain and Northern Ireland'
 'House of Lords (UK)'
 'The Right Honourable the Lords Spiritual and Temporal of the United Kingdom of Great Britain and Northern Ireland in Parliament assembled'
 'The House of Lords' 'United Kingdom House of Lords'
 'English House of Lords' 'House of Lords' 'House of lords'
 'House of Lords, Parliament of the United Kingdom of Great Britain and Northern Ireland'
 'House of Peers of the United Kingdom of Great Britain and Northern Ireland'
 'House of Lords (United Kingdom)' 'UKHL' 'Gilded Chamber'
 'British House of Lords']",en,triviaqa,9123,
triviaqa,374835de54a115fb358b26a7e012ac7c70c6ad7096ed6a3d,,0.75,Niagara Falls,52,Answer:,"['Niagra Falls' 'Niagara Falls (N.Y. and Ont.)'
 'Roger Woodward (Niagara Falls)' 'Daredevils of Niagara Falls'
 'Over the Falls in a barrel' 'Niagra falls'
 'Niagara Falls Power Generation' 'Cataratas del Niagara' 'Niagara falls'
 'NiagaraFalls' 'Niagara Falls power generation' 'The Hell of Waters'
 'Over Niagara Falls' 'NIAGARA FALLS' 'Cataratas del Niágara'
 'Niagara Falls']",en,triviaqa,2046,
triviaqa,4b90a221b3f7ea9483dba4da2693a987a02137ad491008b5,,0.75,12,52,Answer:,['twelve' '12'],en,triviaqa,7788,
triviaqa,d17d73e486f6aa25fa635c2497b532b95b95078e12701eca,,0.75,A pieman,52,Answer:,['Pieman (disambiguation)' 'Pie man' 'The Pie man.' 'Pieman' 'Pie Man'],en,triviaqa,9983,
triviaqa,aad91e890be6f29eb88d01570c94c4e3071e27d01bfae114,,0.75,Pittsburgh Pirates (Forbes Field),52,Answer:,['Boston Braves (disambiguation)' 'Boston Braves'],en,triviaqa,7102,
triviaqa,54715ac96ba2fdbed90e2a2ce49fc17dbdb91d69a6002ad1,,0.75,Katy Perry,52,Answer:,"['Katheryn Perry' 'Kathryn Elizabeth Hudson' 'Katy Perry'
 'Katheryn Elizabeth Hudson' 'Katy Perrie' 'KatyCat' 'Katy Hudson Perry'
 'Katy Cats' 'Katty Perry' 'Hudson (singer)' 'David D. Hudson' 'Katy Cat'
 'Katheryn Hudson' '(A) Katy Perry' 'Katy pery' 'Katheryn E. Hudson'
 'David Hudson (singer)' 'Katy perry' 'KatyCats' 'Kate Perry'
 'David Daniel Hudson' 'Katy Hudson']",en,triviaqa,5611,
triviaqa,4ca10808ed46ed190649f4f3bfb87c9e94a01633cd56bbaf,,0.75,Robert Maxwell,52,Answer:,"['Ian Robert Maxwell' 'Maxwell, Robert' 'Ian Robert Maxwell MC'
 'Maxwell, (Ian) Robert' '(Ian) Robert Maxwell' 'Ján Ludvík Hoch'
 'Ján Ludwig Hoch' 'Ian Ludwig Hoch' 'Jan Ludwig Hoch'
 'Robert Maxwell (politician)' 'Robert Ian Maxwell' 'Ján Ludvik Hoch'
 'Robert Maxwell']",en,triviaqa,4383,
triviaqa,762bbae0f96b627fae55e27766fb628fbd4056a696eef0e8,,0.75,Gene Vincent,52,Answer:,"['Gene Vincent & the Blue Caps' 'Blue-caps' 'Eugene Craddock' 'Say Mama'
 'Vincent Eugene Craddock' 'Blue Caps' 'Bluecaps'
 'Gene Vincent and the Bluecaps' 'Blue caps' 'Gene Vincent'
 'Gene Vincent & His Blue Caps' 'Gene Vincent and the Blue Caps'
 'Blue-cap' 'Vincent Craddock' 'The Blue Caps']",en,triviaqa,6286,
triviaqa,6967e76c5603d5d218c6aa2ca5af0c03cf3b8bcdeeac1c8d,,0.75,"
Peahen",52,Answer:,"['Peacock' 'Peahens' 'Peacocks' 'Peachick' 'Pavo, Afropavo' 'Pea fowl'
 'White peacock (bird)' 'Peahen' 'Pea cock' 'Peacock feather' 'Peacockery'
 'Peafowl' 'Indian Blue Peacock']",en,triviaqa,8477,
triviaqa,e60575b8d40ff03dd9919188ce71f2f9474d22f7a63d50fc,,0.75,Marx,52,Answer:,"['Karl Marx' 'Karl Heinrich Marx' 'K. H. Marx' 'Marx, Karl' 'K Marx'
 'Carl Heinrich Marx' 'Carl Marks' 'K. Marx' 'Karol Marks' 'Carl Marx'
 'Father of Communism' 'Karl Marks' 'Karl marx' 'Marx']",en,triviaqa,2459,
triviaqa,fbb39c5e6c9eaaf09f7bfb71e6e99fd816e9bf3c48ef91d5,,0.75,Almond-flavored Italian liqueur,52,Answer:,"['Almond tree' 'Luz (nut)' 'Amygdalus amara' 'Almond oil'
 'Marcona almonds' 'Mandel (nut)' 'Badam' 'Almond Bitter Oil'
 'Prunus dulcis' 'Almond trees' 'Amygdalus communis' 'Almendrado'
 'Amygdalus dulcis' 'Marcona Almonds' 'Prunus amygdalus dulcis'
 'Druparia amygdalus' 'Marcona almond' 'Marcona Almond' 'Prunus amygdalus'
 'Almond extract' 'Amygdalus fragilis' 'Amygdalus sativa' 'Baadaam'
 'Oil of bitter almond' 'Toasted Almond' 'Oleum amygdalae'
 'Bitter almonds' 'Sweet almond oil' 'Almond' 'لوز' 'Almonds'
 'Oil of Bitter Almonds' 'Almond syrup' 'Bitter almond']",en,triviaqa,14698,
triviaqa,012eb011da5717a6d2fc0051ef198ef7b4c8b15b899d6dec,,0.75,The Likes Of Us,52,Answer:,['The Likes of Us'],en,triviaqa,4845,
triviaqa,5235bfba2fb55ace2307f7385436aaabbf3d8ebeab5fe1bd,,0.75,Carberry,52,Answer:,['Carberry' 'Carberry (disambiguation)'],en,triviaqa,12928,
triviaqa,aa8bc71d3ef62b207e6e31974fc850c7b3514628739aa958,,0.75,"
Horse racing tracks",52,Answer:,"['Scratch sheet' 'Race horse' 'Pony racing' 'Horse Racing' 'Racing horse'
 'Racing industry' 'Horse racing in Japan' 'Horse-racing' 'Keiba' '🏇'
 'Horse racing' 'Horse racing venue' 'Racing on horseback'
 'Quarter-Horse Racing' 'Horse race' 'Horse races' 'Racehorses'
 'Horse-race' 'Racehorse' 'Turf patron' 'Horserace' 'Horseracing']",en,triviaqa,5667,
triviaqa,2efed76f10fa240c91e4b4be8f0fd0bb4b7e2dec793f9131,,0.75,Kim Smith,52,Answer:,"['Kim Smith' 'Smith, Kim' 'Kimberley Smith' 'Kimberly Smith'
 'Kimberley Smith (athlete)' 'Kimberley Smith (disambiguation)'
 'Kim Smith (disambiguation)']",en,triviaqa,6267,
triviaqa,255eb907c17273056618289de06e5d623139756db17c82a7,,0.75,Severn,52,Answer:,"['Seven Boar' 'Severn river (great britain)' 'Afon Hafren' 'Severn Vale'
 'Severn River (Great Britain)' 'River Severn' 'Severn' 'The Severn River']",en,triviaqa,10094,
triviaqa,bc12fa16754f05a520ff0077455060c1bbe531c96711aac8,,0.75,TELEPHONE,52,Answer:,"['℡' 'Fixed telephony' '✆' 'Telephone receiver' 'Fone' 'Telpehone'
 'Telephone and Telephone System' 'Telephone' '☏' '☎' 'Phone' '📞' '⌕'
 'Telephones' 'A phone' 'Phones' 'Telephone set' 'Telephone bell'
 'Station set' 'Telephone cord' 'Telephone communication']",en,triviaqa,1762,
triviaqa,8fe7d891a43e878d9a6770025d3ad0d4ef844dd8ae20d818,,0.75,"
Raphael",52,Answer:,"['Raffaello Sanzio' 'RAPHAEL' 'Raffaelo Santi' 'Raphael Santi' 'Raffael'
 'Raffaelo' 'Raffaello da Urbino' 'Rafael Sanzio' 'Rafael Sancho'
 'Raphael' 'Raffaello Santi' 'Raphael Urbinas' 'Raphaelesque'
 'Raffaello Sanzio da Urbino' 'Raphael Sanzio' 'Raphael (painter)'
 'Sanzio' 'Raphael Sanzi' 'Rapheal' 'Rafael Sanzio da Urbino'
 'Raphaello Sanzio']",en,triviaqa,11106,
triviaqa,eeb929241c373434d0e56d6ad29f80da4f1453c40961ad65,,0.75,James Thurber,52,Answer:,"['Jools oliver' ""James Trevor 'Jamie' Oliver, MBE"" 'Juliette Norton'
 ""James Trevor 'Jamie' Oliver"" 'Jamie Oliver' 'Jools Oliver'
 'James Oliver (chef)' 'James Trevor Oliver, MBE' 'Naked Chef'
 'James Trevor Oliver' 'Naked chef']",en,triviaqa,8906,
triviaqa,555d1d29a3db29dcae674d770d245705507b785b6586b608,,0.75,Marcel Marceau,52,Answer:,"['Marcel Marco' 'Mime Marceau' 'Le Troisième Oeil' 'Marcel marseau'
 'Bip the clown' 'Marcel Mangel' 'Le Troisieme Oeil' 'Marcel Marceau']",en,triviaqa,10112,
triviaqa,f9e7f826ee78bb3da07dc7680a8a59fc788760177135c28b,,0.75,"
Sweating",52,Answer:,"['Sweating' 'Hidromeiosis' 'Persperation' '💦' 'Dipahoresis' 'Sudation'
 'Diaphoretic' 'Diaphoretics' 'Perspiration' 'Perspire' 'Sweat'
 'Flop sweat' 'Human sweat' 'Sweaty' 'Diaphoresis' 'Sudorific']",en,triviaqa,6687,
triviaqa,149ce192c078944cc4223158ebee3fff5849184e5a50eaaf,,0.75,Almond and apricot.,52,Answer:,"['Almond tree' 'Luz (nut)' 'Amygdalus amara' 'Almond oil'
 'Marcona almonds' 'Mandel (nut)' 'Badam' 'Almond Bitter Oil'
 'Prunus dulcis' 'Almond trees' 'Amygdalus communis' 'Almendrado'
 'Amygdalus dulcis' 'Marcona Almonds' 'Prunus amygdalus dulcis'
 'Druparia amygdalus' 'Marcona almond' 'Marcona Almond' 'Prunus amygdalus'
 'Almond extract' 'Amygdalus fragilis' 'Amygdalus sativa' 'Baadaam'
 'Oil of bitter almond' 'Toasted Almond' 'Oleum amygdalae'
 'Bitter almonds' 'Sweet almond oil' 'Almond' 'لوز' 'Almonds'
 'Oil of Bitter Almonds' 'Almond syrup' 'Bitter almond']",en,triviaqa,12096,
triviaqa,de16d8ec00e036f69b0977973b17e0b4621cb7c3f8919892,,0.75,Budapest,52,Answer:,"['Budimpešta' 'Budapest' 'Veres Péter Gimnázium' 'Budapešť' 'Judapest'
 'Transport in Budapest' 'Budapesth' 'Uj-Pest' 'Buda-Pest' 'Buda-Pesth'
 'Budapešt' 'Boedapest' 'Capital of Hungary' 'Nepsziget'
 'City of Budapest' 'Budapest (Hungary)' 'Népsziget' 'Buda-pesth'
 'UN/LOCODE:HUBUD' 'Budapest, Hungary']",en,triviaqa,1968,
