length,input,task,answers,dataset,language,_id,answer_prefix,predicted_answer,question,all_classes,max_new_tokens
4696,Where was the wife of Francis I Rákóczi born?,2wikimqa,['Ozalj'],2wikimqa,en,41ac2a4beb0af8f58d01863a62b90692f7c7d74b5e3a58d9,Answer:,"Gyulafehérvár, Transylvania","Question: Where was the wife of Francis I Rákóczi born?
",,32
4776,Who is Sobe (Sister Of Saint Anne)'s grandchild?,2wikimqa,['John the Baptist'],2wikimqa,en,3924e4ac5039ce3fadda49604bfcb0f5238af81774616e53,Answer:,Constance Anne Herschel,"Question: Who is Sobe (Sister Of Saint Anne)'s grandchild?
",,32
4274,Where does the director of film Man At Bath work at?,2wikimqa,['Cahiers du cinéma'],2wikimqa,en,2c952e3e1ca394df975103b3135b3c38e0ee16e25d860258,Answer:,Christophe Honoré,"Question: Where does the director of film Man At Bath work at?
",,32
8125,Do both Beauty And The Bad Man and Wild Child (Film) films have the directors from the same country?,2wikimqa,['no'],2wikimqa,en,aec83da1f2faf6ec8badfd53d632f525c9ef2090d99d1c6c,Answer:,No.,"Question: Do both Beauty And The Bad Man and Wild Child (Film) films have the directors from the same country?
",,32
4621,"What is the date of birth of William Paulet, 3Rd Marquess Of Winchester's father?",2wikimqa,['1510'],2wikimqa,en,4b28d517ce1c1e3cfec9282ca7b212c1cb87c254781d7c86,Answer:,c. 1532,"Question: What is the date of birth of William Paulet, 3Rd Marquess Of Winchester's father?
",,32
4625,"Who is Edward Watson, Viscount Sondes's paternal grandfather?",2wikimqa,['Edward Watson'],2wikimqa,en,81cd47ec621f2228d8bb4ec351ffd6b23d23107e5b287ffb,Answer:,"Lewis Watson, 1st Earl of Rockingham","Question: Who is Edward Watson, Viscount Sondes's paternal grandfather?
",,32
5001,"What is the date of death of Humphrey De Bohun, 7Th Earl Of Hereford's father?",2wikimqa,['16 September 1360'],2wikimqa,en,048e82b64b5651b74d452db7151c2110a718128dfd12a774,Answer:,1342,"Question: What is the date of death of Humphrey De Bohun, 7Th Earl Of Hereford's father?
",,32
7639,Who is Helmichis's father-in-law?,2wikimqa,['Cunimund'],2wikimqa,en,c8fd8db4d295aef41a9434299a8eeffb9af5e2bbcde4f13a,Answer:,Alboin,"Question: Who is Helmichis's father-in-law?
",,32
3964,Where did Helena Carroll's father study?,2wikimqa,"[""St Patrick's College""]",2wikimqa,en,4db5bcd1d49fce674507d9128850eb71b808b7dc4246e882,Answer:,"Paul Vincent Carroll studied at St Patrick's College, Dublin.","Question: Where did Helena Carroll's father study?
",,32
5162,Where does the director of film Wine Of Morning work at?,2wikimqa,['Bob Jones University'],2wikimqa,en,be97290f663a83ba27007dd262ca2a6072c9156f775a24ad,Answer:,Unusual Films (passage 7),"Question: Where does the director of film Wine Of Morning work at?
",,32
10338,"Which film has the director who was born earlier, The Secret Invasion or The House Of The Seven Hawks?",2wikimqa,['The House Of The Seven Hawks'],2wikimqa,en,538d0eac8ec082e93d6f273237fafd1f23fb405e35bad84e,Answer:,The Secret Invasion,"Question: Which film has the director who was born earlier, The Secret Invasion or The House Of The Seven Hawks?
",,32
3596,"Who is the paternal grandmother of Marie Of Brabant, Queen Of France?",2wikimqa,['Marie of Hohenstaufen'],2wikimqa,en,37022dee1597491021c2aa7522276a600eb0dd316f12cbb6,Answer:,Margaret of Brabant,"Question: Who is the paternal grandmother of Marie Of Brabant, Queen Of France?
",,32
1280,"Who is Renaud Ii, Count Of Soissons's uncle?",2wikimqa,"['Guy II, Count of Soissons']",2wikimqa,en,90f7f51f0c27f041e730cf8893f79f3f40fcb0aab1820a4d,Answer:,"Guy II, Count of Soissons","Question: Who is Renaud Ii, Count Of Soissons's uncle?
",,32
3432,When did William Le Poer Trench's father die?,2wikimqa,['26 April 1872'],2wikimqa,en,ee29eb2556135405fa19a48b0abdff0aceddef7594169c33,Answer:,1872,"Question: When did William Le Poer Trench's father die?
",,32
4442,Which country the director of film Renegade Force is from?,2wikimqa,['America'],2wikimqa,en,2a398d925d3607c94ffb2d0cf9fe2fe6da6e9970ce95578a,Answer:,United States,"Question: Which country the director of film Renegade Force is from?
",,32
10444,Who is the spouse of the director of film Emergency Wedding?,2wikimqa,['Ona Munson'],2wikimqa,en,8d3cf7916a2f8a2762de13a9520b6350e46464fbf7f63dd5,Answer:,The spouse of the director of film Emergency Wedding is not mentioned in the given passage.,"Question: Who is the spouse of the director of film Emergency Wedding?
",,32
1696,"Which film came out earlier, Indradhanura Chhai or The Death Of Black King?",2wikimqa,['The Death Of Black King'],2wikimqa,en,5844352bd3fe5898756970abec3099ec694be6ad15c498db,Answer:,Indradhanura Chhai,"Question: Which film came out earlier, Indradhanura Chhai or The Death Of Black King?
",,32
5932,Do both films The Reincarnation Of Golden Lotus and I'Ll Get By (Film) have the directors from the same country?,2wikimqa,['no'],2wikimqa,en,4413705182b57f12dc553e0919b50fd3c3b111cb4d82d12f,Answer:,No.,"Question: Do both films The Reincarnation Of Golden Lotus and I'Ll Get By (Film) have the directors from the same country?
",,32
535,"Are both villages, Rhosgoch and Qaleh-Ye Sahar, located in the same country?",2wikimqa,['no'],2wikimqa,en,cc32d31bbeb3e0d8787e963cf0843ae6b22f33817eb5a587,Answer:,Yes,"Question: Are both villages, Rhosgoch and Qaleh-Ye Sahar, located in the same country?
",,32
3532,Where was the director of film Kanneshwara Rama born?,2wikimqa,['Mysore'],2wikimqa,en,b3845fcad97309850a76e3720cd829a45d2bb12ee29a9cfb,Answer:,"Mysore, India","Question: Where was the director of film Kanneshwara Rama born?
",,32
2782,Where was the place of death of Randi Monsen's father?,2wikimqa,['Kristiania'],2wikimqa,en,236eb4a8c2ba63d96ed3b6aec9ff7b00fa5e4df1173dd01c,Answer:,Beaulieu-sur-Loire,"Question: Where was the place of death of Randi Monsen's father?
",,32
7578,Where did the performer of song I'Ll Say It graduate from?,2wikimqa,['Lee Strasberg Theatre and Film Institute'],2wikimqa,en,e026b7c57d2d759c12652fae6421931fe4f8cf8745ff9bdb,Answer:,Kathleen Mary Griffin graduated from the Lee Strasberg Theatre and Film Institute.,"Question: Where did the performer of song I'Ll Say It graduate from?
",,32
9013,"Which film has the director who was born first, Hell Up In Harlem or The Soviet Story?",2wikimqa,['Hell Up In Harlem'],2wikimqa,en,8dedfb4f00b873379cb4457d81113516b8db6c4017a1c912,Answer:,The Soviet Story,"Question: Which film has the director who was born first, Hell Up In Harlem or The Soviet Story?
",,32
6026,"Who was born first, Cipriano Castro or Damir Nikšić?",2wikimqa,['Cipriano Castro'],2wikimqa,en,7c0b13a81d9d58791b71c2d8e46d2d063de3b9e89c75335f,Answer:,Cipriano Castro was born first.,"Question: Who was born first, Cipriano Castro or Damir Nikšić?
",,32
6192,"Which film has the director who died first, The Year Of The Rabbit or Monster On The Campus?",2wikimqa,['Monster On The Campus'],2wikimqa,en,655c0c4e465b47d7fd829d3a487705991f4c059cee3c9aed,Answer:,"The director of The Year Of The Rabbit, Fernando Ayala, did not die. The director of Monster On The Campus, Jack Arnold, died.","Question: Which film has the director who died first, The Year Of The Rabbit or Monster On The Campus?
",,32
889,"Who is younger, Guy Arvely Dolsin or Altuğ Çelikbilek?",2wikimqa,['Altuğ Çelikbilek'],2wikimqa,en,8720ebfc91b6860392a2b7b0ba954b0cd16ffd8c360a1f2b,Answer:,Altuğ Çelikbilek,"Question: Who is younger, Guy Arvely Dolsin or Altuğ Çelikbilek?
",,32
3517,"Which song came out first, Joel The Lump Of Coal or Jugband Blues?",2wikimqa,['Jugband Blues'],2wikimqa,en,919cc6b1e482c475dc93740aae3549bc6012d644fb29562c,Answer:,Jugband Blues came out first.,"Question: Which song came out first, Joel The Lump Of Coal or Jugband Blues?
",,32
4141,Are both Open Mobile and Primestar located in the same country?,2wikimqa,['yes'],2wikimqa,en,0d02726cbaab0fbd2e84b7537550154e8aa96f81abb2864b,Answer:,No. Open Mobile is located in Puerto Rico and Primestar is located in the United States.,"Question: Are both Open Mobile and Primestar located in the same country?
",,32
3948,Who is the paternal grandfather of Baldwin I Rátót?,2wikimqa,['Leustach Rátót'],2wikimqa,en,33e3bc2dc011e79c047553153b1ab176c6a08f923af245ec,Answer:,Rathold Rátót,"Question: Who is the paternal grandfather of Baldwin I Rátót?
",,32
4625,What is the place of birth of Ratna Malla's father?,2wikimqa,['Nepal'],2wikimqa,en,6275ba9fee197d2fab82671a4497b4764a461c2c7c33ac0b,Answer:,Nepal,"Question: What is the place of birth of Ratna Malla's father?
",,32
4383,"Who is Archibald Acheson, 4Th Earl Of Gosford's paternal grandfather?",2wikimqa,"['Archibald Acheson, 2nd Earl of Gosford']",2wikimqa,en,40de6f6c353c080845a8ea644039e9ba83cd481d3745395b,Answer:,"Arthur Acheson, 1st Earl of Gosford","Question: Who is Archibald Acheson, 4Th Earl Of Gosford's paternal grandfather?
",,32
5464,Who is the paternal grandfather of Mark Getty?,2wikimqa,['Jean Paul Getty'],2wikimqa,en,35ffcf04ff64965decfcd3d34ff37b35da2a92f0b64346cd,Answer:,John Paul Getty Jr.,"Question: Who is the paternal grandfather of Mark Getty?
",,32
11686,Where did the performer of song Fantasy (George Michael Song) die?,2wikimqa,"['Goring-on-Thames, Oxfordshire']",2wikimqa,en,47ed89f40cae521df8767b1b7077fe9c547c10fd8bf1c6b2,Answer:,"Goring-on-Thames, Oxfordshire","Question: Where did the performer of song Fantasy (George Michael Song) die?
",,32
3122,Do director of film Betrayal (1932 Film) and director of film The Godsend (Film) share the same nationality?,2wikimqa,['yes'],2wikimqa,en,ead67129fee9b0024c9c3f53041469d74cf8a0281e39febb,Answer:,No.,"Question: Do director of film Betrayal (1932 Film) and director of film The Godsend (Film) share the same nationality?
",,32
4154,"Which film whose director was born first, The Abduction Club or Wooden Crosses?",2wikimqa,['Wooden Crosses'],2wikimqa,en,0ef1c3ac6b07212a6d5a91bfab2c12f2823412f10f667616,Answer:,Wooden Crosses,"Question: Which film whose director was born first, The Abduction Club or Wooden Crosses?
",,32
3299,"Which film came out earlier, Above Rubies or The Magic Aster?",2wikimqa,['Above Rubies'],2wikimqa,en,8daefc2a4f66b3614a6934857c8c8f9cfdeb3ca23d16e172,Answer:,Above Rubies,"Question: Which film came out earlier, Above Rubies or The Magic Aster?
",,32
4436,"Which film has the director who is older than the other, Blue Blood And Red or The Longshot? ",2wikimqa,['Blue Blood And Red'],2wikimqa,en,bc40752faddd32264f8402321411881736ab5a4733eee758,Answer:,Blue Blood And Red,"Question: Which film has the director who is older than the other, Blue Blood And Red or The Longshot? 
",,32
2896,What is the place of birth of the director of film Clowning Around?,2wikimqa,"['Castlemaine, Victoria, Australia']",2wikimqa,en,6e7d2d0700c8ec6fc15dc188c42d8104b89935219254fdaf,Answer:,"Castlemaine, Victoria, Australia","Question: What is the place of birth of the director of film Clowning Around?
",,32
6416,"Who was born later, Paul De Scherff or Lyudmyla Olyanovska?",2wikimqa,['Lyudmyla Olyanovska'],2wikimqa,en,9a0ab728b48d43221f196b43d2816a4dff4142fd0054a4eb,Answer:,Paul De Scherff,"Question: Who was born later, Paul De Scherff or Lyudmyla Olyanovska?
",,32
4769,Where was the place of death of Kamures Kadın's husband?,2wikimqa,['Constantinople'],2wikimqa,en,6e7c0185fda0b6211274db748205994ee1468cfb30e2023d,Answer:,"Eyüp Cemetery, Istanbul","Question: Where was the place of death of Kamures Kadın's husband?
",,32
4957,What is the place of birth of Bernard (Son Of Charles The Fat)'s father?,2wikimqa,['East Francia'],2wikimqa,en,55acb15a501d22031778ff4ccb655e787668b617d911daa9,Answer:,Melun,"Question: What is the place of birth of Bernard (Son Of Charles The Fat)'s father?
",,32
2540,"Which film has the director who died first, Tex And The Lord Of The Deep or Henry Goes Arizona?",2wikimqa,['Henry Goes Arizona'],2wikimqa,en,57543e0892f90733bf97dc270cdb36eb9bf8e2230940bcb9,Answer:,Henry Goes Arizona,"Question: Which film has the director who died first, Tex And The Lord Of The Deep or Henry Goes Arizona?
",,32
8759,Which country the performer of song I Believe In Your Sweet Love is from?,2wikimqa,['United Kingdom'],2wikimqa,en,2d1951b62f317038d28f6ac6a2b21e9d2e7f921ea528948b,Answer:,Wales,"Question: Which country the performer of song I Believe In Your Sweet Love is from?
",,32
5527,"Which film whose producer was born first, All-American Co-Ed or Lagu Kenangan?",2wikimqa,['All-American Co-Ed'],2wikimqa,en,b126cad8f81aed3c5cc29c20c25b1adc7d1f33e1c4e264c3,Answer:,All-American Co-Ed,"Question: Which film whose producer was born first, All-American Co-Ed or Lagu Kenangan?
",,32
3859,What is the place of birth of the director of film A Chrysanthemum Bursts In Cincoesquinas?,2wikimqa,['Buenos Aires'],2wikimqa,en,188123e1b35a7de33fc44a40b55ab9ff0b59d29dc30f9148,Answer:,Buenos Aires,"Question: What is the place of birth of the director of film A Chrysanthemum Bursts In Cincoesquinas?
",,32
5695,Who is the mother-in-law of Louise Of Mecklenburg-Güstrow?,2wikimqa,['Charlotte Amalie of Hesse-Kassel'],2wikimqa,en,5ff6349ea0b2ecb882f535ff3cec2f9c012d3468fb7b912e,Answer:,Magdalene Sibylle of Holstein-Gottorp,"Question: Who is the mother-in-law of Louise Of Mecklenburg-Güstrow?
",,32
3954,Where was the place of death of Agnes Of Hohenstaufen's husband?,2wikimqa,['Brunswick'],2wikimqa,en,314e76591d11d30d2bd59b2f12b671e873b786656f19956d,Answer:,29 November 1253.,"Question: Where was the place of death of Agnes Of Hohenstaufen's husband?
",,32
3690,Who is Marcus Annius Libo's aunt?,2wikimqa,['Vibia Sabina'],2wikimqa,en,7140432f1c424674d04ea819fa63f85aa4f154d72ab66285,Answer:,Faustina the Elder,"Question: Who is Marcus Annius Libo's aunt?
",,32
1120,"Which film was released more recently, Bajo Otro Sol or Riding The California Trail?",2wikimqa,['Bajo Otro Sol'],2wikimqa,en,3292d2bcbbf8fc4816d168bcb7f81c13341198da1e88b903,Answer:,Riding The California Trail,"Question: Which film was released more recently, Bajo Otro Sol or Riding The California Trail?
",,32
3219,Who is the mother of the director of film Dalida (2017 Film)?,2wikimqa,['Marie Laforêt'],2wikimqa,en,5421c1e591296d64636a7e99fbfe98dddfed0f83d2053380,Answer:,Lisa Azuelos (director of Dalida) is not mentioned as having a mother in the given passage.,"Question: Who is the mother of the director of film Dalida (2017 Film)?
",,32
10498,Who is the spouse of the director of film Streets Of Blood?,2wikimqa,['Sandra Nelson'],2wikimqa,en,f67db35cb225c73bb753006bd14fab03942bbe0157a74979,Answer:,Charles Winkler (not given in the passages),"Question: Who is the spouse of the director of film Streets Of Blood?
",,32
4570,When is Henrietta Maria Of Brandenburg-Schwedt's father's birthday?,2wikimqa,"['May 19, 1669']",2wikimqa,en,96500ef697df70106798988a9065594622cdeff67156cd20,Answer:,"May 19, 1669","Question: When is Henrietta Maria Of Brandenburg-Schwedt's father's birthday?
",,32
3496,"Where was the place of death of Sancha Of Castile, Queen Of Navarre's mother?",2wikimqa,['Palencia'],2wikimqa,en,5a867841d94c9f88f3bc0c333e93484486b09341db474bd6,Answer:,Castile,"Question: Where was the place of death of Sancha Of Castile, Queen Of Navarre's mother?
",,32
3934,"Which film was released more recently, Dance With A Stranger or Miley Naa Miley Hum?",2wikimqa,['Miley Naa Miley Hum'],2wikimqa,en,059802de84ebd63ee99284c9cb2b7db2d45ca66c55e68ee1,Answer:,Miley Naa Miley Hum,"Question: Which film was released more recently, Dance With A Stranger or Miley Naa Miley Hum?
",,32
3324,"Which film has the director who is older, Space Probe Taurus or Tom Mix In Arabia?",2wikimqa,['Tom Mix In Arabia'],2wikimqa,en,fcc4a49fbe72f1b8ffef144e2e9d85bfc8897ba2864fd521,Answer:,Space Probe Taurus,"Question: Which film has the director who is older, Space Probe Taurus or Tom Mix In Arabia?
",,32
2708,"Which film has the director died later, Seven In The Sun or Daughter Of The Jungle?",2wikimqa,['Seven In The Sun'],2wikimqa,en,633204c891118a6f3d1ae62d7b444c2ee02ad0cbae4876cc,Answer:,Seven In The Sun,"Question: Which film has the director died later, Seven In The Sun or Daughter Of The Jungle?
",,32
4218,"Which film was released first, Vacations In Majorca or Dr. Socrates?",2wikimqa,['Dr. Socrates'],2wikimqa,en,977f59ef09f7cc4ad6c71fc18d8b60e818e07a43cd7bee92,Answer:,Dr. Socrates was released first.,"Question: Which film was released first, Vacations In Majorca or Dr. Socrates?
",,32
6736,"Which film has the director born later, Woman In The Moon or Changeland?",2wikimqa,['Changeland'],2wikimqa,en,5c3829f10f9daf565e9b5b52ca19f5c044550e916479da74,Answer:,Woman In The Moon,"Question: Which film has the director born later, Woman In The Moon or Changeland?
",,32
2046,"Who is younger, Peter Rosegger or Ruel Redinger?",2wikimqa,['Ruel Redinger'],2wikimqa,en,0a64d8873482d91efc595a508218c6ce881c13c95028039e,Answer:,Ruel Redinger,"Question: Who is younger, Peter Rosegger or Ruel Redinger?
",,32
2898,Who is Pyotr Karatygin's sibling-in-law?,2wikimqa,['Alexandra Kolosova'],2wikimqa,en,44b7f326c7b3c430968c237ee4017425d03eef586d5d6cb7,Answer:,Vasily Karatygin,"Question: Who is Pyotr Karatygin's sibling-in-law?
",,32
7833,Who is the spouse of the performer of song This Time (Waylon Jennings Song)?,2wikimqa,['Jessi Colter'],2wikimqa,en,85d2e8c38cc3b6f464eae6d84ef2df5f41807c9f8bf3aac8,Answer:,Not provided in the passages.,"Question: Who is the spouse of the performer of song This Time (Waylon Jennings Song)?
",,32
2351,Are Twin Cairns Island and Nova Zembla Island located in the same country?,2wikimqa,['yes'],2wikimqa,en,1038dcf795ffefdb5d947e54a7e2d3b04d73895e482fd324,Answer:,No.,"Question: Are Twin Cairns Island and Nova Zembla Island located in the same country?
",,32
2189,"Who died first, Erich Haenisch or William Pooley?",2wikimqa,['William Pooley'],2wikimqa,en,62616c28af945825f87a95c47c1783dc284b06ec2d447402,Answer:,Erich Haenisch,"Question: Who died first, Erich Haenisch or William Pooley?
",,32
4845,What nationality is the performer of song You Can?,2wikimqa,['Sweden'],2wikimqa,en,a3c88e70534d79b432d32c0b53d0d181c957b353f658dc95,Answer:,American,"Question: What nationality is the performer of song You Can?
",,32
1412,Do Nick Varner and Carl Duser share the same nationality?,2wikimqa,['yes'],2wikimqa,en,63df7238a0005c6bffc122ca97570a95eb1d3711abaee205,Answer:,Yes,"Question: Do Nick Varner and Carl Duser share the same nationality?
",,32
4784,"Which film has the director who died earlier, Melody Of The World or Ladies Love Danger?",2wikimqa,['Melody Of The World'],2wikimqa,en,c94e0220a7c5dadee3094df576df766b6d1a15b6c6e21011,Answer:,Melody Of The World,"Question: Which film has the director who died earlier, Melody Of The World or Ladies Love Danger?
",,32
2868,Where was the place of death of the composer of film Miracle Of Marcelino?,2wikimqa,['Madrid'],2wikimqa,en,cab5465c3f7663e5d72c15a32bc04c8a917dac3c03828814,Answer:,Madrid,"Question: Where was the place of death of the composer of film Miracle Of Marcelino?
",,32
3211,Who is the mother of the director of film Atomised (Film)?,2wikimqa,['Gisela Elsner'],2wikimqa,en,be0651d84c04af5de43e28cf89e78d7e87490e637167632e,Answer:,Annabelle (in the film),"Question: Who is the mother of the director of film Atomised (Film)?
",,32
4142,"Which film has the director who died later, The Great Man'S Lady or La Belle Américaine?",2wikimqa,['La Belle Américaine'],2wikimqa,en,ef73e58876b94a997d928ee13b7ac7cdb8b8aa0bac856a92,Answer:,The Great Man's Lady,"Question: Which film has the director who died later, The Great Man'S Lady or La Belle Américaine?
",,32
3277,What is the place of birth of the director of film Sweepstakes (Film)?,2wikimqa,"['Oklahoma City, Oklahoma']",2wikimqa,en,7940c60a5ff2d81b62d118253577d1d891057ca45695e91a,Answer:,Not provided in the passages.,"Question: What is the place of birth of the director of film Sweepstakes (Film)?
",,32
4240,Where was the place of death of Shahnawaz Bhutto's mother?,2wikimqa,['Dubai'],2wikimqa,en,a88430cef36a0222c3c30780328ff266b16325a7ec723a97,Answer:,Beaulieu-sur-Loire,"Question: Where was the place of death of Shahnawaz Bhutto's mother?
",,32
4966,Where was the performer of song Égérie (Song) born?,2wikimqa,['La Trinité'],2wikimqa,en,0bcff697444354703dd1e8987a709b8ed2f44bf9d6b2d320,Answer:,"La Trinité, Nice metropolitan area, France","Question: Where was the performer of song Égérie (Song) born?
",,32
4350,Who is the father-in-law of Duke William Of Mecklenburg-Schwerin?,2wikimqa,['Prince Albert of Prussia'],2wikimqa,en,24e27e943be014d4549674d581cdc20fdae92fa3d9cd256c,Answer:,Prince Wilhelm of Prussia,"Question: Who is the father-in-law of Duke William Of Mecklenburg-Schwerin?
",,32
562,Are Gut (Crișul Alb) and Gepiș both located in the same country?,2wikimqa,['yes'],2wikimqa,en,0c43156b7d6bc17425a89dc6c6d48fc8c2c72ac9eba55a87,Answer:,Yes,"Question: Are Gut (Crișul Alb) and Gepiș both located in the same country?
",,32
3847,Where was the place of death of Anne Devereux's husband?,2wikimqa,['Banbury'],2wikimqa,en,64d6357ab735a8542112f87893a6e7c89b1b307bdb0e24c7,Answer:,Beaulieu-sur-Loire,"Question: Where was the place of death of Anne Devereux's husband?
",,32
2779,"Who is Sir William Gore, 3Rd Baronet's paternal grandfather?",2wikimqa,"['Sir Paul Gore, 1st Baronet']",2wikimqa,en,9ef1c9e836fb3844fe16369a346088af89b8da29e24aab1f,Answer:,"Sir Paul Gore, 1st Baronet","Question: Who is Sir William Gore, 3Rd Baronet's paternal grandfather?
",,32
8314,Which country Nizar Al-Mustafa's father is from?,2wikimqa,['Fatimid caliphate'],2wikimqa,en,f11ac580e22d7d0e3da7cf1c725c8def8aef4aa891baa07a,Answer:,Fatimid,"Question: Which country Nizar Al-Mustafa's father is from?
",,32
3761,Where was the wife of Lou Breslow born?,2wikimqa,"['Dayton, Ohio']",2wikimqa,en,884614fa7d0fe723587d2f2677d3f2143cd13ab74391bea6,Answer:,"Dayton, Ohio","Question: Where was the wife of Lou Breslow born?
",,32
11373,Who is the spouse of the director of film Ann Carver'S Profession?,2wikimqa,['Ona Munson'],2wikimqa,en,ec4ba162decfc8dd03ccbca7832f3cecf985a5542e70dec1,Answer:,The spouse of the director of film Ann Carver's Profession is not mentioned in the passage.,"Question: Who is the spouse of the director of film Ann Carver'S Profession?
",,32
3866,"Which film came out earlier, The Drover'S Sweetheart or Pigsty (Film)?",2wikimqa,"[""The Drover'S Sweetheart""]",2wikimqa,en,9c5350cca5afdd1a7254dbc26b3642401551473f4b071ce6,Answer:,The Drover's Sweetheart.,"Question: Which film came out earlier, The Drover'S Sweetheart or Pigsty (Film)?
",,32
3459,What is the place of birth of the director of film Bhagirathi (Film)?,2wikimqa,['Tumkur'],2wikimqa,en,9ce10c5072e04cbd0d81d7e721fba8cf8062cc665fd32314,Answer:,Not provided in the passage.,"Question: What is the place of birth of the director of film Bhagirathi (Film)?
",,32
4713,"Which film came out earlier, Closely Watched Trains or Det Sande Ansigt?",2wikimqa,['Det Sande Ansigt'],2wikimqa,en,58301315eaee3256c8f5ddefb03de59d55a75d3a37aab88a,Answer:,Det Sande Ansigt,"Question: Which film came out earlier, Closely Watched Trains or Det Sande Ansigt?
",,32
4261,"Which film has the director who died earlier, Il Gaucho or Bomgay?",2wikimqa,['Bomgay'],2wikimqa,en,62453a76a4867b6d09ac435581e1a327ec5b55cf231c79f9,Answer:,Il Gaucho,"Question: Which film has the director who died earlier, Il Gaucho or Bomgay?
",,32
5869,Where was the place of death of Maria (Wife Of Boris I Of Bulgaria)'s husband?,2wikimqa,['Preslav'],2wikimqa,en,e5eb5e5215ff4d3f7a036fa1a20699d85cdfb68a7908f086,Answer:,Beaulieu-sur-Loire,"Question: Where was the place of death of Maria (Wife Of Boris I Of Bulgaria)'s husband?
",,32
3504,"Which film came out first, The Pyrammmid or Revolt Of The Praetorians?",2wikimqa,['Revolt Of The Praetorians'],2wikimqa,en,1d38c4b905f131417ce218eb86f68305a10160f9757cbeca,Answer:,The Pyrammmid came out first.,"Question: Which film came out first, The Pyrammmid or Revolt Of The Praetorians?
",,32
10582,Are both directors of films La Morte Vivante and Stranger On Horseback from the same country?,2wikimqa,['yes'],2wikimqa,en,c1b46a5458b15fdbfcd264b7e26e42d2cbaafb0e6dc5f48d,Answer:,No. La Morte Vivante is directed by Jean Rollin (French) and Stranger On Horseback is directed by Jacques Tourneur (American).,"Question: Are both directors of films La Morte Vivante and Stranger On Horseback from the same country?
",,32
5584,What is the cause of death of Constantia Eriksdotter's father?,2wikimqa,['poisoning'],2wikimqa,en,98ead8987446388d37301c03d7d9f24e2f511a9e0c10bcdf,Answer:,Eric XIV of Sweden was probably murdered.,"Question: What is the cause of death of Constantia Eriksdotter's father?
",,32
5631,What nationality is the director of film Postmortem (1998 Film)?,2wikimqa,['America'],2wikimqa,en,d267c5682ee42c1a570524a4b129fa908997a0ecfe07f8f6,Answer:,American,"Question: What nationality is the director of film Postmortem (1998 Film)?
",,32
8829,Which country Keōpūolani's husband is from?,2wikimqa,['Kingdom of Hawaii'],2wikimqa,en,fac1e789f954097c329b2709c591f0b35841438b14d08784,Answer:,Hawaii,"Question: Which country Keōpūolani's husband is from?
",,32
2674,"Which film came out earlier, X-Paroni or Mi Novia Está De Madre?",2wikimqa,['X-Paroni'],2wikimqa,en,c9e8d02824dfbdf95fe9f90c45dc13bc12f45b6969b1467b,Answer:,X-Paroni,"Question: Which film came out earlier, X-Paroni or Mi Novia Está De Madre?
",,32
6052,"Which film was released earlier, August Underground'S Penance or Vasantha Raagam?",2wikimqa,['Vasantha Raagam'],2wikimqa,en,f77d9c5f3892f245b951dfd32e935473f63a4c6b565e31a9,Answer:,Vasantha Raagam,"Question: Which film was released earlier, August Underground'S Penance or Vasantha Raagam?
",,32
6337,Who is the father-in-law of Hong Ra-Hee?,2wikimqa,['Lee Byung-chul'],2wikimqa,en,eb1478ef3d4926564e153e99fd139c87e59cfaee49caac88,Answer:,Lee Kun-hee,"Question: Who is the father-in-law of Hong Ra-Hee?
",,32
4501,Who is Isabella Of Bourbon's paternal grandfather?,2wikimqa,"['John I, Duke of Bourbon']",2wikimqa,en,259e029da053a54f862f2455f3b92fb5f1b810647f1c1825,Answer:,Charles of Valois,"Question: Who is Isabella Of Bourbon's paternal grandfather?
",,32
10742,What is the date of death of Duleep Singh's father?,2wikimqa,['27 June 1839'],2wikimqa,en,70923ff731dcad518ecdcdc8b53e165e8515a96ecf8f23c7,Answer:,23 October 1893,"Question: What is the date of death of Duleep Singh's father?
",,32
3888,What is the place of birth of the director of film Gunsmoke (Film)?,2wikimqa,['Gura Humorului'],2wikimqa,en,a14e739445167b1be10d3a125f958a244c4b378261598a57,Answer:,"Marshall, Indiana","Question: What is the place of birth of the director of film Gunsmoke (Film)?
",,32
5091,"Who is the spouse of the performer of song Et Moi, Et Moi, Et Moi?",2wikimqa,['Françoise Hardy'],2wikimqa,en,32092cc7b80094b9c8914c1f70000295aefc4a985747b0ed,Answer:,Jacques Dutronc,"Question: Who is the spouse of the performer of song Et Moi, Et Moi, Et Moi?
",,32
8386,"Who lived longer, Charles Wheatstone or Jean-Claude Lauzon?",2wikimqa,['Charles Wheatstone'],2wikimqa,en,0c4dd15b43d1061d372c11946aa71630926e2570f333f538,Answer:,Charles Wheatstone,"Question: Who lived longer, Charles Wheatstone or Jean-Claude Lauzon?
",,32
1917,Where was the place of death of Thomas E. Noell's father?,2wikimqa,['Washington'],2wikimqa,en,ececb22cb4bba60194702771c0d4de89658a4798d7efa1a1,Answer:,"St. Mary's Cemetery, Washington, D.C.","Question: Where was the place of death of Thomas E. Noell's father?
",,32
9611,"Which film has the director died first, Our Agent Tiger or London Melody?",2wikimqa,['London Melody'],2wikimqa,en,da746ca10a31021be62e267f4e1407178b3f4a2d340672d3,Answer:,Our Agent Tiger,"Question: Which film has the director died first, Our Agent Tiger or London Melody?
",,32
3208,Who is the paternal grandfather of Diego Fernández De Oviedo?,2wikimqa,['Flaín Muñoz'],2wikimqa,en,b8ffb375e75ee2976b8825d05d48c34638c7ffeb6d67baff,Answer:,Fernando Flaínez,"Question: Who is the paternal grandfather of Diego Fernández De Oviedo?
",,32
4398,Who is the child of the director of film The Trouble With Cali?,2wikimqa,['Mira Sorvino'],2wikimqa,en,259c17d6e4a5e4c74669836fec3c6de0730bf65e67e6d988,Answer:,Amanda Sorvino,"Question: Who is the child of the director of film The Trouble With Cali?
",,32
1863,Are Ding Yaping and Johann Christian Gustav Lucae of the same nationality?,2wikimqa,['yes'],2wikimqa,en,8af3f07b73fabc0cc4ef4e6928818d1ff08ead9f41a5085a,Answer:,No. Ding Yaping is Chinese and Johann Christian Gustav Lucae is German.,"Question: Are Ding Yaping and Johann Christian Gustav Lucae of the same nationality?
",,32
3211,"Which country Dorothea Of Denmark, Duchess Of Mecklenburg's father is from?",2wikimqa,['Norway'],2wikimqa,en,3816f7d8e90a5497a1c0e415bf25218037c690e8e4d0d016,Answer:,Denmark,"Question: Which country Dorothea Of Denmark, Duchess Of Mecklenburg's father is from?
",,32
4438,What is the cause of death of Heonjong Of Goryeo's father?,2wikimqa,['illness'],2wikimqa,en,025911ff0afd34976b0a800c198c4117f95edfcd7b64bb24,Answer:,Not provided in the passages.,"Question: What is the cause of death of Heonjong Of Goryeo's father?
",,32
10562,Where did Mary Of Woodstock's mother die?,2wikimqa,['Harby'],2wikimqa,en,cdf0b77af7d55cc9a3424613604e8dbabe7a01e4869ad502,Answer:,Eleanor of Provence died in 1291.,"Question: Where did Mary Of Woodstock's mother die?
",,32
3401,Which award the director of film Tiramisu (2002 Film) earned?,2wikimqa,['Hong Kong Film Award for Best Director'],2wikimqa,en,1ff4dc6c1f7c02445945ced1b35a08544d7ba76089675883,Answer:,Dante Lam won the Hong Kong Film Award for Best Director for his work on Beast Stalker.,"Question: Which award the director of film Tiramisu (2002 Film) earned?
",,32
1680,What is the date of death of the director of film Nallavan Vazhvan?,2wikimqa,['3 September 1992'],2wikimqa,en,c7347f362602f3a0be4b051c0b68219e0648afa64772bd30,Answer:,"The given passages do not provide the date of death for the director of film Nallavan Vazhvan, P. Neelakantan.","Question: What is the date of death of the director of film Nallavan Vazhvan?
",,32
3026,"Who died first, Frederick Cleveland Morgan or Nathaniel Mclenaghan?",2wikimqa,['Nathaniel Mclenaghan'],2wikimqa,en,0cf27c68148c99571860af561ce5f64c4524fde278defc63,Answer:,Frederick Cleveland Morgan,"Question: Who died first, Frederick Cleveland Morgan or Nathaniel Mclenaghan?
",,32
3749,Where did the director of film Balls Out (2014 Film) graduate from?,2wikimqa,['Tisch'],2wikimqa,en,93ff7c9369b6ff2f37896b54f6e4d8ff91c125f78ae8bf9a,Answer:,Tisch School of the Arts,"Question: Where did the director of film Balls Out (2014 Film) graduate from?
",,32
2697,"Which film whose director is younger, Cuchillos De Fuego or A Woman Has Killed?",2wikimqa,['Cuchillos De Fuego'],2wikimqa,en,550f734c7ef908fcfe6b1b7e761826340f00abaa5eb305a0,Answer:,Cuchillos De Fuego,"Question: Which film whose director is younger, Cuchillos De Fuego or A Woman Has Killed?
",,32
4003,"Which film was released earlier, Moment Of Danger or The Ballad Of Josie?",2wikimqa,['Moment Of Danger'],2wikimqa,en,860a0ad0039969cc7f01d512df2b0ea283d8f7d0c08886e5,Answer:,The Ballad Of Josie,"Question: Which film was released earlier, Moment Of Danger or The Ballad Of Josie?
",,32
2425,"Which magazine was established first, Rock Street Journal or De As?",2wikimqa,['De As'],2wikimqa,en,3723ec96e3b1af88c73edaa0a5e87f20194d9d212a67b615,Answer:,Rock Street Journal,"Question: Which magazine was established first, Rock Street Journal or De As?
",,32
4134,"Which film has the director who died first, The Piper'S Price or The Blonde From Singapore?",2wikimqa,"[""The Piper'S Price""]",2wikimqa,en,60735709da9cbdd65bab0a11d1a0991ec842fe74d1ab583b,Answer:,The Piper's Price,"Question: Which film has the director who died first, The Piper'S Price or The Blonde From Singapore?
",,32
5918,Are H. H. Hunnewell and Bob Flanigan (Singer) of the same nationality?,2wikimqa,['yes'],2wikimqa,en,76a7a3db55c966560ad3e8d34037602d4d12714980898b78,Answer:,Yes,"Question: Are H. H. Hunnewell and Bob Flanigan (Singer) of the same nationality?
",,32
4323,"When was Antoine Philippe, Duke Of Montpensier's mother born?",2wikimqa,['13 March 1753'],2wikimqa,en,efea9c05de081efb7ef76741d3f24da2e993d54d99677b72,Answer:,13 March 1753,"Question: When was Antoine Philippe, Duke Of Montpensier's mother born?
",,32
7162,"Which film has the director who died later, True To The Navy or No Trees In The Street?",2wikimqa,['No Trees In The Street'],2wikimqa,en,435fae9b23d8b22e85a57cfd8ceb8541dea5b0c551acc3a9,Answer:,Frank Tuttle (True to the Navy),"Question: Which film has the director who died later, True To The Navy or No Trees In The Street?
",,32
3129,What is the place of birth of the director of film Ninamaninja Kalpadukal?,2wikimqa,['Methala'],2wikimqa,en,3ee59c959e64a29c8a30263816ad47b76ffab36e5b8859ee,Answer:,"Marshall, Indiana (for Jesse E. Hobson)
Kerala, India (for N. N. Pisharody)
Fayetteville, Arkansas (for Jason Moore)
Dublin, Ireland (for Dana Blankstein)
Fredrikstad, Norway (for Ol","Question: What is the place of birth of the director of film Ninamaninja Kalpadukal?
",,32
5610,"Which film came out earlier, Alkohol or Night Of Dark Shadows?",2wikimqa,['Alkohol'],2wikimqa,en,43cf26663f3b4cec7a8ea68d56909201a2d1b1ad82512190,Answer:,Alkohol,"Question: Which film came out earlier, Alkohol or Night Of Dark Shadows?
",,32
1138,"Which film whose director is younger, Many Tanks Mr. Atkins or Do Musafir?",2wikimqa,['Do Musafir'],2wikimqa,en,77a79ad1902a4732e8030d79380395b7e614d65de3cdd038,Answer:,Do Musafir,"Question: Which film whose director is younger, Many Tanks Mr. Atkins or Do Musafir?
",,32
1241,Are Revolt In The Big House and The Fugitive (1914 Film) from the same country?,2wikimqa,['no'],2wikimqa,en,f0523a41000b43996413780968b611c3f4d28b87f4acc859,Answer:,No.,"Question: Are Revolt In The Big House and The Fugitive (1914 Film) from the same country?
",,32
2516,Where was the composer of film Consenting Adults (1992 Film) born?,2wikimqa,['New York'],2wikimqa,en,6a60fa19187345478a447b63d8f52a1cb5341e964cda29db,Answer:,New York City,"Question: Where was the composer of film Consenting Adults (1992 Film) born?
",,32
3675,"Which film has the director who died earlier, Tiger In The Smoke or Contragolpe?",2wikimqa,['Contragolpe'],2wikimqa,en,78227cb74e7b2401070e50abff8069510f5e5ccec0a2479f,Answer:,Tiger In The Smoke,"Question: Which film has the director who died earlier, Tiger In The Smoke or Contragolpe?
",,32
3052,Where was the place of death of the director of film Jail Yatra?,2wikimqa,['Mumbai'],2wikimqa,en,f7abcc33c22de53769935182a278a199e9f263a12e56673e,Answer:,Not provided in the passages.,"Question: Where was the place of death of the director of film Jail Yatra?
",,32
4756,"Which film came out first, F The Prom or The Comedians Of Comedy?",2wikimqa,['The Comedians Of Comedy'],2wikimqa,en,24a43c1b071d8bb99f51fec368dbc438cf7aea1f549ea195,Answer:,The Comedians Of Comedy came out first.,"Question: Which film came out first, F The Prom or The Comedians Of Comedy?
",,32
5772,"Which film has the director who was born first, Tombstone Rashomon or Waiting For The Clouds?",2wikimqa,['Tombstone Rashomon'],2wikimqa,en,89530e21fb2f36eb499cea025efa9c80b10049f72945bfb6,Answer:,Tombstone Rashomon,"Question: Which film has the director who was born first, Tombstone Rashomon or Waiting For The Clouds?
",,32
4828,"Which film has the director who was born earlier, Dhuen Ki Lakeer or Bomma Borusa?",2wikimqa,['Dhuen Ki Lakeer'],2wikimqa,en,e8c2e5c8d393b186e21c75788f7e93efeaef12a9c44880d9,Answer:,Kishore Sahu (Dhuen Ki Lakeer),"Question: Which film has the director who was born earlier, Dhuen Ki Lakeer or Bomma Borusa?
",,32
10456,"Which film has the director who was born first, Perdón, Viejita or Smokey And The Bandit?",2wikimqa,"['Perdón, Viejita']",2wikimqa,en,d7f6203bfe33e28a517ed4214f515fb80671c48edd4720a6,Answer:,"Perdón, Viejita","Question: Which film has the director who was born first, Perdón, Viejita or Smokey And The Bandit?
",,32
2748,Where did the director of film American Gothic (2007 Film) graduate from?,2wikimqa,['University of Wisconsin'],2wikimqa,en,517da14d56782303ccf8ec057b86bf43169b6f2edcd6d0f1,Answer:,University of Wisconsin-Madison,"Question: Where did the director of film American Gothic (2007 Film) graduate from?
",,32
4526,Was Dudley Russell or Juan René Serrano born first?,2wikimqa,['Dudley Russell'],2wikimqa,en,300ccba91f776e583d418d6d9ecc5e1bdca7bd80580cd36e,Answer:,Dudley Russell was born first.,"Question: Was Dudley Russell or Juan René Serrano born first?
",,32
3620,"Who was born first, Vytautas Straižys or Mirjam Polkunen?",2wikimqa,['Mirjam Polkunen'],2wikimqa,en,81c8cd41355e5f0489dad4010b5fd414b817f7a9134affc2,Answer:,Vytautas Straižys was born first.,"Question: Who was born first, Vytautas Straižys or Mirjam Polkunen?
",,32
9479,Where did Grand Duchess Elena Vladimirovna Of Russia's father die?,2wikimqa,['Saint Petersburg'],2wikimqa,en,0c8d9e57340d06b13e75f1dd42ddb5f08c1203fb62632353,Answer:,In 1933.,"Question: Where did Grand Duchess Elena Vladimirovna Of Russia's father die?
",,32
3592,Where was the director of film The Dinner (2013 Film) born?,2wikimqa,['Eindhoven'],2wikimqa,en,544828db02efd1313bfc0a1bdeb8c3df5985c299254b0222,Answer:,Eindhoven,"Question: Where was the director of film The Dinner (2013 Film) born?
",,32
3828,"Which magazine was established first, Women'S Suffrage Journal or Mostar (Magazine)?",2wikimqa,"[""Women'S Suffrage Journal""]",2wikimqa,en,f5cf6d94b9e4e7adfc30d262396bc29e201d9e07ead1d088,Answer:,Women's Suffrage Journal was established first.,"Question: Which magazine was established first, Women'S Suffrage Journal or Mostar (Magazine)?
",,32
3228,What is the place of birth of Carrie Watson Fleming's husband?,2wikimqa,"['Fairmont, West Virginia']",2wikimqa,en,018c9c2d781ea2c9d57a31bd2e0ff30b55e77017a319484a,Answer:,"Fairmont, West Virginia","Question: What is the place of birth of Carrie Watson Fleming's husband?
",,32
2305,"Which film has the director who died earlier, Mayor Muthanna or The Market Of Souls?",2wikimqa,['The Market Of Souls'],2wikimqa,en,93ef40c0bfa088c2a2dd3302976a950cba3e8d97767f65ce,Answer:,Mayor Muthanna,"Question: Which film has the director who died earlier, Mayor Muthanna or The Market Of Souls?
",,32
4201,"Do both films, The Glass Castle (1950 Film) and The Ferret (Film), have the directors who are from the same country?",2wikimqa,['yes'],2wikimqa,en,e15605da0c5b6f02c85aff9f1f683d3f85d211c083792ecb,Answer:,Yes,"Question: Do both films, The Glass Castle (1950 Film) and The Ferret (Film), have the directors who are from the same country?
",,32
4417,Where was the father of Muhammad Al-Nasir born?,2wikimqa,['Morocco'],2wikimqa,en,bf2899717e8d7d3d83d865ca5ff59e26d7f647e6025e2d52,Answer:,Al-Nasir's father was born in c. 1182.,"Question: Where was the father of Muhammad Al-Nasir born?
",,32
8701,Where was the place of death of Enheduanna's father?,2wikimqa,['Akkadian empire'],2wikimqa,en,57db7adad0b62b8a396fd45937030d876ecd02153b8a931e,Answer:,Beaulieu-sur-Loire,"Question: Where was the place of death of Enheduanna's father?
",,32
4580,"Which film whose director was born first, Solemn Promise or Tarzan The Magnificent?",2wikimqa,['Tarzan The Magnificent'],2wikimqa,en,ce6a3aae400b3f5f028504fec37d7be8b447bd0cb1a0cff5,Answer:,Solemn Promise,"Question: Which film whose director was born first, Solemn Promise or Tarzan The Magnificent?
",,32
3774,"Which film has the director who was born later, The Man Is Armed or Wolf Warrior?",2wikimqa,['Wolf Warrior'],2wikimqa,en,c997d53083dff6918a3f066cc76c824e43eb4ea21de33c51,Answer:,The Man Is Armed,"Question: Which film has the director who was born later, The Man Is Armed or Wolf Warrior?
",,32
3718,Who is the paternal grandfather of Trịnh Doanh?,2wikimqa,['Trịnh Bính'],2wikimqa,en,184929a3ff00c41a966da9d53444da794af70ce90d624205,Answer:,Trịnh Cương,"Question: Who is the paternal grandfather of Trịnh Doanh?
",,32
4854,Where was the director of film Hellcats Of The Navy born?,2wikimqa,['Gura Humorului'],2wikimqa,en,56db201f810a3d01b7d14e8e9e6dd94820ecaf2f4a86b2b9,Answer:,"Marshall, Indiana","Question: Where was the director of film Hellcats Of The Navy born?
",,32
7562,Where was the performer of song Feelin' Myself (Nipsey Hussle Song) born?,2wikimqa,['Crenshaw'],2wikimqa,en,fefa6cc344f63fdceda9662af921fdcdf645abb8fe87ea73,Answer:,"August 15, 1985, Los Angeles, California, USA","Question: Where was the performer of song Feelin' Myself (Nipsey Hussle Song) born?
",,32
3065,"Which film whose director is younger, Winter Sleepers or Poveri Milionari?",2wikimqa,['Winter Sleepers'],2wikimqa,en,9b0dc01a1388db020e5c5c428a002d099f8a35544e9b6261,Answer:,Winter Sleepers,"Question: Which film whose director is younger, Winter Sleepers or Poveri Milionari?
",,32
4040,Who is the paternal grandfather of Bruno Ii Von Berg?,2wikimqa,['Adolf II of Berg'],2wikimqa,en,34896de8d6a2c70e09b6dc3d113475a58899961d2aa356b3,Answer:,Adolf III of Berg,"Question: Who is the paternal grandfather of Bruno Ii Von Berg?
",,32
6771,Are The Other Half (2016 Film) and Spy Kids 2: The Island Of Lost Dreams from the same country?,2wikimqa,['no'],2wikimqa,en,0f629fbc7a6c3689ee9771af3aa81400674e673f11d47f2d,Answer:,No. The Other Half (2016 Film) is from Canada and Spy Kids 2: The Island Of Lost Dreams is from the United States.,"Question: Are The Other Half (2016 Film) and Spy Kids 2: The Island Of Lost Dreams from the same country?
",,32
3140,Where was the director of film 00 Schneider – Jagd Auf Nihil Baxter born?,2wikimqa,['Mülheim an der Ruhr'],2wikimqa,en,13dde588b81d1de4a9984418bf3d6791de7d1b1edf21d61b,Answer:,Helge Schneider was born in Mülheim an der Ruhr.,"Question: Where was the director of film 00 Schneider – Jagd Auf Nihil Baxter born?
",,32
2809,"Which film came out first, Una Prostituta Al Servizio Del Pubblico E In Regola Con Le Leggi Dello Stato or The Bag Man?",2wikimqa,['Una Prostituta Al Servizio Del Pubblico E In Regola Con Le Leggi Dello Stato'],2wikimqa,en,cf56ec8180c3c7622a439e68704fc1ff73770f2e8ee2926e,Answer:,Una Prostituta Al Servizio Del Pubblico E In Regola Con Le Leggi Dello Stato came out first.,"Question: Which film came out first, Una Prostituta Al Servizio Del Pubblico E In Regola Con Le Leggi Dello Stato or The Bag Man?
",,32
10991,"Are the movies The Hatton Garden Job and Carry On Cleo, from the same country?",2wikimqa,['yes'],2wikimqa,en,78d3bf98f7b05622b428940d273b8c493f24a4468d1998dd,Answer:,Yes,"Question: Are the movies The Hatton Garden Job and Carry On Cleo, from the same country?
",,32
3759,Who is the paternal grandfather of Dibyasambandh?,2wikimqa,['Mongkut'],2wikimqa,en,9b0b29e391c61c570b20fae813486bc757c1fb7d25d83049,Answer:,Bhanurangsi Savangwongse,"Question: Who is the paternal grandfather of Dibyasambandh?
",,32
3293,"Who is Charles Willoughby, 10Th Baron Willoughby Of Parham's paternal grandmother?",2wikimqa,['Lady Frances Manners'],2wikimqa,en,bdb42f1c30e16bbcdf6f0ab7c1f76765ddaa5817ee5e674b,Answer:,Elizabeth Blount,"Question: Who is Charles Willoughby, 10Th Baron Willoughby Of Parham's paternal grandmother?
",,32
9453,"Where does the director of film L'Arbre, Le Maire Et La Médiathèque work at?",2wikimqa,['Cahiers du cinéma'],2wikimqa,en,a7b5c5d84d974a849b0d042c435bbb3fe90ff50fd5d73f79,Answer:,Maihaugen and the Norwegian Museum of Cultural History.,"Question: Where does the director of film L'Arbre, Le Maire Et La Médiathèque work at?
",,32
3945,Where was the director of film Eisenstein In Guanajuato born?,2wikimqa,"['Newport, Wales']",2wikimqa,en,d0b11838d26195f89d1568431f88a02b4f4d8c9cdf99e04a,Answer:,"Peter Greenaway was born in Newport, Monmouthshire, Wales.","Question: Where was the director of film Eisenstein In Guanajuato born?
",,32
9096,What is the place of birth of Sextus Barbour's father?,2wikimqa,"['Gordonsville, Virginia']",2wikimqa,en,ca72ce55dc8f774617c794681dd7062eadfd14e679418cfa,Answer:,"Orange County, Virginia","Question: What is the place of birth of Sextus Barbour's father?
",,32
8046,What is the place of birth of the performer of song Ruleta (Inna Song)?,2wikimqa,['Mangalia'],2wikimqa,en,10dc2bd4f7fb1b834c7f563ae3d7af5d269d84b3dfc0b056,Answer:,Romania,"Question: What is the place of birth of the performer of song Ruleta (Inna Song)?
",,32
4871,Who is the father of the director of film A No-Hit No-Run Summer?,2wikimqa,['Félix Leclerc'],2wikimqa,en,bbaa4eb6b32bad24fc2b8639d03be8c16d1140ec8454b16a,Answer:,Félix Leclerc,"Question: Who is the father of the director of film A No-Hit No-Run Summer?
",,32
5577,"Who is Henri Ii, Duke Of Nemours's paternal grandfather?",2wikimqa,['Jacques'],2wikimqa,en,bc596d2ebcd25e79ca9cd689e50746e42e9a6fc579afc683,Answer:,Jacques de Savoie,"Question: Who is Henri Ii, Duke Of Nemours's paternal grandfather?
",,32
11622,Who is Gisela Of Hungary's father-in-law?,2wikimqa,['Géza'],2wikimqa,en,f73db1873c311b2a38f27a52c5e05b021da0c2fe9590dac3,Answer:,Stephen I of Hungary,"Question: Who is Gisela Of Hungary's father-in-law?
",,32
4142,Who is the paternal grandmother of King Kang Of Zhou?,2wikimqa,['Yi Jiang'],2wikimqa,en,53f6acc70a61443a93c25c91ca7dc7f8780046d02e28c94a,Answer:,Wang Jiang (of the Jiang clan),"Question: Who is the paternal grandmother of King Kang Of Zhou?
",,32
6374,"What is the date of death of Maria Isabel De Alcântara, Countess Of Iguaçu's mother?",2wikimqa,"['November 3, 1867']",2wikimqa,en,88e4806d6c6553000e3c1ff8be5c90f5309342954ce4acae,Answer:,5 September 1896,"Question: What is the date of death of Maria Isabel De Alcântara, Countess Of Iguaçu's mother?
",,32
10243,Who is the spouse of the director of film Rodney Steps In?,2wikimqa,['Ivy Duke'],2wikimqa,en,25b5c6893c13f6e52ddd541c03f5bd6bb7b17cfeb15d9f16,Answer:,The spouse of the director of film Rodney Steps In is not mentioned in the passage.,"Question: Who is the spouse of the director of film Rodney Steps In?
",,32
2765,"When did Frances Vane, Marchioness Of Londonderry's father die?",2wikimqa,['1 August 1813'],2wikimqa,en,3cff7074281c58717aa65021d875cc1e6a6321f71cd77742,Answer:,1813,"Question: When did Frances Vane, Marchioness Of Londonderry's father die?
",,32
6966,"Which film has the director who is older than the other, Season Of Strangers or The Yellow Teddy Bears? ",2wikimqa,['Season Of Strangers'],2wikimqa,en,13c4f5388b670f6c20b168e782f7478616fa3ba2edca3081,Answer:,Season Of Strangers,"Question: Which film has the director who is older than the other, Season Of Strangers or The Yellow Teddy Bears? 
",,32
4450,Were Jake Eisenhart and Michael T. Ullman of the same nationality?,2wikimqa,['yes'],2wikimqa,en,0c35123885c26fc474a7cd8e7c03fe75bfff4fc15845d3b9,Answer:,No.,"Question: Were Jake Eisenhart and Michael T. Ullman of the same nationality?
",,32
3131,"Who was born first, Antoine Casavant or Abdul Ali Lalu?",2wikimqa,['Antoine Casavant'],2wikimqa,en,2a0554b724822b6c611539e39b44381f752acdecce4868ad,Answer:,Antoine Casavant,"Question: Who was born first, Antoine Casavant or Abdul Ali Lalu?
",,32
4103,Where did Rameshwari Nehru's husband graduate from?,2wikimqa,['Oxford'],2wikimqa,en,acb93469117282f2d0131e19f6210e007d681bc7a78e7b64,Answer:,Oxford University,"Question: Where did Rameshwari Nehru's husband graduate from?
",,32
2932,"Who is the paternal grandfather of Sir John Hamilton-Dalrymple, 5Th Baronet?",2wikimqa,"['Sir Hew Dalrymple, 2nd Baronet']",2wikimqa,en,a7d0cfa55dce1e96490d1e6c0188398864724e96a44e4b79,Answer:,"Sir Hew Dalrymple, 3rd Baronet","Question: Who is the paternal grandfather of Sir John Hamilton-Dalrymple, 5Th Baronet?
",,32
2692,"Which film has the director who was born earlier, Khud-Daar or Murderer In The Fog?",2wikimqa,['Murderer In The Fog'],2wikimqa,en,7a35ba110f4c26f7eb9d4dcc2e8c1baac383c777f0904976,Answer:,Khud-Daar,"Question: Which film has the director who was born earlier, Khud-Daar or Murderer In The Fog?
",,32
7443,Who is the spouse of the director of film Soldier (1998 American Film)?,2wikimqa,['Milla'],2wikimqa,en,b9a9b860c0f0430853d1db2756095da274d522beed2acbeb,Answer:,Paul W. S. Anderson (not a character in the film),"Question: Who is the spouse of the director of film Soldier (1998 American Film)?
",,32
3523,"Where did Catherine Of Taranto, Countess Of Copertino's mother die?",2wikimqa,['Lecce'],2wikimqa,en,a49e29926d7019e6cbaf6b0610453eda22fa1ce9043f5829,Answer:,"In either a nunnery or imprisoned by Philip I, Prince of Taranto.","Question: Where did Catherine Of Taranto, Countess Of Copertino's mother die?
",,32
3529,Which award the director of film Lady Magdalene'S got?,2wikimqa,['Prometheus Award'],2wikimqa,en,29ec971fbdf0df2d0c41c497de945024db6159c0c30be307,Answer:,Special Jury Prize for Libertarian Ideals,"Question: Which award the director of film Lady Magdalene'S got?
",,32
4847,What nationality is Princess Charlotte Of Saxe-Meiningen's husband?,2wikimqa,['Duchy of Saxe-Gotha-Altenburg'],2wikimqa,en,de14d0bf7b2c73f7a21875677eed84a1ef270d2f29dc5b99,Answer:,German,"Question: What nationality is Princess Charlotte Of Saxe-Meiningen's husband?
",,32
9998,"Which film has the director who was born first, The Longshots or Station For Two?",2wikimqa,['Station For Two'],2wikimqa,en,49035ecce6e78a355307dd6a1ddb11a87cab76090d655d2f,Answer:,The Longshots,"Question: Which film has the director who was born first, The Longshots or Station For Two?
",,32
4097,What is the place of birth of Aleksey Greig's father?,2wikimqa,['Inverkeithing'],2wikimqa,en,d04cc75917c9ef6b7a78b82491229023013ef3cea72bfba4,Answer:,"Kronstadt, Russia","Question: What is the place of birth of Aleksey Greig's father?
",,32
9182,When did Thomas Of Galloway (Bastard)'s father die?,2wikimqa,['1234'],2wikimqa,en,8848d4bd1425f8bef31b6c279ec378bcbca14f10b702c4ea,Answer:,1234,"Question: When did Thomas Of Galloway (Bastard)'s father die?
",,32
6136,"When did Robert Bertie, 3Rd Earl Of Lindsey's father die?",2wikimqa,['25 July 1666'],2wikimqa,en,72132e87102859b583fb69a8a2a6a8b026be4fec5a1437e0,Answer:,1666,"Question: When did Robert Bertie, 3Rd Earl Of Lindsey's father die?
",,32
9043,"Which film has the director born later, The Wind'S Fierce or Special Delivery (1927 Film)?",2wikimqa,"[""The Wind'S Fierce""]",2wikimqa,en,0c15fb826ac59bbde9df698db9c277def2bc72fa5b7b497d,Answer:,Special Delivery (1927 Film),"Question: Which film has the director born later, The Wind'S Fierce or Special Delivery (1927 Film)?
",,32
8169,Why did the director of film Port Of Seven Seas die?,2wikimqa,['drowning'],2wikimqa,en,cf5321576ab8cc1b8453991abac66aa5d46155d8ffa7ee17,Answer:,Suicide by drowning.,"Question: Why did the director of film Port Of Seven Seas die?
",,32
3593,What is the place of birth of Abdulaziz Nasser Al Shamsi's wife?,2wikimqa,['Abu Dhabi'],2wikimqa,en,6110cb2d4156df8d180fdd01e5f340c4731f7d1f4583fc5a,Answer:,Abu Dhabi,"Question: What is the place of birth of Abdulaziz Nasser Al Shamsi's wife?
",,32
3584,What is the place of birth of Frank Wartenberg's wife?,2wikimqa,['Prenzlau'],2wikimqa,en,b1034d8bbeeba5f9001f48311c182d2a20782462f0c2ed65,Answer:,Bülzig,"Question: What is the place of birth of Frank Wartenberg's wife?
",,32
3814,Where was the director of film Edges Of The Lord born?,2wikimqa,['Poznań'],2wikimqa,en,7218faa7d718853f8df4329a7242806cf70e63ece56f8cdb,Answer:,Poznań,"Question: Where was the director of film Edges Of The Lord born?
",,32
4597,Where was the father of Teobaldo Ii Ordelaffi born?,2wikimqa,['Italy'],2wikimqa,en,78436f55ae9c254da5a54558ddd196c94850ba7a2b6fa637,Answer:,Not provided in the passages.,"Question: Where was the father of Teobaldo Ii Ordelaffi born?
",,32
3366,Where was the husband of Maude Smith born?,2wikimqa,"['Toronto, Ontario']",2wikimqa,en,ddd046530f4979511397f82fe5391d0a646c0aa18225a98e,Answer:,Canada,"Question: Where was the husband of Maude Smith born?
",,32
4389,"Which film was released earlier, Forbidden Daughters or The Third Kiss?",2wikimqa,['Forbidden Daughters'],2wikimqa,en,2ce836524b90befee94e944e77ce3420878e75b5a1e14c26,Answer:,The Third Kiss,"Question: Which film was released earlier, Forbidden Daughters or The Third Kiss?
",,32
4958,Does Leslie Pietrzyk have the same nationality as Marianne Wiggins?,2wikimqa,['yes'],2wikimqa,en,bcd3d700ef14d9a1f6b766c5d185b43ac8f3b7feffd4732f,Answer:,No.,"Question: Does Leslie Pietrzyk have the same nationality as Marianne Wiggins?
",,32
3425,"Who was born first, Bogdan Țăruș or Robert Wulnikowski?",2wikimqa,['Bogdan Țăruș'],2wikimqa,en,24591a37ff748fb849a62e6a4f4095f7089d7ced43595d01,Answer:,Robert Wulnikowski was born first.,"Question: Who was born first, Bogdan Țăruș or Robert Wulnikowski?
",,32
1945,"Which film has the director who died first, Folgore Division or Sandflow?",2wikimqa,['Sandflow'],2wikimqa,en,2e86241a9d27925aa52e039067fa83e27e305301188daef7,Answer:,Duilio Coletti (director of Folgore Division) died first.,"Question: Which film has the director who died first, Folgore Division or Sandflow?
",,32
3894,"Which film has the director born later, From Corleone To Brooklyn or Durango Valley Raiders?",2wikimqa,['From Corleone To Brooklyn'],2wikimqa,en,c1d354f1d1855b21eb3c3cd204d5030080ef9e3c7e4b0195,Answer:,From Corleone To Brooklyn,"Question: Which film has the director born later, From Corleone To Brooklyn or Durango Valley Raiders?
",,32
667,Are both Howard Lake (British Columbia) and North Buck Lake (Alberta) located in the same country?,2wikimqa,['yes'],2wikimqa,en,2c605656720054b6c9e6e0f15f99c1b4675db67e6e098cee,Answer:,No,"Question: Are both Howard Lake (British Columbia) and North Buck Lake (Alberta) located in the same country?
",,32
10974,Where was the place of death of the composer of song Gretchen Am Spinnrade?,2wikimqa,['Vienna'],2wikimqa,en,1edc61803f35344a5a4b6d273e6eb0f643fefcec0fa0a22a,Answer:,Not provided in the passages.,"Question: Where was the place of death of the composer of song Gretchen Am Spinnrade?
",,32
6044,"Who was born later, Hugh Evelyn Wortham or Johnny Ekström?",2wikimqa,['Johnny Ekström'],2wikimqa,en,d65eba4a41497416d108c17f366636efb4cbda4c215c8818,Answer:,Hugh Evelyn Wortham,"Question: Who was born later, Hugh Evelyn Wortham or Johnny Ekström?
",,32
592,"Are both mountains, Yana Urqu (Q'Umirqucha) and Puka Rumi, located in the same country?",2wikimqa,['yes'],2wikimqa,en,2df722c08f52cbf987c84019f7f2e5455cd29992738441cc,Answer:,No,"Question: Are both mountains, Yana Urqu (Q'Umirqucha) and Puka Rumi, located in the same country?
",,32
11950,What nationality is Elizabeth Of Rhuddlan's father?,2wikimqa,['England'],2wikimqa,en,814dddaa4a997380fc80cc1c72d48cb20545411924a0603f,Answer:,English,"Question: What nationality is Elizabeth Of Rhuddlan's father?
",,32
4337,"What is the cause of death of director of film I Will, I Will... For Now?",2wikimqa,['Parkinson'],2wikimqa,en,1d554e7ae21ed7b5d142b57bcdab110cf6cea6f5256a58ee,Answer:,Parkinson's disease,"Question: What is the cause of death of director of film I Will, I Will... For Now?
",,32
3947,"Who is Maurice De Berkeley, 4Th Baron Berkeley's maternal grandfather?",2wikimqa,"['Roger Mortimer, 1st Earl of March']",2wikimqa,en,d0ebddd00bfc9c5747021ae27c0ea5cdf21355bc86b83753,Answer:,"Thomas de Berkeley, 5th Baron Berkeley","Question: Who is Maurice De Berkeley, 4Th Baron Berkeley's maternal grandfather?
",,32
4441,"Who died first, Albertus Seba or Ali Dinar?",2wikimqa,['Albertus Seba'],2wikimqa,en,8f6c8de1c1518b5bdcbc4ff1cdfe035b9207971a6362574f,Answer:,Ali Dinar,"Question: Who died first, Albertus Seba or Ali Dinar?
",,32
8935,"Who is the maternal grandfather of Marie Louise, Duchess Of Parma?",2wikimqa,['Ferdinand I of the Two Sicilies'],2wikimqa,en,59e42b2cab6da2436fae05e25c49f6f4b4893b07bb48e3c1,Answer:,Maria Carolina of Naples and Sicily,"Question: Who is the maternal grandfather of Marie Louise, Duchess Of Parma?
",,32
3155,"Which film was released earlier, Prince Of Arcadia or Italia-Germania 4-3?",2wikimqa,['Prince Of Arcadia'],2wikimqa,en,35cbcb102aa5b4f9188011190e0f30456df5673fcddacf49,Answer:,Prince Of Arcadia,"Question: Which film was released earlier, Prince Of Arcadia or Italia-Germania 4-3?
",,32
3195,Where was the director of film Love At First Sight (1985 Film) born?,2wikimqa,['Milan'],2wikimqa,en,44864cf7bbca78294d1b24c5acfa035f30849d802356aad4,Answer:,"Marco Risi was born in Milan, Italy.","Question: Where was the director of film Love At First Sight (1985 Film) born?
",,32
3719,Where did the director of film Nanon (1938 Film) die?,2wikimqa,['Köln'],2wikimqa,en,67705e148a6e0540819f466bb4fdc73ed2e5cbcd64d80930,Answer:,Köln,"Question: Where did the director of film Nanon (1938 Film) die?
",,32
