_id,predicted_answer,language,question,answers,task,answer_prefix,all_classes,length,compression_ratio,max_new_tokens,dataset
c29e95ab6195406aceecf3874186150cb1b8b26db5bcd0e4, The South West Ultras fan club.,en,,['South West Ultras fan club.'],multifieldqa_en,Answer:,,819,0.75,84,multifieldqa_en
1d46294ee8fcc0a64828778b04198fcbe4f75841775e1205, No.,en,,"['No, it is not necessary.']",multifieldqa_en,Answer:,,6900,0.75,84,multifieldqa_en
5b978c8d5792b07ad99da0fc2639c6046051e9c29825ad25," Low-temperature scanning tunneling microscopy and spectroscopy (STM/STS), ab-initio calculations based on density functional theory and Green's functions.",en,,['Low temperature scanning tunneling microscopy and spectroscopy (STM/STS).'],multifieldqa_en,Answer:,,4297,0.75,84,multifieldqa_en
2f73cf12085e3fb879c775fc4851b72092a060cad5a927c6, A surgically implanted electronic device to treat life-threatening heartbeat irregularities.,en,,['Implantable Cardioverter Defibrillator (ICD) is a surgically implanted electronic device to treat life-threatening heartbeat irregularities.'],multifieldqa_en,Answer:,,8925,0.75,84,multifieldqa_en
41e27260a12cc40a778f8c1ba8bf643ee655871a458e5e1c," If the sides were not sloped, the section formed would be cylindrical, and the longerons would lie flat.",en,,['The sides of the fuselage are sloped to create a conical section when the fuselage is formed.'],multifieldqa_en,Answer:,,6250,0.75,84,multifieldqa_en
917f18543035ee1b9161cded1d3352531dbf3b249b5f0a18, The proximity of superconductivity tends to suppress the Kondo effect if the superconducting energy gap becomes larger than the relevant Kondo temperature.,en,,['It tends to suppress the Kondo effect.'],multifieldqa_en,Answer:,,5009,0.75,84,multifieldqa_en
b5b0eb150f44a4d7641b9adf9267ca0c2492ea46626449b3," Electricity is used in a huge and growing number of ways, including lighting, heating, refrigeration, telecommunications, and powering vehicles.",en,,"['Electricity is used for transport, heating, lighting, communications, and computation.']",multifieldqa_en,Answer:,,6202,0.75,84,multifieldqa_en
e02f6a69d7b2a96a3aa6cd84a9189c2d552f6fb089f216e1, Vice Admiral.,en,,['Vice Admiral.'],multifieldqa_en,Answer:,,2292,0.75,84,multifieldqa_en
ed61bdde19a3446389e989c06ab4209f464f9484d42dbd1c, 15–3,en,,['They won their first game with a score of 15-3.'],multifieldqa_en,Answer:,,972,0.75,84,multifieldqa_en
c7ad556387e8215bae3f8ccd30ba35e0093218fe48168718," Vitamins K3, K4, and K5.",en,,"['Vitamins K3, K4, and K5.']",multifieldqa_en,Answer:,,7133,0.75,84,multifieldqa_en
566881d2138d7e29cd6dd2b661b6f7ffe4c515c92fdaf837, Yes.,en,,"['Yes, individual molecules of indeno[1,2-a]fluorene can switch between open-shell and closed-shell states by changing their adsorption site on the surface.']",multifieldqa_en,Answer:,,5523,0.75,84,multifieldqa_en
0f101ee4ea9d1d88998598e0405367ad95912c92a7d7a31d, 3-D printing and software development.,en,,['3-D printing and software development.'],multifieldqa_en,Answer:,,8501,0.75,84,multifieldqa_en
b3f3be2f0b46c0df08868f749519635186e6e22cf054ca79, 90 μg and 120 μg respectively.,en,,['90 μg for women and 120 μg for men.'],multifieldqa_en,Answer:,,7142,0.75,84,multifieldqa_en
4c7891d780eb3f45e8c4e5bf14fd9ed6c0bf898fb159b329, The watt.,en,,"['Watt, one joule per second.']",multifieldqa_en,Answer:,,6197,0.75,84,multifieldqa_en
04b588ff2dea15f4a9c4fdbaabc55aaad1ba3446114d6741, Flexibility.,en,,['Flexibility.'],multifieldqa_en,Answer:,,7565,0.75,84,multifieldqa_en
470018af720bc15decf8f7a9643250c9a6548c8efeb394cd, Jacob C. Landau,en,,['Jacob C. Landau.'],multifieldqa_en,Answer:,,2085,0.75,84,multifieldqa_en
120cb783c796fbedbc76f04cf9be3318e54a63cd642c4401, The main methodology used in the research is a compositional emergent communication paradigm that combines contrastive learning with an information bottleneck to enable agents to learn a natural language-inspired lexicon of messages that can be used to coordinate and communicate with each other in multi-agent reinforcement learning scenarios.,en,,['An unsupervised method based on the information bottleneck and contrastive learning.'],multifieldqa_en,Answer:,,6235,0.75,84,multifieldqa_en
032ee1448dec7751d00cd9f752fc61c5843a47e49dd7fcb6," The function beta(r) is determined by applying the vacuum Einstein equation to a test ball in free fall, specifically by considering the volume of the test ball and requiring that it be constant, which leads to the differential equation beta(r) * beta'(r) = C / r^2, where C is a constant.",en,,['Using the vacuum Einstein equation and the Baez-Bunn form.'],multifieldqa_en,Answer:,,4982,0.75,84,multifieldqa_en
18ef34b54d2ddc134e1be7cae3d6101432465011d016c77a, 70-75 metres.,en,,['The water depth in the Greater Ekofisk Area is 70-75 meters.'],multifieldqa_en,Answer:,,6625,0.75,84,multifieldqa_en
74334862b5d8e2a02deb3c24aa90d5339e443fbc412453b8," Other toxic products, rather than a genuine placebo or saline.",en,,['Other toxic products.'],multifieldqa_en,Answer:,,3141,0.75,84,multifieldqa_en
934162f30867844eb8d74c9d62c1e2aba3fca790b5b1d53e," Brisbane, Cleveland, Queensland, Australia.",en,,"['Margaret Way was born in Brisbane and died in Cleveland, Queensland, Australia.']",multifieldqa_en,Answer:,,1203,0.75,84,multifieldqa_en
e568cc6d77a0a433937ab4bcf62e49b36a5cf7b3faa0d3ab, L = 8 and L = 14.,en,,['L = 8 and L = 14.'],multifieldqa_en,Answer:,,5385,0.75,84,multifieldqa_en
daa4eb9d8b28a987b1c2c049200634cdc510636b19a64ccd, 5,en,,['5.'],multifieldqa_en,Answer:,,4837,0.75,84,multifieldqa_en
191c14b84f0c8cdad3297f2bee552fb089178995208d7185," Lasa, Gitastrophe, and Shadoks.",en,,"['Lasa, Gitastrophe, and Shadoks.']",multifieldqa_en,Answer:,,3791,0.75,84,multifieldqa_en
9831469b98405cd1fc1bee7de6f9630ae1cbb5946fd7ca0b, The court concluded that the claimed transformation process be both ‘‘(1) limited to methods of organizing human activity’’ and ‘‘(2) limited to methods of organizing human activity that involve a specific machine or apparatus’’,en,,['It required the transformation to be limited to specific data and a visual depiction representing specific objects or substances.'],multifieldqa_en,Answer:,,6925,0.75,84,multifieldqa_en
7ae0ad8d4ded2dee79251ff4f951ecfcabad31d8b4f896ae," The learning rate rapidly rises as the transition probability increases, but eventually reaches zero as the transition probability becomes too fast.",en,,"['As the transition probability increases, the learning rate initially rises and then declines.']",multifieldqa_en,Answer:,,5346,0.75,84,multifieldqa_en
91c198d5820bfba5caf396532a0b30a531e9d09a7a9005a4," Ultracold neutral plasmas that form via kinetic rate processes from state-selected Rydberg gases, with a particular emphasis on molecular ultracold plasmas.",en,,['A subset that form via kinetic rate processes from state-selected Rydberg gases.'],multifieldqa_en,Answer:,,5088,0.75,84,multifieldqa_en
34f9b2c3d79ced580687f9653a6908215f79b1405a918cd0, Wearable sensors.,en,,['Wearable sensors.'],multifieldqa_en,Answer:,,7670,0.75,84,multifieldqa_en
8fbf0a6531d9250e6bcda0c7ba456441f6d4073bf08de826, fairness.,en,,['Fairness.'],multifieldqa_en,Answer:,,5701,0.75,84,multifieldqa_en
d1f31d2998513a4552d0419e16f8eba896e9ea1c8403605b," ""I have seen the Lord.""",en,,"['""I have seen the Lord."".']",multifieldqa_en,Answer:,,6856,0.75,84,multifieldqa_en
6caa98612cf0e2ddf58e1ba70daaf79a3ac616280fb48188," Developing a robust and flexible research infrastructure to conduct large-scale cross-sectional studies, and verifying the efficacy of other meta-information such as patient's gender, EHR system, etc.",en,,"[""Verifying other meta-information such as patient's gender, age, race, etc.""]",multifieldqa_en,Answer:,,2947,0.75,84,multifieldqa_en
1f3b1e37c3d2ead7ab4fe7dd9d5cddd55b2c76d28e6bfc86," Simulated and real data, specifically a wireless MISO channel acquired in a realistic indoor scenario.",en,,['The authors used simulated data and real data from a wireless MISO channel.'],multifieldqa_en,Answer:,,2554,0.75,84,multifieldqa_en
33bfe67a3d40e71a5e5351ea5db4ea55df61a018d071074b, The baseline references the mid point of the firewall for the developed (and true dimensioned) side panel.,en,,['The baseline is used as a reference for the mid point of the firewall for the developed side panel.'],multifieldqa_en,Answer:,,6340,0.75,84,multifieldqa_en
048c12357868d908dfb979ef3c5c6cf7f6d85053acf1cac4," It provides cover for the war and allows supporters of the illegal war to point to it and insist that ""Things aren't so bad!""",en,,['It provides cover for the war and allows supporters of the illegal war to point to it.'],multifieldqa_en,Answer:,,4467,0.75,84,multifieldqa_en
aeb34faf1b5507b32d6d5b49474ea5c71d4ec2aa84a82d93, The main advantage of the proposed method is that the time required to update the robot's belief does not increase with the complexity of the environment.,en,,['The time required to update the belief does not increase with the complexity of the environment.'],multifieldqa_en,Answer:,,5665,0.75,84,multifieldqa_en
d70ca68d05af951cd8ff2052095597d1b4dca557bfb0b40b, The Tevatron Collider Run II started in March 2002 and is expected to continue until the end of this decade.,en,,['The Tevatron Collider Run II started in March 2002 and is expected to continue until the end of this decade.'],multifieldqa_en,Answer:,,2431,0.75,84,multifieldqa_en
69e69439e349a539ca4cff96ae35aa8499ca61886801d488, Four,en,,['Four.'],multifieldqa_en,Answer:,,1414,0.75,84,multifieldqa_en
135b82aecda3c83cfd73d1447e8f92a8a44de50ffdb09444, The stability of $u$ is just saying that the second variation at $u$ of the energy associated with the equation is non-negative.,en,,"[""$\\int f'(u) \\psi^2 \\le \\int | \\nabla \\psi|^2, \\forall \\psi \\in C_c^2$.""]",multifieldqa_en,Answer:,,3743,0.75,84,multifieldqa_en
49d0334d26929f712de2cba070a74752f415313c08166f80, The normalized least mean square (NLMS) algorithm.,en,,['The normalized least mean square (NLMS) algorithm.'],multifieldqa_en,Answer:,,2008,0.75,84,multifieldqa_en
751053416f74a11311a13e801634fff8fd48649d3921b368, Del Bigtree and his team at ICAN.,en,,['Del Bigtree and his team at ICAN.'],multifieldqa_en,Answer:,,3150,0.75,84,multifieldqa_en
b619fa683cbbeb8db3d575fc2e261940701a530452b14eef, Ethynyl (C2H),en,,['The focus of the study was on the reactive radical ethynyl (C$_2$H).'],multifieldqa_en,Answer:,,2115,0.75,84,multifieldqa_en
25ebcea4435f88495b4175446d1d7d6dacb1034a8f861ca5, 1964,en,,"['Weep Not, Child was first published in 1964.']",multifieldqa_en,Answer:,,1489,0.75,84,multifieldqa_en
7a503a81877d3baca86f8d7179209e4899823433ab3326f3," The maximum velocity is proportional to the square root of the amplitude for large amplitudes, and proportional to the amplitude for small amplitudes.",en,,['The maximum velocity scales with the square root of the amplitude.'],multifieldqa_en,Answer:,,2748,0.75,84,multifieldqa_en
4214e20df9d299bae4fb9ba8d1b4792d516812e86960009c, Actin and a complex network of proteins that link extracellular signals to the actin cytoskeleton.,en,,['They are rich in actin and have been shown to be highly dynamic.'],multifieldqa_en,Answer:,,6654,0.75,84,multifieldqa_en
ddfed65e5495d0257b22a9537993c3453d8590cc94b8e0d6," 14,520",en,,"['There are 14,520 attendees, including 7,152 chemical scientists, 5,059 students, 1,283 exhibitors, 119 precollege teachers, 573 exposition visitors, and 453 guests.']",multifieldqa_en,Answer:,,6444,0.75,84,multifieldqa_en
e4725ed7b6df9933d5336f79d5c9d1d803a3e475831f1017, He acknowledged that the Internet has caused far-reaching systemic changes and that Quill now harms States to a greater degree than anticipated earlier.,en,,['Quill harmed states more than anticipated due to the Internet.'],multifieldqa_en,Answer:,,5429,0.75,84,multifieldqa_en
79ffdceb9859803e365c3de5d24c187ed06b15f04d04ae6a, Environmental fluctuation and uncertainty.,en,,['Environmental fluctuation and uncertainty control the reliance of artificial organisms on plasticity.'],multifieldqa_en,Answer:,,5339,0.75,84,multifieldqa_en
9ac60cf60d4bae1dc93b09f374b74b3dec8b1b333397d7cd," The completed fuselage sides bow up from the building surface, forming a ""banana"" or ""banana"" shape.",en,,"['The longerons bow up from the building surface, forming a ""banana"" shape.']",multifieldqa_en,Answer:,,6240,0.75,84,multifieldqa_en
0e2b2bc81542b95fb86a7fe76cf11c52316937c9aac9123e, January 1929,en,,['Goodwin became a Naval aviator in January 1929.'],multifieldqa_en,Answer:,,2294,0.75,84,multifieldqa_en
910c9a02ee857c1019702818b6fa2d5c25ed432d08385ba8, 48V,en,,['48V.'],multifieldqa_en,Answer:,,898,0.75,84,multifieldqa_en
2d48bbc2bd6052c5e67824752a9296cbbc26351616cd6d7e," June 1, 1999",en,,"['June 1, 1999.']",multifieldqa_en,Answer:,,2088,0.75,84,multifieldqa_en
bda4a6b251a601b7f7f956f298b59d8e99993845c1eaf7d6," Qaderi, Chishti, Naqshbandi, Suharwardi, and Madaari Orders.",en,,"['Mufti-e-Azam-e-Hind received Khilafat in the Qaderi, Chishti, Nakshbandi, Suharwardi, and Madaari Orders.']",multifieldqa_en,Answer:,,8281,0.75,84,multifieldqa_en
e84f6371f23c95f766248ac4e52b781f325f52f09c6eb9ae," Privacy concerns, skepticism that the monitoring program would work, and the possibility that taxpayers would be left with a $500,000-a-year bill to operate it.",en,,['Privacy concerns and skepticism about its effectiveness.'],multifieldqa_en,Answer:,,6048,0.75,84,multifieldqa_en
462011b6f9beb976aaf7b38082bcf7d70a91c3c74d2c6e95, Wallace,en,,['The Wallace electorate.'],multifieldqa_en,Answer:,,3597,0.75,84,multifieldqa_en
420ce59c7a0c084e938dd69dfacf59f61ac3ebbd237780c8," 30,223.",en,,"['30,223.']",multifieldqa_en,Answer:,,1856,0.75,84,multifieldqa_en
f20114170ce5bb518f17950edb4ef828d980bba0bba01077, 2013,en,,['Margaret Way started self-publishing her books as e-books in 2013.'],multifieldqa_en,Answer:,,1201,0.75,84,multifieldqa_en
94ccf4d54b36e7e9d4aa594a7bc426528630a5b8aff296a4, 23 September 2017,en,,['23 September.'],multifieldqa_en,Answer:,,3422,0.75,84,multifieldqa_en
a013f691a7063527fa4e7a4b357081c76656af3cd402a27a, Long Term Capital Management (LTCM),en,,['Long Term Capital Management (LTCM).'],multifieldqa_en,Answer:,,2091,0.75,84,multifieldqa_en
322b4b2b074049aac101086797d655a21671ef5a9f366353," The dynamical behavior of the anisotropic order parameter $m$ is well described by the Gaussian theory for all three lattice gas models studied, with $m \sim t^{1/2}$ in the short-time regime.",en,,['It is well described by the Gaussian theory.'],multifieldqa_en,Answer:,,669,0.75,84,multifieldqa_en
ee53f01eb9a44de54723ab03918b7361f2eb630a35ce7b81, At least 2×2 meters.,en,,['It is recommended to have at least a 2x2 meter space for using the VR headset.'],multifieldqa_en,Answer:,,2184,0.75,84,multifieldqa_en
f3374a1971e3cfb4f241e04b82d5016d892e9e32a4aa2b53," The PLM with decimation shows better performances than the PLM with $l_2$ regularization and a mean-field method, especially in the under-sampling regime $M<N$.",en,,['It outperforms mean-field methods and the PLM with $l_2$ regularization in terms of reconstruction error and true positive rate.'],multifieldqa_en,Answer:,,6312,0.75,84,multifieldqa_en
46a2207a7a3f6d98effa73491cf83b63f92e29e0023c6e52," Exegetical, Theological, and Homiletical.",en,,"['The three phases are exegetical, theological, and homiletical.']",multifieldqa_en,Answer:,,9437,0.75,84,multifieldqa_en
235a5c99cd7fae9e2b410ad99c1b1fafea43799d3f1138a8," February 15, 2010",en,,"['KSTP switched to a sports radio format on February 15, 2010.']",multifieldqa_en,Answer:,,1810,0.75,84,multifieldqa_en
fe952dfd723c9b88f1ed4665679b7a13987729fa1c37b0e3, RoBERTa.,en,,['The best performing model for the Spanish language in Track-1 was Spanish BERT.'],multifieldqa_en,Answer:,,2409,0.75,84,multifieldqa_en
3074f07df75f95b421d8871cb9f6448e130ad7d948b137b8, The infall rate is 2-5 times smaller and the gas density is 2-5 times smaller in the magnetized model compared to non-magnetized accretion.,en,,['Infall rate is 2-5 times smaller and gas density is 2-5 times smaller.'],multifieldqa_en,Answer:,,1045,0.75,84,multifieldqa_en
3a63a9ca3248cecdeef9f43282a5162ff154b0bcdcf4ba81, The police say they aren’t paid enough to enforce the laws in the streets.,en,,"[""Toby Schindelbeck's observation is that the police say they aren't paid enough to enforce the laws in the streets.""]",multifieldqa_en,Answer:,,6599,0.75,84,multifieldqa_en
80a04c9306d232e6327b14f03e260d28060fe12395d87e31, Peter Denning.,en,,['Peter Denning.'],multifieldqa_en,Answer:,,8784,0.75,84,multifieldqa_en
69ea47e54e2cedec193247f452f5d3bbef2566a93f1dd353, The conduction gap is strongly dependent on the direction of applied strain.,en,,"['Peaks occur at certain strain directions, while the gap is zero at others.']",multifieldqa_en,Answer:,,4334,0.75,84,multifieldqa_en
46b15f1200c46251053ec3dfa806dbdf515eb34053a5e0d1, 7 March 2023,en,,['The paper was published on 7 March 2023.'],multifieldqa_en,Answer:,,3080,0.75,84,multifieldqa_en
60c66572f28b071899547f0aa0b4a271969c3b153e96406b," V +, V 0 and V −",en,,"['The three subsets are V+, V0, and V-, determined by the Kullback-Leibler information distance.']",multifieldqa_en,Answer:,,3737,0.75,84,multifieldqa_en
0ecdb8439f1360140995c6f5f6cc99c38cebb9216d1395e4, He loses his job and the family is forced to move.,en,,"[""After attacking Jacobo at a workers' strike, Ngotho loses his job and Njoroge's family is forced to move.""]",multifieldqa_en,Answer:,,1504,0.75,84,multifieldqa_en
d5422b0fdbed42c0f1d2213edb6c7637802452e4ca7287eb," Jivani Street 2, Malatia-Sebastia District, Yerevan.",en,,"[""The club's headquarters are located on Jivani Street 2 of the Malatia-Sebastia District, Yerevan.""]",multifieldqa_en,Answer:,,812,0.75,84,multifieldqa_en
a40877e222497d3ff2efbeb1926e20600f8aac947820063c, NFPA and FPSA greatly outperform GMRES and DSA in both runtime and iteration counts for all cases.,en,,['NFPA and FPSA greatly outperform GMRES and DSA.'],multifieldqa_en,Answer:,,3996,0.75,84,multifieldqa_en
aeb6cb26b11fc386727a529761d9d233ec7ba8dea9800b0f," Technological limitations, resistance amongst some archaeologists to making their data available, cautions of exposing data to scrutiny, control over data presentation, emphasis on creating new data, and differential access to digital archiving resources.",en,,"['Technological limitations, resistance to exposing data to scrutiny, and desire to hold onto data for personal use.']",multifieldqa_en,Answer:,,6097,0.75,84,multifieldqa_en
c18fe208b75f8f5b4214e2cb17420d75bf525e176e425fc0," Physics, biology, social sciences, finance, neuroscience.",en,,"['Physics, biology, social sciences, finance, and neuroscience are some fields in which the inverse problem is encountered.']",multifieldqa_en,Answer:,,6308,0.75,84,multifieldqa_en
0da7747b164232cac911a34f6d0421028b27db0ce70e26a7, 4.5$\times$10$^{8}$ cm,en,,['4.5x10^8 cm.'],multifieldqa_en,Answer:,,7021,0.75,84,multifieldqa_en
f084724966601afea0017630eeee76cf0b65099356667bc2, VC-10 Squadron.,en,,['VC-10 Squadron.'],multifieldqa_en,Answer:,,2295,0.75,84,multifieldqa_en
4ad542cf320f1c01a4bce92a59628789784cf9722d7d476c," The bigger the receptive field size, the more complete shapes can be reconstructed using DSP.",en,,['Bigger receptive field size leads to more successful shape completion.'],multifieldqa_en,Answer:,,5241,0.75,84,multifieldqa_en
7d9bc0ed11dfc39ab91980d15a95fcd9f5902d25f85ec436," The interlayer Berry connection polarizability is a band geometric quantity that measures the k-space curl of the interlayer Berry connection, and it is a characteristic of layer-hybridized electronic states, which is essential for the crossed nonlinear dynamical Hall effect.",en,,['The momentum space curl of the interlayer Berry connection polarizability generates the crossed nonlinear dynamical Hall effect.'],multifieldqa_en,Answer:,,3508,0.75,84,multifieldqa_en
13b04172d2261a0c9545a0e3670c1c43105ccab41ce1a726, Yes.,en,,"['Yes, the denoiser works for non-Clifford local noise channels.']",multifieldqa_en,Answer:,,5389,0.75,84,multifieldqa_en
60b19bbfd875f79ca168f6db761d192ab710f9b5f395de89," Legacies of Losing in American Politics, with Nicole Mellow (University of Chicago Press, Fall 2017), and an expanded edition of The Rhetorical Presidency (Princeton Classics, Fall 2017).",en,,['Legacies of Losing in American Politics and an expanded edition of The Rhetorical Presidency in the Princeton Classics series.'],multifieldqa_en,Answer:,,5306,0.75,84,multifieldqa_en
690d6407b1ef9f8d373370bbcb02f7ecf198379774101140," A media application determines the context of an event by using a content-recognition module or algorithm, which may use object recognition techniques, speech recognition, and/or natural language processing to identify the objects, people, and actions in the media asset, and to determine the relationships between them.",en,,['It uses a content-recognition module or algorithm.'],multifieldqa_en,Answer:,,5567,0.75,84,multifieldqa_en
edbbdb9727c3a51310d24895d08c5a90673cb9d514770878," 
1. Gene transfer to hemophilia A mice via oral delivery of chitosan-DNA nanoparticles (2003) 
2. Gene transfer to hemophilia A mice via oral delivery of chitosan-DNA nanoparticles (2003) 
3. Gene transfer to hemophilia A mice via oral delivery of chitosan-DNA nanoparticles (2003) 
4. Gene transfer to hemophilia A mice via oral",en,,['Sustained viral gene delivery through core-shell fibers and Gene transfer to hemophilia A mice via oral delivery of FVIII-chitosan nanoparticles.'],multifieldqa_en,Answer:,,2345,0.75,84,multifieldqa_en
c4f2dfb06f56a185067d2f147c4d846aa0b895f1968eda12, FC Banants.,en,,['FC Banants.'],multifieldqa_en,Answer:,,818,0.75,84,multifieldqa_en
ac42a5a54b029a05be6e6e13d9001a81761d7b40ad1edfe2, There seems to be no margin of safety for women with high fish consumption unless they reduce their consumption of certain fish species.,en,,['The conclusion was that fruit consumption may provide a protective effect for mercury exposure in Amazonian riparians.'],multifieldqa_en,Answer:,,3247,0.75,84,multifieldqa_en
a9f124fabc341d61e359af8e8badf79dd63a97896c28842e," The scoring engine generates a stream of content for the channel by comparing candidate content items to a model generated by the model generation engine, scoring the candidate content items, and then generating the stream of content based on the scores for each candidate content item.",en,,['By comparing candidate content items to a model and scoring them.'],multifieldqa_en,Answer:,,9607,0.75,84,multifieldqa_en
8e79ff617e6cfd373020194ce4cb84531a6aec6ab7e6cfc2, 2013–2014.,en,,['In the 2013-2014 season.'],multifieldqa_en,Answer:,,821,0.75,84,multifieldqa_en
f01044ae4abc16064872421a7dc9b21c98dc2bb4f4b5351a, More than 120 novels.,en,,['Margaret Way wrote more than 120 novels.'],multifieldqa_en,Answer:,,1195,0.75,84,multifieldqa_en
394cb48c037481d97cdf1dbd7adef475061b9e77235842e2," The proposed approach is to approximate the posterior distribution with an isotropic Gaussian distribution, which leads to a linear-complexity LMS-like algorithm.",en,,['This research paper proposed an approach based on approximating the posterior distribution with an isotropic Gaussian distribution.'],multifieldqa_en,Answer:,,2556,0.75,84,multifieldqa_en
dffb383ee06d8413ac40e2c1ec7bde5548ef07fc8f35ad2f, Yes.,en,,"['Yes, DUO has 9.57 instances per image while COCO contains 7.7.']",multifieldqa_en,Answer:,,2619,0.75,84,multifieldqa_en
ad753e5807afddae5d0a133de86b5224cb074edfcc9477bf," Anemia, bruising, nosebleeds, bleeding of the gums, and heavy menstrual bleeding in women.",en,,"['Symptoms of vitamin K deficiency include anemia, bruising, nosebleeds, bleeding of the gums, and heavy menstrual bleeding in women.']",multifieldqa_en,Answer:,,7146,0.75,84,multifieldqa_en
2646315b4135b08675c4ab2110dc544058659b9b6aab4752, 172,en,,['172.'],multifieldqa_en,Answer:,,6956,0.75,84,multifieldqa_en
c60792f391b389a1c44b0a8f62f4a792d9ed82286b1b7f95, Mobile device management (MDM) is referred to as a policy tool to configure and manage mobile handheld devices.,en,,['Centralized control of mobile devices and applications.'],multifieldqa_en,Answer:,,6706,0.75,84,multifieldqa_en
635ad5e3696e0d297f3ea8909d42975a5c1eb49a7f4a8466," BERT, RoBERTa, XLM-RoBERTa, ELECTRA, GPT-2.",en,,"['BERT, RoBERTa, ELECTRA, GPT-2, and XLM-RoBERTa.']",multifieldqa_en,Answer:,,2397,0.75,84,multifieldqa_en
25d54c0a145838996b56def82126f35b3fabe3e100d10fc0," Hosting Subscriber may not use Broadjam's servers or Hosting Subscriber's Website as a source, intermediary, or destination for a network or device that has been convicted of a felony or misdemeanor involving fraud or theft.",en,,['No excessive overloading and no use for illegal activity.'],multifieldqa_en,Answer:,,10003,0.75,84,multifieldqa_en
5a18017502d827b72fc74d91f13f6f14193b4964c3420e47," The vacuum processing system is configured with a plurality of vacuum processing apparatus arranged in parallel, with all the vacuum processing chambers of the apparatus arranged in alignment.",en,,['Multiple vacuum processing apparatuses are arranged in parallel.'],multifieldqa_en,Answer:,,2355,0.75,84,multifieldqa_en
238c4efe738cecd8346abfdc57707996aef30f9b43d1a577, 21,en,,['21.'],multifieldqa_en,Answer:,,2103,0.75,84,multifieldqa_en
583c9765ccee578fbc4e86090b48ca54163aa00fd5911cfe, 1425 $\mu_{B}$.,en,,['1425 $\\mu_{B}$.'],multifieldqa_en,Answer:,,5906,0.75,84,multifieldqa_en
b41aef2d0475f46a78a3168c6c8a614170975f82507cf2e4," Nothing can give a solid proof of the existence of heaven and hell, yet, nothing can disprove it either.",en,,['Unknown.'],multifieldqa_en,Answer:,,2490,0.75,84,multifieldqa_en
d2a588e420083f151239e660bd47ec0cad9732ec308ab9bc, Never.,en,,['August 25.'],multifieldqa_en,Answer:,,10337,0.75,84,multifieldqa_en
0e9a32e0989483442381f0195e620fea8c5538e42f130bdb," The benefits of using binary variables in the SLAS formulation include reducing the computational complexity of the optimization problem, improving the efficiency of the algorithm, and enabling the use of optimization warm start technique and lazy constraint implementation.",en,,['Reduced computational complexity.'],multifieldqa_en,Answer:,,5466,0.75,84,multifieldqa_en
ec016e90ac78727f3c4aa176db472724bda53c07cb8cb696, QuecPython 社区或者联系我们的在线支持：QQ 群 445121768,en,,"['Online documentation, QuecPython community, online support: QQ group 445121768.']",multifieldqa_en,Answer:,,682,0.75,84,multifieldqa_en
d427e3ab7584a0e253bfb6a9d76626b726c79b57d5e39f2a," Severe anemia that begins even before birth, fluid accumulation in the body, growth restriction, and death shortly after birth.",en,,['Severe anemia that begins even before birth.'],multifieldqa_en,Answer:,,6102,0.75,84,multifieldqa_en
67dd297408f3d52f22ede88df0b62644dac86da77f009e71, October 2001,en,,['October 2001.'],multifieldqa_en,Answer:,,3590,0.75,84,multifieldqa_en
7d357dddfddb09bf71c6ce3d2c6780b3380d725f534d0b91," Smartphones are far more compact and power-constrained, with a limited power budget of around 1W, whereas tablets have a much larger power budget, up to 4W.",en,,['Smartphones are more compact and power constrained.'],multifieldqa_en,Answer:,,7568,0.75,84,multifieldqa_en
6ee1971ac8c7c0ee4a5add9ec201557d28d3c2f66b176fb4," Spending cuts, policy riders, such as regulating greenhouse gases and abortion.",en,,['The sticking point in the political showdown over the budget is how much spending to cut.'],multifieldqa_en,Answer:,,7321,0.75,84,multifieldqa_en
a8da0d2585bb54d571a2ab4a539b61eef56b5e271692be42, The Director of Town and Country Planning.,en,,['The Director of Town and Country Planning is responsible for carrying out the functions assigned under the act.'],multifieldqa_en,Answer:,,6958,0.75,84,multifieldqa_en
47b9dbb6d85243ffdaf6d95e842986b30d49d95913f21b6a, The framework employs a propagator in the latent space to capture the reduced-order dynamics of the system.,en,,['By using a propagator in the latent space.'],multifieldqa_en,Answer:,,3083,0.75,84,multifieldqa_en
3c8e9fef2eae8f49aae38b7314a3425b99c3ca8b051e8293, Keep deploying and harvesting your bases.,en,,['Keep deploying and harvesting your bases to earn experience points and level up quickly.'],multifieldqa_en,Answer:,,6594,0.75,84,multifieldqa_en
7f8fc6a04f8be9000b41098aa0f8d7fbfd42e2aa43bf7997," The electron correlation parameter, $\Gamma_e$, is defined as the ratio of the average unscreened electron-electron potential energy to the electron kinetic energy, and is given by the equation $\Gamma_e = \frac{e^2}{4\pi \epsilon_0 a_{ws}}\frac{1}{k_B T_e}$.",en,,['It is the ratio of the average unscreened electron-electron potential energy to kinetic energy.'],multifieldqa_en,Answer:,,5086,0.75,84,multifieldqa_en
c677827fc67e60c6396dceb5c4194aaba925aa1c61ad7115, Pressing ‘SKIP’.,en,,"[""Players can skip dialogue on the quest map by pressing the 'SKIP' button.""]",multifieldqa_en,Answer:,,6743,0.75,84,multifieldqa_en
622b577978afc1346c315f98a18678c8e6d5ccbf82511f74, 4 years.,en,,['Four years.'],multifieldqa_en,Answer:,,1802,0.75,84,multifieldqa_en
8d72c6709ee1da38a65cdfb4f9d90e7348fd8e356c0a8165, C-295,en,,['The IAF is considering the acquisition of the Airbus A330 MRTT (Multi-Role Tanker Transport) besides the Boeing C-17.'],multifieldqa_en,Answer:,,5660,0.75,84,multifieldqa_en
45e06726b160cfb851e2179017f90e37f4f4dec62f346e33, Permanent yellow spot damage on the screen.,en,,['Exposure to sunlight or strong light may cause permanent yellow spot damage on the screen.'],multifieldqa_en,Answer:,,2188,0.75,84,multifieldqa_en
6065487485ac8c59b14aeb4bfb6c0cc1c26203d0ab1d3b1b, Because the lady he is renting a room from smokes and he wants to avoid the second-hand smoke.,en,,['Because his roommate smokes.'],multifieldqa_en,Answer:,,8501,0.75,84,multifieldqa_en
c39f97567cff21a8591f02117632ea71e7b566f65d2d62ab," An ALPHABETICAL LIST OF THE NAMES and PLACES of ABODE of the MERCHANTS and PRINCIPAL TRADERS of the Cities of LONDON and WESTMINSTER, the Borough of SOUTH-WARK, and their ENVIRONS, with the NUMBER affixed to each HOUSE.",en,,"['An alphabetical list of names and places of abode of the merchants and principal traders of the cities of London and Westminster, the Borough of Southwark, and their environs, with the number affixed to each house.']",multifieldqa_en,Answer:,,6567,0.75,84,multifieldqa_en
ae5a3edc1bc76fee6fa1aa6557e83bc3cfea0c190763ecce, It becomes a bit less.,en,,"[""It becomes a bit less so that what's off to the left or right can be better noted.""]",multifieldqa_en,Answer:,,10325,0.75,84,multifieldqa_en
7e9ba2f426e81faad004a9aba93c714af689ed705e544d22," They are asking him to appoint a blue ribbon commission to conduct research and develop a management plan for Whalebone Cove, and to deny or defer approval on any applications for new docks in the Cove until the management plan can be developed and implemented.",en,,['Appointing a blue ribbon commission to conduct the research and develop the management plan and denying or defering approval on any applications for new docks in the Cove until the management plan can be developed and implemented.'],multifieldqa_en,Answer:,,6819,0.75,84,multifieldqa_en
b16c38bf627891a3bf60ee57f9f3c2f5730f4ea3a0f44b0e, Power-law functions.,en,,['Power-law functions.'],multifieldqa_en,Answer:,,6766,0.75,84,multifieldqa_en
101225d103936ad083c5da47c3dce73ce569b62cbaa093bd," 
f′(x)  = 
\begin{cases} 
\frac{6x^2-2}{3x^2} & \mbox{if } x \neq 0 \\ 
0 & \mbox{if } x = 0 
\end{cases}",en,,"['It depends on the value of x, either 0 or (6x^2cos(x^2)+sin(x^2))/(3(x^2)^(1/3)).']",multifieldqa_en,Answer:,,1762,0.75,84,multifieldqa_en
c93a8eb62278ce7c575ba542b2bcd5e610fa15035906463c, The John F. Kennedy Profiles in Courage Award,en,,"['In 2009, Brooksley Born received the John F. Kennedy Profiles in Courage Award.']",multifieldqa_en,Answer:,,2054,0.75,84,multifieldqa_en
37dfd65b9a8316b9569875b8bcfc5a8bd65e044a88b2e894," Nonlinear system vibration problems, specifically computing transient responses of nonlinear systems under arbitrary irregular excitations.",en,,['The paper aims to solve nonlinear system vibration problems efficiently.'],multifieldqa_en,Answer:,,5225,0.75,84,multifieldqa_en
92bf77fcae3c753b768f1289eeb1e899fc8e75a14509a5f9, Fuller's Ranch,en,,"[""The first white settlement in McPherson County was Fuller's Ranch, established by Charles O. Fuller.""]",multifieldqa_en,Answer:,,1865,0.75,84,multifieldqa_en
73b9b4130b4a4931bed5ea7e24331ce61b59271eac6c6c01, The normalized least mean square (NLMS) algorithm.,en,,['The normalized least mean square (NLMS) algorithm.'],multifieldqa_en,Answer:,,2008,0.75,84,multifieldqa_en
f1b59c798ab323ea8409ba09709de506bd83699885ce61a5," Accounting for path preference consistently improves performance compared with the goal-only baseline, and allows the robot to leverage the human's latest observations and reach the goal successfully.",en,,['The belief entropy decreases more steadily.'],multifieldqa_en,Answer:,,5655,0.75,84,multifieldqa_en
59a29a109088d9bd027b8fb77c20871684aa5069abec8e20, An open-shell π-diradical state and a closed-shell state.,en,,['Open-shell π-diradical state and closed-shell state with a para-quinodimethane moiety.'],multifieldqa_en,Answer:,,5514,0.75,84,multifieldqa_en
4d6cd243b10a8460d2e2239182b797420ccc36335a74d23e, The main focus of the research paper is to determine the nuclear liquid-gas transition in the strong coupling regime of lattice QCD.,en,,['Nuclear liquid-gas transition in lattice QCD.'],multifieldqa_en,Answer:,,4017,0.75,84,multifieldqa_en
5914446861ce8a3d0d9204dfc9d41edd747de735c3c3fc36, γh,en,,['γh.'],multifieldqa_en,Answer:,,5646,0.75,84,multifieldqa_en
dee63735510f6958f4c5bf318421c9b9fac0bc8b3e341a4a, There is no information about Ralph Rokebye's brother in the given text.,en,,['Sir Richard.'],multifieldqa_en,Answer:,,2952,0.75,84,multifieldqa_en
df53ff06fbc99dbae6bfe13a946420321d4542480eeb56f3," According to the globin that is affected, hence the names alpha and beta thalassemia.",en,,['According to the globin that is affected (alpha or beta).'],multifieldqa_en,Answer:,,6101,0.75,84,multifieldqa_en
ce720011515773e6bd7b4b355c52a7215ad2920f18a1ec14, McPherson.,en,,['McPherson.'],multifieldqa_en,Answer:,,1852,0.75,84,multifieldqa_en
4c9131da4fb2a9dbc8dadce39d20bdc302a092b5740c414a, 1870,en,,['McPherson County was established as a county in 1867.'],multifieldqa_en,Answer:,,1860,0.75,84,multifieldqa_en
c6eba7d0323b89bbdb0fbad233543848add08dcbfcbd875b, 1. 使用安装包安装即可。 2. 打开程序后，会显示一个界面。 3. 点击“设置”，配置参数。 4. 点击“启动”，Ganache会在本机运行一个以太坊私有网络。,en,,['使用安装包安装Ganache；打开程序，用户可以从显示的界面中查看账户、区块、交易和日志；点击“设置”，用户可以设置绑定的ip和端口、账户数量以及gas限制等，点击“restart”后设置生效。此时，Ganache已经在本机运行了一个以太坊私有网络，并绑定了8545端口。.'],multifieldqa_en,Answer:,,505,0.75,84,multifieldqa_en
425c85c840db6f65192aa477d41c9c18a60a4ccaf0e1e6df," Decorrelating the data before running the PLS algorithm improves its performance, especially for dependent observations.",en,,['Decorrelating the data before running the PLS algorithm improves the performance of the algorithm.'],multifieldqa_en,Answer:,,8232,0.75,84,multifieldqa_en
2d0e8d88c8dcd187eb0590fb072f6a69bd774c9aa029246b, Coupled Generalized Dynamic Bayesian Network (C-GDBN),en,,['The generative interactive model used in the method is called the Coupled Generalized Dynamic Bayesian Network (C-GDBN).'],multifieldqa_en,Answer:,,4482,0.75,84,multifieldqa_en
f9b9a553107eed5b994a9aaf07e8ccac487feaa8ff108ec6," Memory nanodots, nanochannels for spin injection, and silicon compatible room temperature operational devices.",en,,"['Spin injection into non magnetic semiconductors, or electrical manipulation of carrier induced magnetism in magnetic semiconductors.']",multifieldqa_en,Answer:,,5917,0.75,84,multifieldqa_en
f9e0095ae38b9c36aac766c4b82f41be5b7560ce8e544675, 62,en,,['62.'],multifieldqa_en,Answer:,,5970,0.75,84,multifieldqa_en
229b5bf2402ae2950c72494dcfd5f1c825c396205b49ca50, 1766,en,,['1766.'],multifieldqa_en,Answer:,,6539,0.75,84,multifieldqa_en
40a85211345155859f3d2f7268da928f516a65ac6f8c6e08, Iraq and the US military presence in Iraq.,en,,"[""The main topic of the text is Iraq's politics and current situation.""]",multifieldqa_en,Answer:,,4468,0.75,84,multifieldqa_en
6b35731428ea6d9b480338b90572d21690c2fbb89ebba249, SNNs could serve as promising candidates to better model and explain the functional hierarchy and mechanisms of the visual system.,en,,['SNNs have the potential to better model and explain the functional hierarchy and mechanisms of the visual system.'],multifieldqa_en,Answer:,,5588,0.75,84,multifieldqa_en
73debbba53d5848cdc1e726c047bb0b82c5730d747fa710c, Deputy Prime Minister and Minister of Finance.,en,,['He became deputy prime minister and minister of finance.'],multifieldqa_en,Answer:,,3602,0.75,84,multifieldqa_en
c6d0de0391867185e00e945075301d33fc1c5c05d2a7d082, 85.61%,en,,['85.61%.'],multifieldqa_en,Answer:,,2395,0.75,84,multifieldqa_en
110688fd7522324ef26cbf3ec4f4b7ab29aa0b687aa1ade5," In the shock compression stage (t < 0.03), the effect of specific-heat ratio contributes little to the average motion. However, when the shock wave passes through the bubble (t > 0.03), a larger specific-heat ratio speeds up the average motion of the bubbles.",en,,['The specific-heat ratio affects the average motion of the bubble. The bubbles with smaller specific-heat ratios have slower average motion.'],multifieldqa_en,Answer:,,8366,0.75,84,multifieldqa_en
71902c8027dca26b265f12709ec21224b5abe8b9ef5750fd, McPherson County is located in the U.S. state of Kansas.,en,,['McPherson County is located in the U.S. state of Kansas.'],multifieldqa_en,Answer:,,1853,0.75,84,multifieldqa_en
22034e095a602824678c4028e6f605919ce520270dc06089," $O (t, L_{\perp}) = L_{\perp}^{-\beta/\nu} \tilde{f}_O (t L_{\perp}^{-z})$",en,,"['O(t, L_{\\parallel}; S_\\Delta) = L_{\\parallel}^{-\\beta/[\\nu(1+\\Delta)]} \\tilde f_O(t/L_{\\parallel}^{z/(1+\\Delta)}; S_\\Delta).']",multifieldqa_en,Answer:,,663,0.75,84,multifieldqa_en
cd0ecda68ad8031330b971fbfdd3794916e815109f004d3b, The relationships are different for unstandardised CPUE (individuals per set) and standardised CPUE (individuals per 100 hooks per set).,en,,['The relationships between catch per set and fishing behavior variables differ when comparing unstandardized CPUE and standardized CPUE.'],multifieldqa_en,Answer:,,6133,0.75,84,multifieldqa_en
fc1544761460f97af3a338bbf3e3c648c00ec27b8b297069, Romance novels and women's fiction.,en,,"[""Romance novels and women's fiction.""]",multifieldqa_en,Answer:,,1193,0.75,84,multifieldqa_en
2914f0d14be47681d3c23b975c5bdadf23943ddd2bdd99d5, No.,en,,['No.'],multifieldqa_en,Answer:,,6839,0.75,84,multifieldqa_en
b321c147c0e0a8a35ee8738ad89326ecad1509bf591b4233, URPC2017 and URPC2018 are most often used for research.,en,,"['URPC2017, URPC2018, URPC2019, URPC2020_ZJ and URPC2020_DL.']",multifieldqa_en,Answer:,,2616,0.75,84,multifieldqa_en
56514cd4cf8dac4f9081927e3ffaaca1ff1231198b7b16e9, The research opportunity is a study on the effects of Brazilian Jiu Jitsu and psychotherapy on helping people with autism develop subjective awareness of others.,en,,['A study on the effects of Brazilian Jiu Jitsu and psychotherapy on people with autism.'],multifieldqa_en,Answer:,,8511,0.75,84,multifieldqa_en
